Target_genes	Kdm6b|Average	SRX2957424|32D_Clone_3	SRX621429|CD4+_T_cells	SRX621431|CD4+_T_cells	SRX621433|CD4+_T_cells	SRX621435|CD4+_T_cells	SRX130599|Embryonic_brains	SRX149696|Embryonic_brains	SRX335062|ES_cells	SRX335063|ES_cells	SRX012918|Macrophages	SRX187244|Th17_Cells	STRING
Tmx4	339.545455	0	1329	0	302	0	1680	424	0	0	0	0	0
Rita1	330.818182	0	926	0	223	0	564	1926	0	0	0	0	0
Ddx54	330.818182	0	926	0	223	0	564	1926	0	0	0	0	0
Mlst8	330.090909	0	1939	0	387	0	224	1081	0	0	0	0	0
Chaf1b	324.363636	0	941	0	243	0	2384	0	0	0	0	0	0
Phrf1	320.272727	0	1511	0	357	0	134	1521	0	0	0	0	0
Slc38a10	311.727273	0	1023	0	373	0	1905	128	0	0	0	0	0
Pip5k1c	310.000000	0	1020	0	203	0	1011	1176	0	0	0	0	0
Nolc1	307.909091	0	1477	0	478	0	1180	252	0	0	0	0	0
Asmt	305.181818	466	337	165	292	89	168	234	375	627	219	385	0
Brat1	304.909091	0	1173	0	310	0	846	1025	0	0	0	0	0
Ptcd3	303.545455	0	1620	0	651	0	133	935	0	0	0	0	0
Polr1a	303.545455	0	1620	0	651	0	133	935	0	0	0	0	0
Plrg1	297.818182	0	1588	0	380	0	1308	0	0	0	0	0	0
Fzr1	297.363636	0	853	0	146	0	2139	133	0	0	0	0	0
Snupn	296.636364	0	1658	0	434	0	1012	159	0	0	0	0	0
Zdhhc20	294.727273	0	1239	0	235	0	1665	103	0	0	0	0	0
Nabp1	293.909091	0	948	0	310	0	1415	266	0	0	0	294	0
Dhdds	293.090909	0	1739	0	516	0	818	151	0	0	0	0	0
Tmub2	293.000000	0	1433	0	467	0	1131	192	0	0	0	0	0
Nup107	288.636364	0	1367	0	462	0	1169	177	0	0	0	0	0
Dhcr7	286.272727	0	1619	0	553	0	780	197	0	0	0	0	0
Sspn	285.454545	0	328	1241	393	247	123	174	0	0	0	634	0
Asb1	281.818182	0	1311	0	299	0	1253	237	0	0	0	0	0
Slc19a2	281.454545	0	1319	0	392	0	1385	0	0	0	0	0	0
Zbtb37	280.909091	0	951	0	368	0	1242	391	0	0	0	138	0
Med24	280.818182	0	2191	0	898	0	0	0	0	0	0	0	0
Golph3l	279.818182	0	1712	0	940	0	198	228	0	0	0	0	0
Nmt1	279.181818	0	2122	0	748	0	201	0	0	0	0	0	0
Wdr61	279.090909	0	1819	0	501	0	478	272	0	0	0	0	0
Fus	278.818182	0	1039	0	359	0	108	1402	0	0	0	159	0
Atp7b	278.545455	0	1617	0	756	0	470	221	0	0	0	0	0
Alg11	278.545455	0	1617	0	756	0	470	221	0	0	0	0	0
Crebzf	277.909091	0	707	236	119	0	198	108	439	395	386	469	0
Yars	277.545455	0	1120	0	190	0	1488	255	0	0	0	0	0
S100pbp	277.545455	0	1120	0	190	0	1488	255	0	0	0	0	0
Inpp5k	277.000000	0	1509	0	386	0	929	223	0	0	0	0	0
Bsdc1	276.909091	0	1515	0	224	0	1034	273	0	0	0	0	0
Prrg2	276.181818	0	1919	0	682	0	292	145	0	0	0	0	0
Nosip	276.181818	0	1919	0	682	0	292	145	0	0	0	0	0
Eloa	275.636364	0	770	0	332	0	1718	212	0	0	0	0	0
Arhgap19	275.636364	0	1517	0	265	0	997	253	0	0	0	0	0
Fancl	275.181818	0	2109	0	703	0	86	129	0	0	0	0	0
Hjurp	273.272727	0	1497	0	468	0	558	483	0	0	0	0	0
A730008H23Rik	273.272727	0	1497	0	468	0	558	483	0	0	0	0	0
Calcoco1	273.000000	0	1521	0	567	0	915	0	0	0	0	0	0
Tcp11l2	272.545455	0	1025	0	471	0	148	1354	0	0	0	0	0
Ndufv3	271.909091	0	1443	0	256	0	1151	141	0	0	0	0	0
Creb3l2	271.181818	0	1515	0	409	0	948	111	0	0	0	0	0
Gm5165	271.000000	0	1522	0	839	0	388	232	0	0	0	0	0
Rab3gap1	270.636364	0	1801	0	441	0	541	194	0	0	0	0	0
Tbc1d23	270.181818	0	1343	0	214	0	1183	232	0	0	0	0	0
Xpc	268.818182	0	1131	0	336	0	1337	153	0	0	0	0	0
Lsm3	268.818182	0	1131	0	336	0	1337	153	0	0	0	0	0
Slc8b1	267.545455	0	1114	0	242	0	1587	0	0	0	0	0	0
Thg1l	265.363636	0	2179	0	378	0	0	362	0	0	0	0	0
Scfd1	263.818182	0	1628	0	895	0	190	189	0	0	0	0	0
Tpp1	263.727273	0	1934	0	679	0	146	142	0	0	0	0	0
Tnfaip8	263.545455	0	826	0	345	0	1622	106	0	0	0	0	0
Cdk5rap3	263.363636	0	1533	0	295	0	911	158	0	0	0	0	0
Tbc1d14	263.181818	0	1539	0	250	0	932	174	0	0	0	0	0
Flcn	263.181818	0	1188	0	286	0	0	1421	0	0	0	0	0
Ctr9	263.181818	0	1522	0	379	0	863	131	0	0	0	0	0
Fdps	263.000000	0	1584	0	531	0	633	145	0	0	0	0	0
Riok2	262.818182	0	1533	0	916	0	143	299	0	0	0	0	0
Actr6	262.181818	0	1802	0	643	0	234	205	0	0	0	0	0
Uqcrh	261.818182	0	992	0	326	0	0	1562	0	0	0	0	0
Lrrc41	261.818182	0	992	0	326	0	0	1562	0	0	0	0	0
Pot1b	261.181818	0	1708	0	895	0	121	149	0	0	0	0	0
Cmc2	260.545455	0	1339	0	376	0	103	1048	0	0	0	0	0
Cenpn	260.545455	0	1339	0	376	0	103	1048	0	0	0	0	0
Rgs2	260.454545	0	1351	0	544	0	553	417	0	0	0	0	0
Rrm1	260.090909	0	1799	0	595	0	250	217	0	0	0	0	0
Oasl1	260.000000	407	401	221	336	0	0	149	443	612	104	187	0
Abhd17a	260.000000	0	1021	0	115	0	1566	158	0	0	0	0	0
Cenpu	259.818182	0	1167	0	272	0	811	608	0	0	0	0	0
Ncapg	259.636364	0	1066	0	306	0	1368	116	0	0	0	0	0
Stk32c	259.181818	0	1569	0	243	0	715	324	0	0	0	0	0
Lrrc27	259.181818	0	1569	0	243	0	715	324	0	0	0	0	0
Pcnx4	258.545455	0	1439	0	316	0	873	216	0	0	0	0	0
Pdhx	258.454545	0	1291	0	429	0	979	144	0	0	0	0	0
Apip	258.454545	0	1291	0	429	0	979	144	0	0	0	0	0
Alg14	258.000000	0	1628	0	551	0	463	196	0	0	0	0	0
Zfp955b	257.363636	0	1705	0	691	0	255	180	0	0	0	0	0
Copg1	257.363636	0	1436	0	467	0	744	184	0	0	0	0	0
Mtrf1	256.727273	0	1924	0	787	0	0	113	0	0	0	0	0
Nsun6	256.545455	0	1613	0	693	0	390	126	0	0	0	0	0
Pex10	256.454545	0	1235	0	210	0	1376	0	0	0	0	0	0
Ube4a	256.363636	0	1695	0	672	0	121	332	0	0	0	0	0
AU022252	256.363636	0	978	0	314	0	1365	163	0	0	0	0	0
Coa7	256.000000	0	1638	0	398	0	497	283	0	0	0	0	0
Tpst2	255.909091	0	910	0	166	0	1574	165	0	0	0	0	0
Dnpep	255.909091	0	1085	0	208	0	1332	190	0	0	0	0	0
9430038I01Rik	255.727273	0	1634	0	525	0	654	0	0	0	0	0	0
Inpp5f	255.454545	0	1102	0	207	0	1387	114	0	0	0	0	0
Gcdh	255.090909	0	1008	0	243	0	1326	229	0	0	0	0	0
Eif4ebp2	254.454545	0	1216	0	400	0	1183	0	0	0	0	0	0
Chmp5	253.363636	0	1321	0	464	0	908	94	0	0	0	0	0
Bag1	253.363636	0	1321	0	464	0	908	94	0	0	0	0	0
Cdc34	253.272727	0	898	0	189	0	1593	106	0	0	0	0	0
Xrcc5	252.818182	0	1615	0	594	0	371	201	0	0	0	0	0
Gxylt1	252.818182	0	1218	0	404	0	1159	0	0	0	0	0	0
Pip4k2b	252.636364	0	1032	0	322	0	1055	370	0	0	0	0	0
Ctnnbl1	252.636364	0	1728	0	434	0	426	191	0	0	0	0	0
Dars	251.545455	0	1171	0	391	0	994	211	0	0	0	0	0
Psmc6	251.272727	0	1574	0	646	0	544	0	0	0	0	0	0
Fam227a	250.454545	0	1447	0	339	0	0	969	0	0	0	0	0
Cby1	250.454545	0	1447	0	339	0	0	969	0	0	0	0	0
Gm51425	250.272727	0	1610	0	806	0	223	114	0	0	0	0	0
Mterf2	250.181818	0	1865	0	525	0	237	125	0	0	0	0	0
Bsg	249.818182	0	1519	0	259	0	832	138	0	0	0	0	0
Adss	249.727273	0	1045	0	383	0	1196	123	0	0	0	0	0
Map2k1	249.636364	0	1055	0	329	0	1236	126	0	0	0	0	0
Cln8	249.181818	0	1092	0	292	0	121	1236	0	0	0	0	0
Mrps17	248.909091	0	1776	0	484	0	338	140	0	0	0	0	0
Gins4	248.909091	0	1322	0	239	0	1075	102	0	0	0	0	0
Gale	248.909091	0	1285	0	205	0	1177	71	0	0	0	0	0
Cep85	248.727273	0	1341	0	230	0	981	184	0	0	0	0	0
Slc38a7	248.545455	0	1511	0	600	0	217	406	0	0	0	0	0
Ap3d1	247.909091	0	914	0	135	0	1502	176	0	0	0	0	0
Wdr20	247.818182	0	1274	0	626	0	726	100	0	0	0	0	0
Tmem126b	247.727273	0	993	0	552	0	1010	170	0	0	0	0	0
Pole3	247.090909	0	1485	0	399	0	402	432	0	0	0	0	0
4933430I17Rik	247.090909	0	1485	0	399	0	402	432	0	0	0	0	0
Acp2	246.818182	0	1729	0	572	0	273	141	0	0	0	0	0
Mfn2	246.636364	0	1715	0	236	0	131	631	0	0	0	0	0
Dnm1l	246.636364	0	1722	0	720	0	0	271	0	0	0	0	0
Arhgap29	246.454545	0	1157	0	355	0	1113	86	0	0	0	0	0
Atg101	246.272727	0	1455	0	255	0	111	888	0	0	0	0	0
Tet2	245.909091	0	1133	0	500	0	1072	0	0	0	0	0	0
Lipe	245.909091	0	1365	0	328	0	517	84	178	233	0	0	0
Ngdn	245.636364	0	1290	0	421	0	782	209	0	0	0	0	0
Mrtfa	245.545455	0	1231	0	468	0	740	262	0	0	0	0	0
Map2k4	245.545455	0	461	0	267	0	1844	129	0	0	0	0	0
Marchf2	245.090909	0	1304	0	363	0	900	129	0	0	0	0	0
Smarcal1	244.818182	0	1614	0	495	0	237	347	0	0	0	0	0
Mterf1a	244.818182	0	1615	0	637	0	192	249	0	0	0	0	0
Angel1	244.727273	0	1117	0	160	0	1288	127	0	0	0	0	0
Rpl3	244.636364	0	1004	0	473	0	625	476	0	0	0	113	0
Trappc9	244.272727	0	1027	0	143	0	1342	175	0	0	0	0	0
Mrps14	244.272727	0	1711	0	433	0	361	182	0	0	0	0	0
Ints4	244.181818	0	1439	0	406	0	648	193	0	0	0	0	0
Birc5	244.090909	0	1198	0	226	0	1101	160	0	0	0	0	0
Kptn	243.909091	0	1920	0	419	0	139	205	0	0	0	0	0
Psma2	243.727273	0	1506	0	657	0	381	137	0	0	0	0	0
Mrpl32	243.727273	0	1506	0	657	0	381	137	0	0	0	0	0
Mrpl48	243.181818	0	2047	0	520	0	0	0	0	0	0	108	0
Egf	243.090909	0	1892	0	535	0	86	161	0	0	0	0	0
Napepld	243.000000	0	1393	0	309	0	767	204	0	0	0	0	0
Cdc42se2	242.818182	0	980	0	335	0	1211	145	0	0	0	0	0
Hip1	242.545455	0	1451	0	204	0	870	143	0	0	0	0	0
Mien1	242.181818	0	1399	0	286	0	732	247	0	0	0	0	0
Dhrs7b	242.090909	0	1887	0	595	0	0	181	0	0	0	0	0
Thnsl1	242.000000	0	1495	0	457	0	624	86	0	0	0	0	0
Enkur	242.000000	0	1495	0	457	0	624	86	0	0	0	0	0
Yju2	241.909091	0	2083	0	384	0	0	194	0	0	0	0	0
Ghdc	241.909091	0	1421	0	320	0	920	0	0	0	0	0	0
Pold1	241.727273	0	1201	0	214	0	1113	131	0	0	0	0	0
Ccdc174	241.363636	0	1652	0	764	0	138	101	0	0	0	0	0
Spout1	240.818182	0	1351	0	268	0	775	255	0	0	0	0	0
Os9	240.545455	0	1515	0	356	0	693	82	0	0	0	0	0
Zfp97	240.363636	0	1554	0	829	0	123	138	0	0	0	0	0
Copg2	240.363636	0	1274	0	239	0	940	191	0	0	0	0	0
Krr1	240.181818	0	1581	0	538	0	412	111	0	0	0	0	0
Bet1	240.181818	0	1627	0	610	0	195	210	0	0	0	0	0
Ebag9	240.090909	0	1090	0	224	0	1140	187	0	0	0	0	0
Dctpp1	240.090909	0	1392	0	207	0	952	90	0	0	0	0	0
Nudt2	240.000000	0	1490	0	518	0	455	177	0	0	0	0	0
Kif24	240.000000	0	1490	0	518	0	455	177	0	0	0	0	0
Exosc5	239.545455	0	1527	0	436	0	530	142	0	0	0	0	0
Bckdha	239.545455	0	1527	0	436	0	530	142	0	0	0	0	0
Cep72	239.454545	0	1938	0	282	0	230	184	0	0	0	0	0
Abcf3	239.454545	0	1499	0	497	0	492	146	0	0	0	0	0
Ripk2	239.363636	0	1010	0	383	0	1240	0	0	0	0	0	0
Rapgef6	238.909091	0	952	0	481	0	1027	168	0	0	0	0	0
Zfp955a	238.727273	0	1655	0	573	0	211	187	0	0	0	0	0
Saraf	238.272727	0	1073	0	241	0	1157	150	0	0	0	0	0
Ppie	238.090909	0	1485	0	577	0	418	139	0	0	0	0	0
Fis1	238.000000	0	1575	0	589	0	292	162	0	0	0	0	0
Med27	237.454545	0	1672	0	526	0	161	253	0	0	0	0	0
Gpr155	237.090909	0	1283	0	213	0	882	230	0	0	0	0	0
Otud6b	237.000000	0	1437	0	710	0	256	204	0	0	0	0	0
Aptx	236.909091	0	1877	0	433	0	131	165	0	0	0	0	0
Slc1a4	236.727273	0	1190	0	324	0	838	252	0	0	0	0	0
Pigyl	236.727273	0	1696	0	242	0	584	82	0	0	0	0	0
Pop7	236.636364	0	1512	0	306	0	523	262	0	0	0	0	0
Fam53c	236.545455	0	1177	0	366	0	0	1059	0	0	0	0	0
Smu1	236.454545	0	1329	0	214	0	780	278	0	0	0	0	0
Uros	236.272727	0	1219	0	483	0	164	733	0	0	0	0	0
Bccip	236.272727	0	1219	0	483	0	164	733	0	0	0	0	0
Msh3	236.181818	0	1213	0	358	0	841	186	0	0	0	0	0
Dhfr	236.181818	0	1213	0	358	0	841	186	0	0	0	0	0
Ppil2	236.090909	0	1841	0	553	0	119	84	0	0	0	0	0
Blvrb	236.000000	0	547	0	0	0	1927	122	0	0	0	0	0
Akip1	236.000000	0	1578	0	206	0	636	176	0	0	0	0	0
Psmd12	235.909091	0	1500	0	245	0	656	194	0	0	0	0	0
E4f1	235.636364	0	1347	0	267	0	862	116	0	0	0	0	0
1700030J22Rik	235.636364	0	1904	0	186	0	502	0	0	0	0	0	0
Aars2	235.454545	0	1939	0	312	0	109	230	0	0	0	0	0
Usp36	235.363636	0	1067	0	326	0	935	261	0	0	0	0	0
Nelfcd	235.363636	0	1405	0	309	0	620	255	0	0	0	0	0
Mad2l1bp	235.272727	0	1710	0	547	0	212	119	0	0	0	0	0
Prdx3	235.181818	0	1383	0	429	0	626	149	0	0	0	0	0
Dcaf4	235.181818	0	1452	0	339	0	665	131	0	0	0	0	0
Zfpm1	234.909091	0	403	0	168	0	1881	132	0	0	0	0	0
Cop1	234.545455	0	1527	0	504	0	191	358	0	0	0	0	0
BC005537	234.363636	0	812	0	143	0	410	1082	0	0	0	131	0
Etfrf1	234.272727	0	1238	0	341	0	745	253	0	0	0	0	0
Casc1	234.272727	0	1238	0	341	0	745	253	0	0	0	0	0
Prc1	233.545455	0	1289	0	274	0	924	82	0	0	0	0	0
Vmac	233.454545	0	1126	0	245	0	1088	109	0	0	0	0	0
Ndufa11	233.454545	0	1126	0	245	0	1088	109	0	0	0	0	0
Sap30bp	233.363636	0	1446	0	447	0	488	186	0	0	0	0	0
Rpp14	233.363636	0	1853	0	330	0	163	221	0	0	0	0	0
Recql5	233.363636	0	1446	0	447	0	488	186	0	0	0	0	0
Htd2	233.363636	0	1853	0	330	0	163	221	0	0	0	0	0
Slbp	232.909091	0	1408	0	235	0	220	699	0	0	0	0	0
Taf13	232.818182	0	1649	0	354	0	303	177	0	0	0	78	0
Ccp110	232.363636	0	1441	0	531	0	422	162	0	0	0	0	0
Ankzf1	232.363636	0	1313	0	628	0	456	159	0	0	0	0	0
Psma1	232.272727	0	1360	0	300	0	766	129	0	0	0	0	0
Fbxo46	232.000000	0	1394	0	345	0	714	99	0	0	0	0	0
Chid1	232.000000	0	1164	0	419	0	755	214	0	0	0	0	0
Add1	231.909091	0	1267	0	308	0	751	225	0	0	0	0	0
Stat2	231.636364	0	1639	0	277	0	438	194	0	0	0	0	0
Tvp23b	231.545455	0	1300	0	257	0	827	163	0	0	0	0	0
Bbs2	231.454545	0	1488	0	304	0	372	204	178	0	0	0	0
Tubgcp6	231.363636	0	1534	0	195	0	624	192	0	0	0	0	0
Eif2b2	231.363636	0	1104	0	266	0	950	225	0	0	0	0	0
Tbce	231.272727	0	1854	0	567	0	0	123	0	0	0	0	0
Nme1	231.272727	0	1427	0	409	0	493	215	0	0	0	0	0
Gatb	231.090909	0	1400	0	546	0	461	135	0	0	0	0	0
Canx	231.000000	0	1148	0	461	0	809	123	0	0	0	0	0
Xylt2	230.909091	0	847	0	177	0	1516	0	0	0	0	0	0
Commd1	230.909091	0	1324	0	221	0	81	139	211	0	219	345	0
Vps26a	230.727273	0	982	0	238	0	1214	104	0	0	0	0	0
Mib2	230.727273	0	1630	0	472	0	263	173	0	0	0	0	0
Cmtm6	230.727273	0	1139	0	195	0	1054	150	0	0	0	0	0
Abcb8	230.727273	0	1874	0	374	0	134	156	0	0	0	0	0
Pik3r3	230.636364	0	1178	146	363	0	77	773	0	0	0	0	0
Kdm8	230.545455	0	1898	0	423	0	117	98	0	0	0	0	0
Cirbp	230.545455	0	1002	0	154	0	1118	176	0	0	0	86	0
Lims1	230.454545	0	914	0	559	0	906	156	0	0	0	0	0
Cry2	230.454545	0	1023	0	96	0	1312	104	0	0	0	0	0
Ccdc9	230.454545	0	645	0	227	0	1569	94	0	0	0	0	0
Pcmtd2	230.272727	0	1658	0	716	0	0	159	0	0	0	0	0
Gm6712	230.000000	0	1574	0	753	0	203	0	0	0	0	0	0
Fan1	229.909091	0	1607	0	493	0	270	159	0	0	0	0	0
Yme1l1	229.636364	0	1316	0	557	0	442	211	0	0	0	0	0
Pcnt	229.636364	0	1664	0	247	0	493	122	0	0	0	0	0
Mastl	229.636364	0	1316	0	557	0	442	211	0	0	0	0	0
Kdm4a	229.545455	0	1709	0	629	0	75	112	0	0	0	0	0
Slc3a2	229.454545	0	1264	0	361	0	768	131	0	0	0	0	0
Pdcl	229.454545	0	1660	0	421	0	300	143	0	0	0	0	0
Dynlt1b	229.363636	0	852	0	284	0	1225	162	0	0	0	0	0
Ikzf5	229.272727	0	1067	0	298	0	997	160	0	0	0	0	0
Acadsb	229.272727	0	1067	0	298	0	997	160	0	0	0	0	0
Troap	229.181818	0	1665	0	319	0	398	139	0	0	0	0	0
Rpl31	229.181818	0	1040	0	270	0	1211	0	0	0	0	0	0
Ppp2r5c	229.181818	0	1374	0	282	0	611	254	0	0	0	0	0
Npc2	229.181818	0	1002	0	282	0	1108	129	0	0	0	0	0
Isca2	229.181818	0	1002	0	282	0	1108	129	0	0	0	0	0
Pdss2	229.000000	0	1433	0	515	0	329	242	0	0	0	0	0
Ell	229.000000	0	995	0	203	0	1174	147	0	0	0	0	0
Abtb1	228.909091	0	990	0	205	0	1153	170	0	0	0	0	0
Snapc5	228.727273	0	1824	0	389	0	0	303	0	0	0	0	0
Stk36	228.636364	0	1697	0	429	0	185	204	0	0	0	0	0
Rnf25	228.636364	0	1697	0	429	0	185	204	0	0	0	0	0
Kiz	228.636364	0	1372	0	362	0	654	127	0	0	0	0	0
Rtel1	228.545455	0	1710	0	460	0	186	158	0	0	0	0	0
Rrm2b	228.363636	0	1306	0	408	0	705	93	0	0	0	0	0
Slc38a9	228.181818	0	1434	0	495	0	438	143	0	0	0	0	0
Pars2	228.090909	0	1721	0	397	0	251	140	0	0	0	0	0
Idh1	228.000000	0	928	0	394	0	1079	107	0	0	0	0	0
Zfp446	227.909091	0	1766	0	408	0	163	170	0	0	0	0	0
Miga2	227.909091	0	1412	0	285	0	704	106	0	0	0	0	0
Mvk	227.727273	0	1194	0	132	0	983	196	0	0	0	0	0
Mmab	227.727273	0	1194	0	132	0	983	196	0	0	0	0	0
Srp54c	227.636364	0	1381	0	456	0	421	246	0	0	0	0	0
Srp54b	227.636364	0	1381	0	456	0	421	246	0	0	0	0	0
Zfand2a	227.545455	0	1263	0	244	0	684	312	0	0	0	0	0
Tmem260	227.454545	0	1322	0	287	0	0	893	0	0	0	0	0
Ccdc130	227.454545	0	1700	0	291	0	358	153	0	0	0	0	0
Magoh	227.272727	0	1372	0	255	0	478	395	0	0	0	0	0
Mettl17	226.818182	0	1461	0	378	0	460	196	0	0	0	0	0
Zfp512	226.727273	0	1424	0	390	0	513	167	0	0	0	0	0
Slc18a1	226.636364	0	1409	0	422	0	468	194	0	0	0	0	0
Atp6v1b2	226.636364	0	1409	0	422	0	468	194	0	0	0	0	0
Poln	226.545455	0	1185	0	126	0	1043	138	0	0	0	0	0
Haus3	226.545455	0	1185	0	126	0	1043	138	0	0	0	0	0
Abcf1	226.545455	0	968	0	442	0	983	99	0	0	0	0	0
Gm38396	226.454545	0	1534	0	688	0	126	143	0	0	0	0	0
Zfp81	226.090909	0	1692	0	652	0	0	143	0	0	0	0	0
Scamp4	226.090909	0	1761	0	166	0	323	237	0	0	0	0	0
Adat3	226.090909	0	1761	0	166	0	323	237	0	0	0	0	0
Borcs7	225.818182	0	1989	0	248	0	0	247	0	0	0	0	0
Pih1d1	225.727273	0	1718	0	253	0	353	159	0	0	0	0	0
Aldh16a1	225.727273	0	1718	0	253	0	353	159	0	0	0	0	0
Ost4	225.636364	0	1600	0	268	0	519	95	0	0	0	0	0
Eed	225.636364	0	909	0	439	0	115	1019	0	0	0	0	0
Ndufa8	225.545455	0	1521	0	425	0	460	75	0	0	0	0	0
Morn5	225.545455	0	1521	0	425	0	460	75	0	0	0	0	0
Nol11	225.272727	0	1403	0	359	0	457	259	0	0	0	0	0
L3mbtl2	225.272727	0	1439	0	404	0	635	0	0	0	0	0	0
LOC114841036	225.181818	0	1345	0	477	0	655	0	0	0	0	0	0
Fkbp2	225.181818	0	1345	0	477	0	655	0	0	0	0	0	0
Zfp51	225.000000	0	1559	0	614	0	149	153	0	0	0	0	0
Bcl10	225.000000	0	938	0	103	0	1271	163	0	0	0	0	0
Yipf1	224.636364	0	1412	0	384	0	571	104	0	0	0	0	0
Ntmt1	224.636364	0	840	0	169	0	1267	195	0	0	0	0	0
Lrpap1	224.545455	0	1652	0	300	0	518	0	0	0	0	0	0
Prpsap2	224.454545	0	701	0	0	0	1646	122	0	0	0	0	0
Dpp3	224.454545	0	1664	0	343	0	309	153	0	0	0	0	0
Zscan20	224.363636	0	1014	0	175	0	1090	189	0	0	0	0	0
Churc1	224.363636	0	1885	0	583	0	0	0	0	0	0	0	0
Armc5	224.363636	0	1259	0	339	0	698	172	0	0	0	0	0
9130023H24Rik	224.363636	0	1259	0	339	0	698	172	0	0	0	0	0
Toe1	224.272727	0	1526	0	369	0	345	227	0	0	0	0	0
Mutyh	224.272727	0	1526	0	369	0	345	227	0	0	0	0	0
Zmym1	224.090909	0	1749	0	375	0	237	104	0	0	0	0	0
Psmg1	223.909091	0	1389	0	353	0	530	191	0	0	0	0	0
Usp20	223.818182	0	1225	0	235	0	742	260	0	0	0	0	0
Sgf29	223.818182	0	1721	0	311	0	138	292	0	0	0	0	0
BC005624	223.818182	0	1225	0	235	0	742	260	0	0	0	0	0
Zfp868	223.727273	0	1475	0	200	0	627	159	0	0	0	0	0
Ttll5	223.727273	0	1523	0	351	0	291	296	0	0	0	0	0
Erg28	223.727273	0	1523	0	351	0	291	296	0	0	0	0	0
Ankrd50	223.636364	0	949	0	247	0	1168	96	0	0	0	0	0
Specc1l	223.545455	0	1205	0	213	0	927	114	0	0	0	0	0
Tbck	223.454545	0	1402	0	517	0	0	539	0	0	0	0	0
Aimp1	223.454545	0	1402	0	517	0	0	539	0	0	0	0	0
Pold2	223.363636	0	1435	0	239	0	686	97	0	0	0	0	0
Trim21	223.272727	0	1614	0	540	0	302	0	0	0	0	0	0
Osbpl9	223.272727	0	1380	0	460	0	455	161	0	0	0	0	0
Morc3	223.272727	0	1044	0	239	0	1059	114	0	0	0	0	0
Dpm2	223.272727	0	1542	0	483	0	280	151	0	0	0	0	0
Rad23b	222.818182	0	792	0	327	0	1108	224	0	0	0	0	0
Ppme1	222.727273	0	1146	0	410	0	714	180	0	0	0	0	0
D8Ertd738e	222.727273	0	1487	0	474	0	278	211	0	0	0	0	0
Clybl	222.727273	0	1242	0	275	0	770	163	0	0	0	0	0
C2cd3	222.727273	0	1146	0	410	0	714	180	0	0	0	0	0
Papolg	222.636364	0	1405	0	715	0	329	0	0	0	0	0	0
Atp6v1e1	222.545455	0	1759	0	387	0	189	113	0	0	0	0	0
Cyth1	222.363636	0	617	0	281	0	1220	328	0	0	0	0	0
Exoc3	222.272727	0	1405	0	764	0	154	122	0	0	0	0	0
Tbc1d32	222.181818	0	1627	0	588	0	116	113	0	0	0	0	0
Por	222.181818	0	1138	0	238	0	618	450	0	0	0	0	0
Ap3m1	222.181818	0	1073	0	337	0	826	208	0	0	0	0	0
Adk	222.181818	0	1073	0	337	0	826	208	0	0	0	0	0
Trrap	222.000000	0	1294	0	147	0	800	201	0	0	0	0	0
Rpl22l1	222.000000	0	1366	0	438	0	357	281	0	0	0	0	0
Ergic3	222.000000	0	1419	0	230	0	700	93	0	0	0	0	0
6430550D23Rik	222.000000	0	1419	0	230	0	700	93	0	0	0	0	0
Zfp87	221.727273	0	1559	0	513	0	229	138	0	0	0	0	0
Setmar	221.727273	0	1522	0	418	0	309	190	0	0	0	0	0
Rccd1	221.636364	0	1742	0	447	0	81	168	0	0	0	0	0
Myl12a	221.636364	0	880	0	465	0	496	597	0	0	0	0	0
Uqcr11	221.545455	0	1195	0	205	0	879	158	0	0	0	0	0
Tbc1d17	221.545455	0	1066	0	334	0	294	743	0	0	0	0	0
Akt1s1	221.545455	0	1066	0	334	0	294	743	0	0	0	0	0
Usp5	221.454545	0	1561	0	464	0	236	175	0	0	0	0	0
Psip1	221.454545	0	989	0	484	0	117	846	0	0	0	0	0
Cdca3	221.454545	0	1561	0	464	0	236	175	0	0	0	0	0
Vapb	221.363636	0	1518	0	267	0	533	117	0	0	0	0	0
Tbc1d31	221.363636	0	1230	0	163	0	1042	0	0	0	0	0	0
Flad1	221.363636	0	1313	0	418	0	285	419	0	0	0	0	0
Scamp2	221.272727	0	1551	0	390	0	303	190	0	0	0	0	0
Kcnab2	221.181818	0	1255	0	165	0	284	729	0	0	0	0	0
Anxa5	221.181818	0	1195	0	631	0	333	274	0	0	0	0	0
1810062G17Rik	221.181818	0	1195	0	631	0	333	274	0	0	0	0	0
Ss18l2	221.000000	0	1373	0	247	0	811	0	0	0	0	0	0
Wdr53	220.818182	0	1343	0	541	0	281	264	0	0	0	0	0
Fbxo45	220.818182	0	1343	0	541	0	281	264	0	0	0	0	0
Zfp930	220.636364	0	1655	0	627	0	0	145	0	0	0	0	0
Rnf34	220.636364	0	1204	0	179	0	950	94	0	0	0	0	0
Tigd5	220.454545	0	632	0	0	0	295	1498	0	0	0	0	0
Eef1d	220.454545	0	632	0	0	0	295	1498	0	0	0	0	0
Raver1	220.363636	0	1155	0	147	0	947	175	0	0	0	0	0
Capn10	220.363636	0	1431	0	478	0	211	304	0	0	0	0	0
Mapre2	220.272727	0	1309	0	381	0	618	115	0	0	0	0	0
Rnft1	220.181818	0	1067	0	370	0	766	219	0	0	0	0	0
Ppib	220.181818	0	1585	0	233	0	465	139	0	0	0	0	0
Dclre1c	219.909091	0	1666	0	643	0	110	0	0	0	0	0	0
Helb	219.818182	0	1361	0	226	0	620	211	0	0	0	0	0
Tiprl	219.727273	0	1126	0	507	0	593	191	0	0	0	0	0
Nudt13	219.545455	0	1522	0	616	0	183	94	0	0	0	0	0
Brpf1	219.545455	0	1266	0	224	0	768	157	0	0	0	0	0
Mrpl27	219.181818	0	1699	0	314	0	202	196	0	0	0	0	0
Eme1	219.181818	0	1699	0	314	0	202	196	0	0	0	0	0
Copz1	219.181818	0	1444	0	257	0	548	162	0	0	0	0	0
Pttg1ip	219.090909	0	1259	0	237	0	765	149	0	0	0	0	0
Srp54a	218.909091	0	1280	0	592	0	314	222	0	0	0	0	0
Pigf	218.909091	0	1358	0	572	0	367	111	0	0	0	0	0
Cript	218.909091	0	1358	0	572	0	367	111	0	0	0	0	0
Mvd	218.818182	0	1309	0	391	0	496	211	0	0	0	0	0
Micu1	218.818182	0	1218	0	444	0	566	179	0	0	0	0	0
Zfp317	218.636364	0	1407	0	687	0	132	179	0	0	0	0	0
Mief1	218.636364	0	1292	0	237	0	711	165	0	0	0	0	0
Arrdc2	218.636364	0	1230	0	122	0	778	275	0	0	0	0	0
Aldh4a1	218.636364	0	1098	0	244	0	0	1063	0	0	0	0	0
Mrpl35	218.545455	0	1518	0	575	0	139	172	0	0	0	0	0
Mterf1b	218.454545	0	1510	0	485	0	145	263	0	0	0	0	0
Dgat2	218.454545	0	782	0	120	0	543	958	0	0	0	0	0
Amn1	218.454545	0	1572	0	529	0	188	114	0	0	0	0	0
Uqcrq	218.363636	0	1498	0	262	0	444	198	0	0	0	0	0
Ndufb1	218.363636	0	917	0	432	0	0	1053	0	0	0	0	0
Cpsf2	218.363636	0	917	0	432	0	0	1053	0	0	0	0	0
Ttll13	218.272727	0	958	0	98	0	1173	172	0	0	0	0	0
Tmem14a	218.181818	0	1985	0	415	0	0	0	0	0	0	0	0
Rabl3	218.181818	0	1563	0	569	0	148	120	0	0	0	0	0
Gtf2e1	218.181818	0	1563	0	569	0	148	120	0	0	0	0	0
Fntb	218.181818	0	1525	0	637	0	0	238	0	0	0	0	0
Pot1a	218.090909	0	1453	0	586	0	240	120	0	0	0	0	0
Exoc7	217.818182	0	1504	0	166	0	726	0	0	0	0	0	0
Cox6b1	217.818182	0	1712	0	291	0	297	96	0	0	0	0	0
Pomt1	217.727273	0	1605	0	452	0	213	125	0	0	0	0	0
Gmps	217.727273	0	1535	0	307	0	553	0	0	0	0	0	0
Ddx47	217.727273	0	1575	0	495	0	230	95	0	0	0	0	0
Mnat1	217.636364	0	1572	0	538	0	0	284	0	0	0	0	0
Fam193a	217.636364	0	844	0	328	0	1059	163	0	0	0	0	0
Ddx10	217.636364	0	1351	0	290	0	542	211	0	0	0	0	0
Wdr34	217.545455	0	1701	0	213	0	268	211	0	0	0	0	0
Prkag1	217.545455	0	1419	0	566	0	301	107	0	0	0	0	0
Dbt	217.545455	0	1534	0	657	0	202	0	0	0	0	0	0
Tonsl	217.454545	0	1205	0	136	0	967	84	0	0	0	0	0
Rpp40	217.454545	0	1488	0	649	0	255	0	0	0	0	0	0
Rab13	217.363636	0	1602	0	378	0	202	209	0	0	0	0	0
Ddx59	217.363636	0	1151	0	505	0	524	211	0	0	0	0	0
Ostc	217.272727	0	1752	0	523	0	115	0	0	0	0	0	0
Ilf3	217.272727	0	1326	0	190	0	591	283	0	0	0	0	0
Prrc2a	217.181818	0	1150	0	261	0	808	170	0	0	0	0	0
Hint3	217.181818	0	1521	0	467	0	127	274	0	0	0	0	0
Slc25a17	217.090909	0	1362	0	322	0	704	0	0	0	0	0	0
Mtch1	217.000000	0	689	0	212	0	1486	0	0	0	0	0	0
Esd	217.000000	0	1389	0	283	0	606	109	0	0	0	0	0
Rtf2	216.909091	0	1370	0	256	0	502	258	0	0	0	0	0
Timmdc1	216.727273	0	1403	0	435	0	354	192	0	0	0	0	0
Zfp277	216.545455	0	991	0	229	0	1029	133	0	0	0	0	0
Dync1i2	216.545455	0	1628	0	491	0	161	102	0	0	0	0	0
Dock4	216.545455	0	991	0	229	0	1029	133	0	0	0	0	0
Atp10d	216.545455	0	1172	0	391	0	665	154	0	0	0	0	0
Zfp60	216.454545	0	1795	0	480	0	0	106	0	0	0	0	0
Rad51	216.454545	0	1586	0	536	0	0	259	0	0	0	0	0
Nol8	216.363636	0	1117	0	462	0	280	521	0	0	0	0	0
Mindy2	216.363636	0	1147	0	597	0	477	159	0	0	0	0	0
Cenpp	216.363636	0	1117	0	462	0	280	521	0	0	0	0	0
AB010352	216.363636	0	1506	0	874	0	0	0	0	0	0	0	0
Slc25a44	216.272727	0	1479	0	467	0	433	0	0	0	0	0	0
Pfas	216.181818	0	1488	0	446	0	205	239	0	0	0	0	0
Itfg2	216.090909	0	1627	0	328	0	103	319	0	0	0	0	0
Actr5	216.090909	0	1458	0	273	0	646	0	0	0	0	0	0
Slc22a5	216.000000	0	998	0	141	0	1090	147	0	0	0	0	0
Rsrc2	215.727273	0	1230	0	431	0	514	198	0	0	0	0	0
Kntc1	215.727273	0	1230	0	431	0	514	198	0	0	0	0	0
Heatr1	215.727273	0	1274	0	573	0	308	218	0	0	0	0	0
Zfp688	215.636364	0	1617	0	282	0	359	114	0	0	0	0	0
Nudt8	215.636364	0	1376	0	247	0	586	163	0	0	0	0	0
Nub1	215.636364	0	1331	0	427	0	509	105	0	0	0	0	0
Psmd8	215.363636	0	1264	0	233	0	726	146	0	0	0	0	0
Hilpda	215.363636	0	1390	0	395	0	360	224	0	0	0	0	0
Tuba1a	215.272727	0	1562	0	251	0	304	251	0	0	0	0	0
Senp8	215.181818	0	843	0	469	0	863	192	0	0	0	0	0
Myo9a	215.181818	0	843	0	469	0	863	192	0	0	0	0	0
Zfp963	215.090909	0	1734	0	256	0	107	269	0	0	0	0	0
Srsf5	215.090909	0	1335	0	402	0	421	208	0	0	0	0	0
Rsu1	215.090909	0	1219	0	519	0	448	180	0	0	0	0	0
Rpusd1	215.000000	0	941	0	200	0	1101	123	0	0	0	0	0
Nfatc2ip	215.000000	0	1442	0	333	0	436	154	0	0	0	0	0
Chtf18	215.000000	0	941	0	200	0	1101	123	0	0	0	0	0
Bin3	215.000000	0	1381	0	330	0	654	0	0	0	0	0	0
Zscan22	214.636364	0	1516	0	444	0	156	245	0	0	0	0	0
Sf3b2	214.454545	0	1573	0	320	0	288	178	0	0	0	0	0
Naa40	214.454545	0	1266	0	248	0	743	102	0	0	0	0	0
Paxip1	214.272727	0	1159	0	231	0	245	722	0	0	0	0	0
Alkbh8	214.181818	0	1654	0	702	0	0	0	0	0	0	0	0
Ndc1	214.090909	0	1766	0	232	0	119	238	0	0	0	0	0
L3hypdh	214.090909	0	1233	0	238	0	759	125	0	0	0	0	0
Klhl20	214.090909	0	1419	0	655	0	131	150	0	0	0	0	0
Jkamp	214.090909	0	1233	0	238	0	759	125	0	0	0	0	0
Idi1	214.090909	0	1613	0	437	0	201	104	0	0	0	0	0
Zfp346	214.000000	0	1484	0	330	0	540	0	0	0	0	0	0
Ugdh	213.818182	0	1159	0	246	0	784	163	0	0	0	0	0
Selenow	213.727273	0	1205	0	265	0	0	881	0	0	0	0	0
Actr1b	213.727273	0	1300	0	402	0	535	114	0	0	0	0	0
Lrrc28	213.636364	0	1293	0	669	0	271	117	0	0	0	0	0
Mageb3	213.545455	0	1244	0	487	0	410	208	0	0	0	0	0
Ctdspl2	213.545455	0	1244	0	487	0	410	208	0	0	0	0	0
Akap8l	213.454545	0	1585	0	438	0	325	0	0	0	0	0	0
Ncapg2	213.363636	0	818	0	157	0	1139	233	0	0	0	0	0
Urb1	213.272727	0	1384	0	162	0	800	0	0	0	0	0	0
Taf6	213.181818	0	1493	0	509	0	166	177	0	0	0	0	0
Nadsyn1	213.181818	0	1136	0	310	0	780	119	0	0	0	0	0
Cnpy4	213.181818	0	1493	0	509	0	166	177	0	0	0	0	0
Sf3a3	213.090909	0	1596	0	309	0	235	204	0	0	0	0	0
Itgb3bp	213.090909	0	1455	0	621	0	0	268	0	0	0	0	0
Gm3448	213.090909	0	1241	0	497	0	260	346	0	0	0	0	0
Gm3417	213.090909	0	1241	0	497	0	260	346	0	0	0	0	0
Efcab7	213.090909	0	1455	0	621	0	0	268	0	0	0	0	0
Wasf1	213.000000	0	986	0	355	0	233	769	0	0	0	0	0
P3h1	213.000000	0	978	0	0	0	1365	0	0	0	0	0	0
Nars2	213.000000	0	1339	0	226	0	585	193	0	0	0	0	0
Cdc40	213.000000	0	986	0	355	0	233	769	0	0	0	0	0
Mpzl3	212.909091	0	1599	0	578	0	0	165	0	0	0	0	0
Prex1	212.818182	0	669	0	175	0	1497	0	0	0	0	0	0
Exo1	212.818182	0	1663	0	465	0	0	213	0	0	0	0	0
Slc29a3	212.727273	0	1581	0	205	0	424	130	0	0	0	0	0
Orai1	212.727273	0	997	0	245	0	1098	0	0	0	0	0	0
Atxn7l1	212.545455	0	1372	0	354	0	362	250	0	0	0	0	0
Slc25a16	212.454545	0	1389	0	383	0	296	269	0	0	0	0	0
Prkcsh	212.454545	0	1551	0	409	0	209	168	0	0	0	0	0
Ccdc151	212.454545	0	1551	0	409	0	209	168	0	0	0	0	0
Bnip1	212.454545	0	1759	0	457	0	0	121	0	0	0	0	0
Fancd2	212.363636	0	1419	0	409	0	198	310	0	0	0	0	0
Emc3	212.363636	0	1419	0	409	0	198	310	0	0	0	0	0
Abhd2	212.363636	0	1087	0	179	0	847	223	0	0	0	0	0
Mfsd8	212.272727	0	1107	0	411	0	673	144	0	0	0	0	0
Cpt2	212.181818	0	1260	0	131	0	943	0	0	0	0	0	0
Commd8	212.181818	0	1350	0	539	0	0	0	0	218	0	227	0
Trdmt1	212.000000	0	1679	0	537	0	0	116	0	0	0	0	0
Proser3	212.000000	0	1565	0	412	0	261	94	0	0	0	0	0
Hspb6	212.000000	0	1565	0	412	0	261	94	0	0	0	0	0
Pcyt2	211.909091	0	994	0	186	0	1007	144	0	0	0	0	0
Lars	211.909091	0	1346	0	543	0	259	183	0	0	0	0	0
C9orf72	211.909091	0	1378	0	520	0	340	93	0	0	0	0	0
Psmc4	211.818182	0	1706	0	246	0	257	121	0	0	0	0	0
Mettl25	211.818182	0	1226	0	559	0	246	299	0	0	0	0	0
Lrrc8a	211.818182	0	1220	0	548	0	423	139	0	0	0	0	0
Ccdc59	211.818182	0	1226	0	559	0	246	299	0	0	0	0	0
Polr2e	211.727273	0	1512	0	201	0	497	119	0	0	0	0	0
Tcte3	211.636364	0	1241	0	481	0	260	346	0	0	0	0	0
Tst	211.272727	0	932	0	207	0	0	1185	0	0	0	0	0
Mpst	211.272727	0	932	0	207	0	0	1185	0	0	0	0	0
Lrrc57	211.272727	0	1411	0	432	0	92	389	0	0	0	0	0
Haus2	211.272727	0	1411	0	432	0	92	389	0	0	0	0	0
Shoc2	211.181818	0	1105	0	538	0	536	144	0	0	0	0	0
Bbip1	211.181818	0	1105	0	538	0	536	144	0	0	0	0	0
G3bp2	211.090909	0	899	0	306	0	917	200	0	0	0	0	0
Elmo2	211.090909	0	986	0	125	0	920	291	0	0	0	0	0
Acly	211.090909	0	1085	0	240	0	867	130	0	0	0	0	0
Tpmt	211.000000	0	775	0	125	0	1301	120	0	0	0	0	0
Kdm1b	211.000000	0	775	0	125	0	1301	120	0	0	0	0	0
Pknox1	210.909091	0	671	0	245	0	770	634	0	0	0	0	0
Glce	210.909091	0	928	0	267	0	1049	76	0	0	0	0	0
Zgrf1	210.818182	0	1391	0	427	0	304	197	0	0	0	0	0
Wdr74	210.818182	0	1692	0	440	0	0	187	0	0	0	0	0
Smim7	210.818182	0	1264	0	525	0	366	164	0	0	0	0	0
Larp7	210.818182	0	1391	0	427	0	304	197	0	0	0	0	0
Pus10	210.727273	0	1276	0	553	0	275	214	0	0	0	0	0
Pofut2	210.727273	0	1135	0	0	0	1075	108	0	0	0	0	0
Adar	210.636364	0	1488	0	458	0	191	180	0	0	0	0	0
Tsga10	210.545455	0	1220	0	214	0	668	214	0	0	0	0	0
Zfp953	210.454545	0	1686	0	629	0	0	0	0	0	0	0	0
Opa1	210.454545	0	1506	0	346	0	334	129	0	0	0	0	0
Cbfa2t2	210.454545	0	840	0	312	0	1163	0	0	0	0	0	0
Bloc1s1	210.454545	0	1756	0	209	0	350	0	0	0	0	0	0
Zfp874b	210.181818	0	1591	0	534	0	86	101	0	0	0	0	0
Sugct	210.181818	0	1029	0	341	0	736	206	0	0	0	0	0
Rab18	210.181818	0	1567	0	312	0	332	101	0	0	0	0	0
Polr1b	210.181818	0	1723	0	242	0	347	0	0	0	0	0	0
Mplkip	210.181818	0	1029	0	341	0	736	206	0	0	0	0	0
Gpatch8	210.181818	0	1217	0	287	0	548	260	0	0	0	0	0
Cdipt	210.181818	0	1063	0	180	0	143	926	0	0	0	0	0
BC052040	210.181818	0	1672	0	512	0	0	128	0	0	0	0	0
Kif1c	210.090909	0	1574	0	409	0	328	0	0	0	0	0	0
Inca1	210.090909	0	1574	0	409	0	328	0	0	0	0	0	0
Aktip	210.090909	0	1320	0	0	0	714	277	0	0	0	0	0
Gk5	209.909091	0	1278	0	134	0	699	198	0	0	0	0	0
Txnl4a	209.818182	0	1385	0	371	0	336	216	0	0	0	0	0
Gm16286	209.818182	0	1385	0	371	0	336	216	0	0	0	0	0
Ndufs5	209.727273	0	1447	0	379	0	260	221	0	0	0	0	0
Aacs	209.727273	0	1111	0	129	0	946	121	0	0	0	0	0
Sugp2	209.545455	0	1705	0	304	0	179	117	0	0	0	0	0
Ppil4	209.545455	0	1470	0	425	0	160	250	0	0	0	0	0
Pole4	209.545455	0	1356	0	124	0	628	197	0	0	0	0	0
Armc6	209.545455	0	1705	0	304	0	179	117	0	0	0	0	0
Med18	209.454545	0	1525	0	459	0	176	144	0	0	0	0	0
Cyp46a1	209.454545	0	357	0	0	0	1947	0	0	0	0	0	0
Hsd17b7	209.363636	0	862	0	207	0	1058	176	0	0	0	0	0
Ephx1	209.363636	0	1295	0	385	0	442	181	0	0	0	0	0
Eif4b	209.363636	0	1399	0	223	0	548	133	0	0	0	0	0
Trip13	209.272727	0	1523	0	367	0	237	175	0	0	0	0	0
Brd9	209.272727	0	1523	0	367	0	237	175	0	0	0	0	0
Orc5	209.000000	0	1419	0	531	0	191	158	0	0	0	0	0
Nudt1	209.000000	0	1347	0	427	0	334	191	0	0	0	0	0
Mthfsl	209.000000	0	1369	0	577	0	207	146	0	0	0	0	0
Ttc16	208.818182	0	1430	0	148	0	533	186	0	0	0	0	0
Tbrg4	208.818182	0	1240	0	568	0	173	316	0	0	0	0	0
Sars2	208.818182	0	1718	0	306	0	187	86	0	0	0	0	0
Ptrh1	208.818182	0	1430	0	148	0	533	186	0	0	0	0	0
Mrps12	208.818182	0	1718	0	306	0	187	86	0	0	0	0	0
C87436	208.818182	0	1457	0	423	0	144	273	0	0	0	0	0
Xrcc6	208.636364	0	1084	0	249	0	800	162	0	0	0	0	0
Desi1	208.636364	0	1084	0	249	0	800	162	0	0	0	0	0
Cfdp1	208.636364	0	1631	0	336	0	164	164	0	0	0	0	0
Abhd18	208.636364	0	1119	0	350	0	671	155	0	0	0	0	0
Ercc2	208.545455	0	1238	0	166	0	890	0	0	0	0	0	0
Cfap410	208.545455	0	1204	0	193	0	744	153	0	0	0	0	0
Tmem87b	208.454545	0	1099	0	285	0	740	169	0	0	0	0	0
Nphp3	208.454545	0	565	0	186	0	1382	160	0	0	0	0	0
Get4	208.454545	0	1116	0	308	0	730	139	0	0	0	0	0
Mdh1b	208.363636	0	1585	0	555	0	0	152	0	0	0	0	0
Fastkd2	208.363636	0	1585	0	555	0	0	152	0	0	0	0	0
Zfp763	208.181818	0	1493	0	697	0	0	100	0	0	0	0	0
Aph1c	208.000000	0	695	0	137	0	1294	162	0	0	0	0	0
Pef1	207.909091	0	1503	0	477	0	101	206	0	0	0	0	0
Prpf40b	207.818182	0	808	0	192	0	1286	0	0	0	0	0	0
Ahi1	207.818182	0	1130	0	499	0	385	272	0	0	0	0	0
Aasdh	207.818182	0	1248	0	345	0	428	265	0	0	0	0	0
Ubr4	207.727273	0	1398	0	486	0	158	243	0	0	0	0	0
Slc17a5	207.727273	0	1266	0	149	0	870	0	0	0	0	0	0
Taf1a	207.636364	0	1564	0	470	0	119	131	0	0	0	0	0
Pisd	207.636364	0	1282	0	427	0	430	145	0	0	0	0	0
Gatd3a	207.636364	0	1341	0	0	0	943	0	0	0	0	0	0
Cdk7	207.636364	0	1439	0	268	0	577	0	0	0	0	0	0
Ccdc84	207.636364	0	1401	0	411	0	337	135	0	0	0	0	0
Ttf2	207.545455	0	1537	0	364	0	382	0	0	0	0	0	0
Tmed4	207.454545	0	1602	0	331	0	215	134	0	0	0	0	0
Spcs3	207.454545	0	1232	0	300	0	636	114	0	0	0	0	0
Mrpl24	207.454545	0	1511	0	366	0	247	158	0	0	0	0	0
Alg8	207.454545	0	1599	0	343	0	132	208	0	0	0	0	0
Abhd11	207.454545	0	951	0	176	0	958	197	0	0	0	0	0
Yif1a	207.363636	0	1435	0	380	0	252	214	0	0	0	0	0
Tm9sf4	207.363636	0	1413	0	373	0	268	227	0	0	0	0	0
Pnkd	207.363636	0	1059	0	189	0	743	290	0	0	0	0	0
Gtf2f1	207.363636	0	1450	0	360	0	297	174	0	0	0	0	0
Rab11b	207.272727	0	1772	0	187	0	196	125	0	0	0	0	0
Cwf19l1	207.272727	0	1697	0	389	0	0	194	0	0	0	0	0
Abhd16a	207.272727	0	1127	0	85	0	206	862	0	0	0	0	0
Klhdc10	207.181818	0	1380	0	516	0	159	224	0	0	0	0	0
Mmd	207.090909	0	807	0	279	0	1087	105	0	0	0	0	0
Ing4	207.000000	0	1465	0	369	0	303	140	0	0	0	0	0
Dcps	207.000000	0	1318	0	541	0	154	264	0	0	0	0	0
Timm10b	206.818182	0	1453	0	599	0	223	0	0	0	0	0	0
Katnb1	206.818182	0	1189	0	444	0	480	162	0	0	0	0	0
Arfip2	206.818182	0	1453	0	599	0	223	0	0	0	0	0	0
Rundc1	206.727273	0	1527	0	90	0	489	168	0	0	0	0	0
Ptges3l	206.727273	0	1527	0	90	0	489	168	0	0	0	0	0
Pcnp	206.636364	0	1303	0	478	0	338	154	0	0	0	0	0
Ogfod3	206.636364	0	1512	0	154	0	290	317	0	0	0	0	0
Hexdc	206.636364	0	1512	0	154	0	290	317	0	0	0	0	0
Dhx36	206.636364	0	1388	0	474	0	327	84	0	0	0	0	0
Utp23	206.454545	0	1386	0	308	0	463	114	0	0	0	0	0
Psmb6	206.454545	0	1577	0	229	0	386	79	0	0	0	0	0
Mphosph6	206.454545	0	1372	0	166	0	621	112	0	0	0	0	0
Gm3435	206.454545	0	1241	0	429	0	255	346	0	0	0	0	0
Stk11ip	206.363636	0	1577	0	394	0	161	138	0	0	0	0	0
Spring1	206.363636	0	1139	0	392	0	526	213	0	0	0	0	0
Rnft2	206.363636	0	1139	0	392	0	526	213	0	0	0	0	0
Ctnnbip1	206.363636	0	436	0	73	0	1761	0	0	0	0	0	0
Srek1ip1	206.272727	0	1044	0	481	0	0	608	0	0	0	136	0
Mthfs	206.272727	0	1317	0	555	0	242	155	0	0	0	0	0
Lsg1	206.272727	0	1182	0	313	0	91	683	0	0	0	0	0
Cwc27	206.272727	0	1044	0	481	0	0	608	0	0	0	136	0
Coa3	206.272727	0	1553	0	311	0	265	140	0	0	0	0	0
Cntd1	206.272727	0	1553	0	311	0	265	140	0	0	0	0	0
Tnfsf10	206.181818	0	1439	0	829	0	0	0	0	0	0	0	0
Kif15	206.090909	0	1201	0	307	0	518	241	0	0	0	0	0
1110059G10Rik	206.090909	0	1201	0	307	0	518	241	0	0	0	0	0
Pcna	206.000000	0	1002	0	248	0	720	198	0	0	0	98	0
Galnt10	206.000000	0	847	0	236	0	0	1183	0	0	0	0	0
Tmem39a	205.909091	0	1447	0	344	0	287	187	0	0	0	0	0
Gosr1	205.909091	0	1678	0	403	0	184	0	0	0	0	0	0
Dhx9	205.909091	0	1154	0	435	0	498	178	0	0	0	0	0
Zfp952	205.818182	0	1547	0	717	0	0	0	0	0	0	0	0
Aplf	205.818182	0	1460	0	456	0	250	98	0	0	0	0	0
Cox19	205.727273	0	1521	0	193	0	422	127	0	0	0	0	0
Smc3	205.636364	0	913	0	231	0	108	1010	0	0	0	0	0
Polr1e	205.636364	0	1280	0	347	0	500	135	0	0	0	0	0
Mpdu1	205.545455	0	1643	0	332	0	160	126	0	0	0	0	0
Slc12a4	205.454545	0	862	0	76	0	1080	242	0	0	0	0	0
Pcca	205.454545	0	978	0	273	0	854	155	0	0	0	0	0
Kpna3	205.454545	0	934	0	185	0	999	142	0	0	0	0	0
Ufsp2	205.363636	0	1236	0	492	0	196	335	0	0	0	0	0
Paip2	205.363636	0	1515	0	398	0	173	173	0	0	0	0	0
N4bp2l2	205.363636	0	1271	0	470	0	251	267	0	0	0	0	0
1700029J07Rik	205.363636	0	1236	0	492	0	196	335	0	0	0	0	0
Pts	205.181818	0	1678	0	156	0	114	309	0	0	0	0	0
Metap1d	205.181818	0	1500	0	492	0	101	164	0	0	0	0	0
Zfp457	205.090909	0	1610	0	560	0	0	86	0	0	0	0	0
Spsb1	205.090909	0	864	0	280	0	1112	0	0	0	0	0	0
Commd2	205.090909	0	1692	0	452	0	0	112	0	0	0	0	0
Avl9	205.090909	0	940	0	406	0	787	123	0	0	0	0	0
Dnajb9	205.000000	0	1056	0	413	0	646	140	0	0	0	0	0
Ddx56	205.000000	0	1463	0	403	0	175	214	0	0	0	0	0
Ascc3	205.000000	0	1201	0	516	0	411	127	0	0	0	0	0
Stom	204.909091	0	965	0	288	0	842	159	0	0	0	0	0
Hibch	204.909091	0	1527	0	404	0	323	0	0	0	0	0	0
Mettl22	204.818182	0	1609	0	486	0	0	158	0	0	0	0	0
Setd3	204.727273	0	917	0	221	0	925	189	0	0	0	0	0
Ccnk	204.727273	0	917	0	221	0	925	189	0	0	0	0	0
Zc3h13	204.636364	0	1045	0	580	0	415	211	0	0	0	0	0
Babam1	204.545455	0	1602	0	329	0	186	133	0	0	0	0	0
Ascc1	204.545455	0	1349	0	424	0	244	233	0	0	0	0	0
Anapc16	204.545455	0	1349	0	424	0	244	233	0	0	0	0	0
Vamp3	204.454545	0	1185	0	0	0	926	138	0	0	0	0	0
Gmcl1	204.363636	0	1258	0	326	0	474	190	0	0	0	0	0
Lars2	204.272727	0	1396	0	304	0	547	0	0	0	0	0	0
Cox7a2l	204.272727	0	1372	0	327	0	237	311	0	0	0	0	0
Rbis	204.181818	0	1327	0	489	0	314	116	0	0	0	0	0
Atg14	204.181818	0	1308	0	286	0	556	96	0	0	0	0	0
Tuba1b	204.000000	0	1238	0	270	0	377	359	0	0	0	0	0
Zfp180	203.909091	0	1512	0	289	0	131	311	0	0	0	0	0
Pkd1	203.909091	0	711	0	257	0	1166	109	0	0	0	0	0
Ndufb6	203.909091	0	1175	0	317	0	576	175	0	0	0	0	0
Tpt1	203.818182	0	966	0	395	0	714	167	0	0	0	0	0
Narf	203.818182	0	1210	0	363	0	540	129	0	0	0	0	0
Med23	203.818182	0	1497	0	240	0	180	141	0	0	0	184	0
Uchl3	203.727273	0	1021	0	219	0	0	1001	0	0	0	0	0
Rfc2	203.727273	0	1568	0	249	0	338	86	0	0	0	0	0
Gnb2	203.727273	0	1016	0	192	0	293	740	0	0	0	0	0
Cwc25	203.727273	0	1300	0	250	0	409	282	0	0	0	0	0
Nipsnap3b	203.636364	0	1292	0	274	0	446	228	0	0	0	0	0
Cuta	203.636364	0	1031	0	0	0	1084	125	0	0	0	0	0
Zc3hc1	203.454545	0	1653	0	412	0	0	173	0	0	0	0	0
Rbx1	203.454545	0	1154	0	145	0	855	84	0	0	0	0	0
Rbfa	203.454545	0	860	0	186	0	1192	0	0	0	0	0	0
Mpc2	203.454545	0	1024	0	282	0	767	165	0	0	0	0	0
Dcaf6	203.454545	0	1024	0	282	0	767	165	0	0	0	0	0
Sumf2	203.363636	0	1722	0	357	0	0	158	0	0	0	0	0
Sel1l	203.363636	0	922	0	373	0	698	244	0	0	0	0	0
Nphp4	203.363636	0	1255	0	0	0	253	729	0	0	0	0	0
Itsn1	203.363636	0	1023	0	169	0	840	205	0	0	0	0	0
Cryzl1	203.363636	0	1023	0	169	0	840	205	0	0	0	0	0
Pex19	203.272727	0	1689	0	313	0	234	0	0	0	0	0	0
Bcas3	203.272727	0	1424	0	520	0	292	0	0	0	0	0	0
A130010J15Rik	203.181818	0	1294	0	372	0	404	165	0	0	0	0	0
Jmjd7	203.000000	0	1341	0	420	0	285	187	0	0	0	0	0
Focad	203.000000	0	1140	0	318	0	551	224	0	0	0	0	0
Nelfa	202.818182	0	1139	0	424	0	323	345	0	0	0	0	0
Gtf2h3	202.818182	0	1353	0	322	0	281	275	0	0	0	0	0
Eif2b1	202.818182	0	1353	0	322	0	281	275	0	0	0	0	0
Rnaseh1	202.727273	0	1414	0	410	0	223	183	0	0	0	0	0
Polr2d	202.727273	0	1372	0	390	0	468	0	0	0	0	0	0
Katna1	202.727273	0	1272	0	368	0	466	124	0	0	0	0	0
Clp1	202.727273	0	1254	0	376	0	391	209	0	0	0	0	0
Ap5s1	202.727273	0	1339	0	363	0	347	181	0	0	0	0	0
Vps13a	202.636364	0	1244	0	691	0	197	97	0	0	0	0	0
Nsun4	202.636364	0	1303	0	400	0	320	206	0	0	0	0	0
Eif3h	202.636364	0	1404	0	460	0	365	0	0	0	0	0	0
Rlf	202.545455	0	1138	0	224	0	426	440	0	0	0	0	0
Bub1b	202.454545	0	1410	0	453	0	202	162	0	0	0	0	0
Spty2d1	202.363636	0	1207	0	484	0	251	284	0	0	0	0	0
Med4	202.363636	0	1511	0	310	0	298	107	0	0	0	0	0
Gle1	202.363636	0	1410	0	187	0	380	249	0	0	0	0	0
Tmem123	202.272727	0	1096	0	327	0	691	111	0	0	0	0	0
Hmbs	202.272727	0	1711	0	178	0	165	171	0	0	0	0	0
Golga3	202.272727	0	1465	0	484	0	276	0	0	0	0	0	0
Eif3b	202.090909	0	1149	0	324	0	0	750	0	0	0	0	0
Mettl18	201.909091	0	1363	0	656	0	202	0	0	0	0	0	0
BC055324	201.909091	0	1363	0	656	0	202	0	0	0	0	0	0
Atg4d	201.909091	0	1030	0	253	0	765	173	0	0	0	0	0
Timm22	201.818182	0	1305	0	482	0	142	291	0	0	0	0	0
Raly	201.818182	0	715	0	430	0	410	665	0	0	0	0	0
Dph6	201.818182	0	1441	0	298	0	146	335	0	0	0	0	0
Wdr36	201.727273	0	1345	0	561	0	0	217	0	0	0	96	0
Tmem208	201.727273	0	1208	0	299	0	369	343	0	0	0	0	0
Rcl1	201.727273	0	1003	0	207	0	1009	0	0	0	0	0	0
Rabgef1	201.727273	0	1378	0	422	0	253	166	0	0	0	0	0
Lrrc29	201.727273	0	1208	0	299	0	369	343	0	0	0	0	0
Cstf2t	201.727273	0	1501	0	481	0	128	109	0	0	0	0	0
Ndufv1	201.636364	0	1228	0	140	0	431	419	0	0	0	0	0
Rpl27a	201.454545	0	1166	0	217	0	731	102	0	0	0	0	0
Qtrt2	201.454545	0	1278	0	361	0	387	190	0	0	0	0	0
Dhx8	201.454545	0	1481	0	356	0	206	173	0	0	0	0	0
Ccdc191	201.454545	0	1278	0	361	0	387	190	0	0	0	0	0
Rbm4b	201.363636	0	981	0	248	0	847	139	0	0	0	0	0
Zfp943	201.272727	0	1339	0	707	0	0	168	0	0	0	0	0
Zfp942	201.272727	0	1339	0	707	0	0	168	0	0	0	0	0
Tmem209	201.272727	0	1280	0	412	0	97	425	0	0	0	0	0
Ssmem1	201.272727	0	1280	0	412	0	97	425	0	0	0	0	0
Ppp1r12b	201.272727	0	1304	0	320	0	302	288	0	0	0	0	0
Zscan26	201.181818	0	1589	0	406	0	0	218	0	0	0	0	0
Mtrf1l	201.181818	0	751	0	217	0	1102	143	0	0	0	0	0
Taf1c	201.000000	0	1601	0	423	0	114	73	0	0	0	0	0
Zfp960	200.909091	0	1480	0	588	0	0	142	0	0	0	0	0
Pdk1	200.818182	0	637	0	283	0	1140	149	0	0	0	0	0
Def8	200.818182	0	1618	0	401	0	0	190	0	0	0	0	0
Cct2	200.818182	0	1529	0	329	0	351	0	0	0	0	0	0
4931428F04Rik	200.818182	0	1420	0	297	0	492	0	0	0	0	0	0
Slc25a19	200.727273	0	1460	0	209	0	311	228	0	0	0	0	0
Mtch2	200.636364	0	1256	0	273	0	500	178	0	0	0	0	0
Mrpl42	200.636364	0	1741	0	466	0	0	0	0	0	0	0	0
Fam222b	200.636364	0	1367	0	421	0	185	234	0	0	0	0	0
Fam110a	200.636364	0	1285	0	162	0	521	239	0	0	0	0	0
Ccdc32	200.636364	0	1515	0	340	0	352	0	0	0	0	0	0
Bcas2	200.636364	0	1323	0	572	0	187	125	0	0	0	0	0
Tbc1d13	200.545455	0	1498	0	180	0	257	102	0	0	0	169	0
Sgo2a	200.545455	0	1501	0	259	0	340	106	0	0	0	0	0
Pias4	200.545455	0	681	0	153	0	1252	120	0	0	0	0	0
Dctn6	200.545455	0	1330	0	305	0	348	223	0	0	0	0	0
Cnnm2	200.545455	0	1010	0	210	0	803	183	0	0	0	0	0
Wdr92	200.454545	0	1122	0	484	0	289	310	0	0	0	0	0
Pno1	200.454545	0	1122	0	484	0	289	310	0	0	0	0	0
Acyp2	200.454545	0	1301	0	525	0	94	285	0	0	0	0	0
Pole2	200.363636	0	1441	0	392	0	260	111	0	0	0	0	0
Mrpl1	200.363636	0	1333	0	765	0	0	0	0	0	0	106	0
Fam20b	200.363636	0	903	0	221	0	905	175	0	0	0	0	0
Ttk	200.272727	0	1555	0	391	0	139	118	0	0	0	0	0
Taf15	200.272727	0	964	0	245	0	0	994	0	0	0	0	0
Osbpl5	200.272727	0	1464	0	258	0	358	123	0	0	0	0	0
Adh5	200.272727	0	910	0	226	0	820	247	0	0	0	0	0
Cyp4f13	200.181818	0	1458	0	444	0	121	179	0	0	0	0	0
Atrn	200.090909	0	1250	0	520	0	232	199	0	0	0	0	0
Zfp809	200.000000	0	1576	0	276	0	122	226	0	0	0	0	0
Pias1	200.000000	0	957	0	345	0	667	231	0	0	0	0	0
Mesd	200.000000	0	1205	0	261	0	519	215	0	0	0	0	0
Meak7	200.000000	0	1535	0	169	0	419	77	0	0	0	0	0
Txn2	199.909091	0	1158	0	220	0	667	154	0	0	0	0	0
Rnaset2b	199.909091	0	995	0	257	0	843	104	0	0	0	0	0
Slc25a32	199.818182	0	1077	0	265	0	712	144	0	0	0	0	0
Phf14	199.818182	0	1337	0	509	0	134	218	0	0	0	0	0
Ndufa4	199.818182	0	1337	0	509	0	134	218	0	0	0	0	0
Dcaf13	199.818182	0	1077	0	265	0	712	144	0	0	0	0	0
2610507B11Rik	199.818182	0	1253	0	344	0	493	108	0	0	0	0	0
Rdh12	199.727273	0	1555	0	642	0	0	0	0	0	0	0	0
Kat7	199.727273	0	1355	0	387	0	263	192	0	0	0	0	0
Srek1	199.636364	0	1174	0	412	0	244	366	0	0	0	0	0
Ptcd2	199.636364	0	1214	0	422	0	139	333	0	0	0	88	0
Mrps27	199.636364	0	1214	0	422	0	139	333	0	0	0	88	0
Prkci	199.545455	0	809	0	300	0	145	941	0	0	0	0	0
Lrrc20	199.545455	0	1233	0	209	0	594	159	0	0	0	0	0
Lrpprc	199.545455	0	733	0	273	0	108	1081	0	0	0	0	0
Mtrex	199.454545	0	1180	0	487	0	317	210	0	0	0	0	0
Ermard	199.454545	0	1148	0	481	0	260	305	0	0	0	0	0
Dhx29	199.454545	0	1180	0	487	0	317	210	0	0	0	0	0
Rpl21	199.363636	0	1314	0	290	0	358	231	0	0	0	0	0
Pkd2l2	199.363636	0	1642	0	416	0	0	135	0	0	0	0	0
Med16	199.363636	0	1352	0	276	0	404	161	0	0	0	0	0
Mak16	199.363636	0	1375	0	404	0	256	158	0	0	0	0	0
Gmppb	199.363636	0	1405	0	244	0	449	95	0	0	0	0	0
Fbxo48	199.363636	0	1018	0	501	0	674	0	0	0	0	0	0
Cops3	199.363636	0	1660	0	217	0	132	184	0	0	0	0	0
Ccndbp1	199.363636	0	1382	0	379	0	432	0	0	0	0	0	0
Zfp146	199.272727	0	1331	0	527	0	133	201	0	0	0	0	0
Tfb1m	199.272727	0	1531	0	387	0	274	0	0	0	0	0	0
Pgap2	199.090909	0	1246	0	624	0	215	105	0	0	0	0	0
Nup98	199.090909	0	1246	0	624	0	215	105	0	0	0	0	0
Eaf2	199.090909	0	1403	0	411	0	182	194	0	0	0	0	0
Slc44a2	199.000000	0	932	0	226	0	906	125	0	0	0	0	0
Sgta	199.000000	0	1396	0	148	0	385	260	0	0	0	0	0
Rps27rt	199.000000	0	1602	0	378	0	0	209	0	0	0	0	0
Mcm3	199.000000	0	1686	0	204	0	136	163	0	0	0	0	0
Heatr3	199.000000	0	1338	0	235	0	459	157	0	0	0	0	0
B3gntl1	199.000000	0	1313	0	325	0	389	162	0	0	0	0	0
Slc35b1	198.909091	0	1389	0	369	0	263	167	0	0	0	0	0
Sin3b	198.909091	0	1214	0	161	0	813	0	0	0	0	0	0
Rbm8a	198.909091	0	1253	0	304	0	400	231	0	0	0	0	0
Brap	198.909091	0	1442	0	419	0	207	120	0	0	0	0	0
Acad10	198.909091	0	1442	0	419	0	207	120	0	0	0	0	0
Aopep	198.818182	0	1480	0	307	0	133	267	0	0	0	0	0
Zfp719	198.727273	0	1376	0	384	0	303	123	0	0	0	0	0
Slc35e1	198.727273	0	873	0	241	0	924	148	0	0	0	0	0
Ndst2	198.727273	0	1014	0	0	0	312	860	0	0	0	0	0
Tomm40l	198.636364	0	925	0	227	0	934	99	0	0	0	0	0
BC031181	198.636364	0	1456	0	322	0	270	137	0	0	0	0	0
Apoa2	198.636364	0	925	0	227	0	934	99	0	0	0	0	0
Mrps9	198.545455	0	1412	0	212	0	560	0	0	0	0	0	0
Lmbr1l	198.454545	0	819	0	331	0	811	222	0	0	0	0	0
Arfgap3	198.454545	0	1101	0	139	0	818	125	0	0	0	0	0
Mrps28	198.272727	0	1610	0	312	0	259	0	0	0	0	0	0
Dcaf11	198.272727	0	1312	0	309	0	324	236	0	0	0	0	0
Tmem161a	198.181818	0	1354	0	387	0	293	146	0	0	0	0	0
Sdha	198.181818	0	1359	0	601	0	78	142	0	0	0	0	0
Msmo1	198.181818	0	1466	0	252	0	462	0	0	0	0	0	0
Ccdc127	198.181818	0	1359	0	601	0	78	142	0	0	0	0	0
Aph1b	198.181818	0	1180	0	321	0	493	186	0	0	0	0	0
Zfp638	198.000000	0	1453	0	591	0	0	134	0	0	0	0	0
Spop	198.000000	0	1290	0	291	0	472	125	0	0	0	0	0
Mpv17	198.000000	0	1551	0	321	0	135	171	0	0	0	0	0
Cdkal1	198.000000	0	1563	0	467	0	0	148	0	0	0	0	0
Znfx1	197.909091	0	1037	0	136	0	345	519	0	0	0	140	0
Xpnpep1	197.909091	0	1010	0	124	0	884	159	0	0	0	0	0
Atp6v0c	197.909091	0	1002	0	162	0	200	813	0	0	0	0	0
Rpgrip1l	197.727273	0	1586	0	294	0	142	153	0	0	0	0	0
Fto	197.727273	0	1586	0	294	0	142	153	0	0	0	0	0
Abhd1	197.636364	0	1257	0	283	0	488	146	0	0	0	0	0
Sec13	197.454545	0	1576	0	401	0	0	195	0	0	0	0	0
Relch	197.454545	0	960	0	492	0	720	0	0	0	0	0	0
Psap	197.454545	0	1324	0	260	0	354	234	0	0	0	0	0
Pign	197.454545	0	960	0	492	0	720	0	0	0	0	0	0
Wdpcp	197.363636	0	1260	0	622	0	289	0	0	0	0	0	0
Mdh1	197.363636	0	1260	0	622	0	289	0	0	0	0	0	0
Mcrs1	197.363636	0	1233	0	211	0	592	135	0	0	0	0	0
Coq7	197.363636	0	1370	0	290	0	127	384	0	0	0	0	0
Ccdc167	197.363636	0	1542	0	324	0	208	97	0	0	0	0	0
Ulk1	197.272727	0	759	0	110	0	1301	0	0	0	0	0	0
Fyco1	197.272727	0	1251	0	452	0	330	137	0	0	0	0	0
Zfp101	197.181818	0	1611	0	445	0	0	113	0	0	0	0	0
Prdm9	197.181818	0	1394	0	320	0	336	119	0	0	0	0	0
Khk	197.181818	0	1694	0	475	0	0	0	0	0	0	0	0
Ilf2	197.181818	0	1526	0	335	0	182	126	0	0	0	0	0
Elp6	197.181818	0	1476	0	283	0	104	306	0	0	0	0	0
Slx4ip	197.000000	0	1107	0	643	0	249	168	0	0	0	0	0
Mkks	197.000000	0	1107	0	643	0	249	168	0	0	0	0	0
Htatsf1	197.000000	0	1470	0	437	0	172	88	0	0	0	0	0
Clpb	197.000000	0	1763	0	303	0	0	101	0	0	0	0	0
Tmem14c	196.909091	0	1613	0	329	0	224	0	0	0	0	0	0
Psmd9	196.909091	0	1647	0	162	0	266	91	0	0	0	0	0
Mrpl30	196.909091	0	1370	0	389	0	249	158	0	0	0	0	0
Mospd3	196.909091	0	1476	0	349	0	341	0	0	0	0	0	0
Mitd1	196.909091	0	1370	0	389	0	249	158	0	0	0	0	0
Mccc1	196.909091	0	1403	0	351	0	271	141	0	0	0	0	0
Fanci	196.909091	0	1427	0	306	0	0	433	0	0	0	0	0
Psmc3	196.818182	0	1270	0	425	0	304	166	0	0	0	0	0
Fam185a	196.818182	0	1512	0	424	0	120	109	0	0	0	0	0
Ccdc146	196.818182	0	1512	0	424	0	120	109	0	0	0	0	0
Abcc10	196.818182	0	1166	0	293	0	502	204	0	0	0	0	0
Med6	196.727273	0	1111	0	387	0	501	165	0	0	0	0	0
Zfp386	196.636364	0	1476	0	253	0	301	133	0	0	0	0	0
Mphosph9	196.636364	0	1085	0	474	0	270	334	0	0	0	0	0
Ap2m1	196.636364	0	1405	0	241	0	307	210	0	0	0	0	0
2810006K23Rik	196.636364	0	1085	0	474	0	270	334	0	0	0	0	0
Stil	196.545455	0	1325	0	531	0	181	125	0	0	0	0	0
Ralgapa2	196.545455	0	1139	0	424	0	599	0	0	0	0	0	0
Nprl2	196.545455	0	1568	0	256	0	176	162	0	0	0	0	0
Eapp	196.545455	0	1300	0	340	0	167	144	0	0	0	211	0
Cyb561d2	196.545455	0	1568	0	256	0	176	162	0	0	0	0	0
Cops6	196.545455	0	1528	0	362	0	272	0	0	0	0	0	0
Cep55	196.545455	0	1170	0	447	0	545	0	0	0	0	0	0
Ccdc107	196.545455	0	1286	0	159	0	533	184	0	0	0	0	0
Scrn3	196.454545	0	1226	0	468	0	354	113	0	0	0	0	0
Cir1	196.454545	0	1226	0	468	0	354	113	0	0	0	0	0
Cd164	196.454545	0	611	0	217	0	304	1029	0	0	0	0	0
Phpt1	196.363636	0	1405	0	408	0	149	198	0	0	0	0	0
Pdhb	196.363636	0	960	0	409	0	658	133	0	0	0	0	0
Alg1	196.363636	0	1407	0	271	0	289	193	0	0	0	0	0
Psmg4	196.090909	0	1662	0	264	0	231	0	0	0	0	0	0
Kyat1	196.090909	0	1336	0	399	0	276	146	0	0	0	0	0
Vkorc1l1	196.000000	0	561	0	350	0	1050	195	0	0	0	0	0
Ubap1	196.000000	0	1228	0	407	0	356	165	0	0	0	0	0
Prpf38a	196.000000	0	1104	0	565	0	377	110	0	0	0	0	0
Pcyox1	196.000000	0	1009	0	144	0	847	156	0	0	0	0	0
Orc1	196.000000	0	1104	0	565	0	377	110	0	0	0	0	0
Cnot10	196.000000	0	1032	0	248	0	714	162	0	0	0	0	0
Zfyve19	195.909091	0	1238	0	459	0	318	140	0	0	0	0	0
Dnajc17	195.909091	0	1238	0	459	0	318	140	0	0	0	0	0
Cacybp	195.909091	0	1261	0	374	0	316	204	0	0	0	0	0
Oxsm	195.818182	0	1462	0	447	0	113	132	0	0	0	0	0
Mcm9	195.818182	0	1388	0	223	0	433	110	0	0	0	0	0
Marchf3	195.818182	0	953	0	197	0	855	149	0	0	0	0	0
Urgcp	195.727273	0	1406	0	222	0	220	305	0	0	0	0	0
Tmem170	195.727273	0	1154	0	384	0	521	94	0	0	0	0	0
Ppat	195.727273	0	1209	0	203	0	498	243	0	0	0	0	0
Paics	195.727273	0	1209	0	203	0	498	243	0	0	0	0	0
Cr1l	195.727273	0	1488	0	522	0	0	143	0	0	0	0	0
Tpcn2	195.545455	0	1224	0	281	0	534	112	0	0	0	0	0
Tmem97	195.545455	0	1194	0	186	0	642	129	0	0	0	0	0
Fam120b	195.545455	0	1357	0	289	0	335	170	0	0	0	0	0
Cntrl	195.545455	0	1291	0	469	0	245	146	0	0	0	0	0
Zfp433	195.454545	0	1650	0	180	0	153	167	0	0	0	0	0
Ybey	195.454545	0	1516	0	328	0	183	123	0	0	0	0	0
Tmem42	195.454545	0	1229	0	606	0	113	202	0	0	0	0	0
Rab8a	195.454545	0	1043	0	312	0	608	187	0	0	0	0	0
Mcm3ap	195.454545	0	1516	0	328	0	183	123	0	0	0	0	0
Gm32687	195.454545	0	1650	0	180	0	153	167	0	0	0	0	0
Dcp1a	195.454545	0	1541	0	317	0	138	154	0	0	0	0	0
Smg9	195.363636	0	1591	0	104	0	271	183	0	0	0	0	0
Oxa1l	195.363636	0	1749	0	400	0	0	0	0	0	0	0	0
Aamp	195.363636	0	1059	0	189	0	743	158	0	0	0	0	0
Mtg1	195.272727	0	1636	0	285	0	68	159	0	0	0	0	0
Mrps23	195.272727	0	1196	0	510	0	265	177	0	0	0	0	0
Mrpl45	195.272727	0	1299	0	185	0	406	258	0	0	0	0	0
Zfp882	195.181818	0	1661	0	366	0	0	120	0	0	0	0	0
Zfp141	195.181818	0	1513	0	327	0	158	149	0	0	0	0	0
Exosc9	195.181818	0	1178	0	277	0	488	204	0	0	0	0	0
Xpnpep3	195.090909	0	1071	0	498	0	239	338	0	0	0	0	0
St13	195.090909	0	1071	0	498	0	239	338	0	0	0	0	0
Serinc1	195.090909	0	1376	0	330	0	249	191	0	0	0	0	0
Gatad2a	195.090909	0	855	0	275	0	848	168	0	0	0	0	0
Ccnt2	195.000000	0	1095	0	288	0	573	189	0	0	0	0	0
Bbs10	195.000000	0	1345	0	312	0	263	225	0	0	0	0	0
Rwdd2b	194.909091	0	1510	0	225	0	212	197	0	0	0	0	0
Noc3l	194.909091	0	1416	0	431	0	158	139	0	0	0	0	0
Ndc80	194.909091	0	1482	0	338	0	181	143	0	0	0	0	0
Dmap1	194.909091	0	1748	0	283	0	0	113	0	0	0	0	0
Urm1	194.727273	0	1241	0	335	0	461	105	0	0	0	0	0
Scrn2	194.727273	0	1802	0	340	0	0	0	0	0	0	0	0
Polr2k	194.727273	0	1249	0	509	0	233	151	0	0	0	0	0
Fdxacb1	194.727273	0	1476	0	409	0	125	132	0	0	0	0	0
Ctbs	194.727273	0	1293	0	327	0	522	0	0	0	0	0	0
1110032A03Rik	194.727273	0	1476	0	409	0	125	132	0	0	0	0	0
Efcab14	194.636364	0	1393	0	316	0	341	91	0	0	0	0	0
Zbtb41	194.545455	0	1472	0	359	0	112	197	0	0	0	0	0
Larp4	194.545455	0	940	0	323	0	568	309	0	0	0	0	0
Bclaf1	194.545455	0	1101	0	390	0	472	177	0	0	0	0	0
Atp6v0e	194.545455	0	1544	0	289	0	164	143	0	0	0	0	0
Aspscr1	194.545455	0	1503	0	215	0	326	96	0	0	0	0	0
Zfp14	194.454545	0	1256	0	561	0	133	189	0	0	0	0	0
Snrnp200	194.454545	0	1434	0	336	0	211	158	0	0	0	0	0
Ankrd13a	194.454545	0	570	0	195	0	0	1374	0	0	0	0	0
1810024B03Rik	194.454545	0	1434	0	336	0	211	158	0	0	0	0	0
Spata17	194.363636	0	1250	0	479	0	0	409	0	0	0	0	0
Gpatch2	194.363636	0	1250	0	479	0	0	409	0	0	0	0	0
Necap1	194.272727	0	1528	0	486	0	123	0	0	0	0	0	0
Tfpt	194.181818	0	1494	0	395	0	0	247	0	0	0	0	0
Prpf31	194.181818	0	1494	0	395	0	0	247	0	0	0	0	0
Pccb	194.181818	0	1491	0	374	0	123	148	0	0	0	0	0
Ankfy1	194.090909	0	1324	0	280	0	402	129	0	0	0	0	0
Acin1	194.000000	0	1552	0	427	0	155	0	0	0	0	0	0
Vmp1	193.909091	0	1166	0	604	0	231	132	0	0	0	0	0
Riox2	193.909091	0	1293	0	485	0	123	232	0	0	0	0	0
Rad54l	193.909091	0	1243	0	496	0	244	150	0	0	0	0	0
Ptrh2	193.909091	0	1166	0	604	0	231	132	0	0	0	0	0
Akr1a1	193.909091	0	1382	0	396	0	178	177	0	0	0	0	0
Rab28	193.818182	0	1019	0	221	0	180	712	0	0	0	0	0
Ppm1g	193.818182	0	1088	0	410	0	473	161	0	0	0	0	0
Fbxo33	193.818182	0	891	0	296	0	208	737	0	0	0	0	0
Eif2ak4	193.818182	0	1253	0	196	0	683	0	0	0	0	0	0
Cdiptos	193.818182	0	1063	0	0	0	143	926	0	0	0	0	0
Bard1	193.818182	0	1126	0	367	0	547	92	0	0	0	0	0
Usp3	193.727273	0	715	0	303	0	1113	0	0	0	0	0	0
Ppp1r21	193.727273	0	1079	0	351	0	530	171	0	0	0	0	0
Atp6v1c1	193.727273	0	1258	0	343	0	367	163	0	0	0	0	0
Atg7	193.727273	0	1483	0	443	0	0	205	0	0	0	0	0
Zfp58	193.636364	0	1605	0	393	0	0	132	0	0	0	0	0
Txlna	193.636364	0	1609	0	149	0	209	163	0	0	0	0	0
Neu1	193.636364	0	812	0	190	0	965	163	0	0	0	0	0
Hibadh	193.636364	0	1113	0	295	0	649	73	0	0	0	0	0
Cspp1	193.636364	0	1013	0	387	0	0	730	0	0	0	0	0
Cops5	193.636364	0	1013	0	387	0	0	730	0	0	0	0	0
Chst12	193.636364	0	947	0	187	0	836	160	0	0	0	0	0
Tep1	193.545455	0	1661	0	468	0	0	0	0	0	0	0	0
Poc5	193.545455	0	1242	0	386	0	291	210	0	0	0	0	0
Serinc4	193.454545	0	1690	0	438	0	0	0	0	0	0	0	0
Rwdd3	193.454545	0	1118	0	213	0	797	0	0	0	0	0	0
Hypk	193.454545	0	1690	0	438	0	0	0	0	0	0	0	0
Snw1	193.363636	0	1614	0	291	0	97	125	0	0	0	0	0
Aip	193.363636	0	1038	0	201	0	739	149	0	0	0	0	0
Mrpl55	193.272727	0	1252	0	195	0	497	182	0	0	0	0	0
Ints7	193.272727	0	1303	0	461	0	177	185	0	0	0	0	0
Dtl	193.272727	0	1303	0	461	0	177	185	0	0	0	0	0
Pomt2	193.181818	0	1069	0	187	0	626	243	0	0	0	0	0
Gstz1	193.181818	0	1069	0	187	0	626	243	0	0	0	0	0
Ccnh	193.090909	0	1084	0	368	0	521	151	0	0	0	0	0
Zfp866	193.000000	0	1668	0	177	0	135	143	0	0	0	0	0
Srpr	192.909091	0	1222	0	224	0	493	183	0	0	0	0	0
Foxred1	192.909091	0	1222	0	224	0	493	183	0	0	0	0	0
Atxn7l2	192.909091	0	1218	0	439	0	208	257	0	0	0	0	0
Arnt	192.909091	0	1141	0	249	0	563	169	0	0	0	0	0
Ubap2	192.818182	0	1336	0	316	0	257	212	0	0	0	0	0
Taok2	192.818182	0	1364	0	401	0	188	168	0	0	0	0	0
Srebf2	192.818182	0	953	0	306	0	734	128	0	0	0	0	0
Trub1	192.727273	0	1564	0	340	0	0	216	0	0	0	0	0
Grpel1	192.727273	0	1363	0	195	0	379	183	0	0	0	0	0
Ddx18	192.727273	0	1501	0	317	0	121	181	0	0	0	0	0
Zfp759	192.636364	0	1401	0	636	0	0	82	0	0	0	0	0
Ovca2	192.636364	0	1022	0	221	0	727	149	0	0	0	0	0
Oser1	192.545455	0	1062	0	294	0	575	187	0	0	0	0	0
Mrps11	192.454545	0	1069	0	339	0	0	709	0	0	0	0	0
Mrpl46	192.454545	0	1069	0	339	0	0	709	0	0	0	0	0
Gpatch4	192.454545	0	1613	0	383	0	0	121	0	0	0	0	0
Cox7a2	192.454545	0	1262	0	452	0	235	168	0	0	0	0	0
Commd9	192.454545	0	1519	0	477	0	0	121	0	0	0	0	0
Tom1	192.363636	0	1170	0	273	0	548	125	0	0	0	0	0
Inip	192.363636	0	1232	0	326	0	387	171	0	0	0	0	0
Tomm5	192.272727	0	1514	0	369	0	131	101	0	0	0	0	0
Rbm4	192.272727	0	1439	0	452	0	104	120	0	0	0	0	0
P4ha1	192.272727	0	1123	0	213	0	494	200	0	0	0	85	0
Adipor2	192.272727	0	1236	0	372	0	507	0	0	0	0	0	0
Vps33a	192.181818	0	1323	0	348	0	295	148	0	0	0	0	0
Tmem219	192.181818	0	1274	0	194	0	383	263	0	0	0	0	0
Smim11	192.181818	0	1400	0	424	0	153	137	0	0	0	0	0
Nup54	192.181818	0	940	0	316	0	522	201	0	0	0	135	0
Ahcyl1	192.181818	0	928	0	181	0	720	285	0	0	0	0	0
Snrnp25	192.090909	0	1420	0	354	0	174	165	0	0	0	0	0
Pola2	192.090909	0	1518	0	390	0	205	0	0	0	0	0	0
Dctn4	192.090909	0	1552	0	318	0	93	150	0	0	0	0	0
Atg12	192.090909	0	852	0	279	0	181	801	0	0	0	0	0
Ap3s1	192.090909	0	852	0	279	0	181	801	0	0	0	0	0
Yif1b	191.909091	0	671	0	195	0	1025	220	0	0	0	0	0
Tm2d2	191.909091	0	1037	0	206	0	868	0	0	0	0	0	0
Ltn1	191.909091	0	1266	0	255	0	454	136	0	0	0	0	0
Haus1	191.909091	0	1168	0	362	0	581	0	0	0	0	0	0
Adam9	191.909091	0	1037	0	206	0	868	0	0	0	0	0	0
Ptpn4	191.818182	0	1017	0	262	0	679	152	0	0	0	0	0
Miip	191.818182	0	996	0	391	0	559	164	0	0	0	0	0
Fv1	191.818182	0	996	0	391	0	559	164	0	0	0	0	0
Utp18	191.727273	0	1060	0	213	0	225	611	0	0	0	0	0
Papss1	191.727273	0	1288	0	158	0	663	0	0	0	0	0	0
Mbtd1	191.727273	0	1060	0	213	0	225	611	0	0	0	0	0
Fam214a	191.727273	0	1363	0	347	0	290	109	0	0	0	0	0
Ep400	191.727273	0	1149	0	183	0	629	148	0	0	0	0	0
Dyrk1b	191.727273	0	1562	0	164	0	383	0	0	0	0	0	0
Srsf7	191.545455	0	1134	0	236	0	292	295	0	0	0	150	0
Sra1	191.545455	0	1241	0	427	0	338	101	0	0	0	0	0
Shpk	191.545455	0	1447	0	560	0	100	0	0	0	0	0	0
Pick1	191.545455	0	1622	0	179	0	74	232	0	0	0	0	0
Mtf2	191.545455	0	1230	0	396	0	324	157	0	0	0	0	0
Ints10	191.545455	0	1277	0	219	0	207	404	0	0	0	0	0
Ctns	191.545455	0	1447	0	560	0	100	0	0	0	0	0	0
Chek1	191.454545	0	1397	0	561	0	0	148	0	0	0	0	0
Tmem218	191.363636	0	1417	0	455	0	113	120	0	0	0	0	0
Shmt2	191.363636	0	1422	0	374	0	149	160	0	0	0	0	0
Rbbp6	191.363636	0	799	0	248	0	818	240	0	0	0	0	0
Ercc1	191.363636	0	1737	0	179	0	0	189	0	0	0	0	0
Dera	191.272727	0	1497	0	408	0	199	0	0	0	0	0	0
Arfgap2	191.272727	0	1312	0	296	0	351	145	0	0	0	0	0
9030025P20Rik	191.272727	0	1154	0	497	0	165	288	0	0	0	0	0
Ip6k2	191.181818	0	1101	0	305	0	573	124	0	0	0	0	0
Tmem115	191.090909	0	1326	0	195	0	425	156	0	0	0	0	0
Eprs	191.090909	0	1096	0	347	0	387	272	0	0	0	0	0
Degs1	191.000000	0	966	0	213	0	922	0	0	0	0	0	0
Pigo	190.909091	0	1458	0	349	0	128	165	0	0	0	0	0
Ggcx	190.909091	0	1313	0	276	0	511	0	0	0	0	0	0
Blm	190.909091	0	1072	0	439	0	410	179	0	0	0	0	0
Zfp738	190.818182	0	1412	0	436	0	118	133	0	0	0	0	0
Nol6	190.818182	0	930	0	298	0	775	96	0	0	0	0	0
Ift57	190.818182	0	971	0	195	0	702	231	0	0	0	0	0
Cog2	190.818182	0	1411	0	204	0	276	208	0	0	0	0	0
Uap1	190.727273	0	619	0	245	0	1081	153	0	0	0	0	0
Nudcd2	190.727273	0	1527	0	496	0	75	0	0	0	0	0	0
Nop58	190.727273	0	1247	0	429	0	178	244	0	0	0	0	0
Lsm5	190.727273	0	1442	0	526	0	130	0	0	0	0	0	0
Hmmr	190.727273	0	1527	0	496	0	75	0	0	0	0	0	0
Zfp933	190.636364	0	1434	0	475	0	116	72	0	0	0	0	0
Zfp568	190.636364	0	874	0	360	0	681	182	0	0	0	0	0
Usp37	190.636364	0	1192	0	300	0	369	236	0	0	0	0	0
Txn1	190.636364	0	967	0	191	0	852	87	0	0	0	0	0
Mapkapk5	190.636364	0	1354	0	601	0	142	0	0	0	0	0	0
Cnot9	190.636364	0	1192	0	300	0	369	236	0	0	0	0	0
Spg21	190.454545	0	1224	0	462	0	290	119	0	0	0	0	0
Pdcl3	190.454545	0	1381	0	237	0	477	0	0	0	0	0	0
Ccdc28a	190.454545	0	1359	0	521	0	215	0	0	0	0	0	0
C1d	190.454545	0	1597	0	334	0	0	164	0	0	0	0	0
6430548M08Rik	190.454545	0	909	0	0	0	983	203	0	0	0	0	0
Sri	190.363636	0	1091	0	294	0	214	495	0	0	0	0	0
Mon1a	190.363636	0	1500	0	256	0	193	145	0	0	0	0	0
Cbr4	190.363636	0	1420	0	364	0	100	210	0	0	0	0	0
Bzw2	190.363636	0	720	0	260	0	249	865	0	0	0	0	0
Ankmy2	190.363636	0	720	0	260	0	249	865	0	0	0	0	0
Spa17	190.272727	0	1224	0	344	0	352	173	0	0	0	0	0
Siae	190.272727	0	1224	0	344	0	352	173	0	0	0	0	0
Sec61a1	190.272727	0	1100	0	383	0	461	149	0	0	0	0	0
Pitpnb	190.272727	0	961	0	309	0	698	125	0	0	0	0	0
Ift46	190.272727	0	1407	0	389	0	189	108	0	0	0	0	0
Tbl2	190.181818	0	901	0	267	0	748	176	0	0	0	0	0
Tecr	190.090909	0	1189	0	437	0	376	89	0	0	0	0	0
Spg11	190.090909	0	1407	0	186	0	357	141	0	0	0	0	0
Iqch	190.090909	0	1199	0	208	0	146	538	0	0	0	0	0
Engase	190.090909	0	1338	0	191	0	445	117	0	0	0	0	0
Aagab	190.090909	0	1199	0	208	0	146	538	0	0	0	0	0
Wwox	190.000000	0	1374	0	238	0	173	305	0	0	0	0	0
Pibf1	190.000000	0	1195	0	517	0	378	0	0	0	0	0	0
Emc2	190.000000	0	1432	0	345	0	313	0	0	0	0	0	0
Dis3	190.000000	0	1195	0	517	0	378	0	0	0	0	0	0
Oxnad1	189.909091	0	1375	0	385	0	138	191	0	0	0	0	0
Mydgf	189.909091	0	1486	0	259	0	344	0	0	0	0	0	0
Gan	189.909091	0	1213	0	310	0	369	197	0	0	0	0	0
Dph3	189.909091	0	1375	0	385	0	138	191	0	0	0	0	0
Btrc	189.909091	0	1413	0	227	0	253	196	0	0	0	0	0
Polr3b	189.818182	0	1618	0	317	0	0	153	0	0	0	0	0
Mecr	189.818182	0	1404	0	270	0	172	242	0	0	0	0	0
Coa6	189.818182	0	1323	0	278	0	487	0	0	0	0	0	0
Utp15	189.727273	0	1096	0	293	0	518	180	0	0	0	0	0
Tmem161b	189.727273	0	1260	0	427	0	297	103	0	0	0	0	0
Qars	189.727273	0	1427	0	310	0	239	111	0	0	0	0	0
Hmgn2	189.727273	0	855	0	206	0	931	95	0	0	0	0	0
Dohh	189.727273	0	1092	0	180	0	275	540	0	0	0	0	0
Ankra2	189.727273	0	1096	0	293	0	518	180	0	0	0	0	0
Anapc7	189.727273	0	1268	0	492	0	93	234	0	0	0	0	0
Zbtb44	189.636364	0	1216	0	529	0	222	119	0	0	0	0	0
Tbc1d10a	189.636364	0	1109	0	129	0	725	123	0	0	0	0	0
Stxbp3	189.636364	0	1168	0	379	0	412	127	0	0	0	0	0
Cactin	189.636364	0	761	0	175	0	881	269	0	0	0	0	0
Slc35e2	189.545455	0	1102	0	170	0	209	604	0	0	0	0	0
Osgepl1	189.545455	0	1527	0	558	0	0	0	0	0	0	0	0
Hacl1	189.545455	0	1414	0	317	0	158	196	0	0	0	0	0
Btd	189.545455	0	1414	0	317	0	158	196	0	0	0	0	0
Ap2a1	189.545455	0	770	0	0	0	1226	89	0	0	0	0	0
Anapc10	189.545455	0	1168	0	409	0	214	294	0	0	0	0	0
Abce1	189.545455	0	1168	0	409	0	214	294	0	0	0	0	0
Pfdn4	189.454545	0	1083	0	149	0	0	852	0	0	0	0	0
Ndufa2	189.454545	0	1403	0	447	0	136	98	0	0	0	0	0
Ik	189.454545	0	1403	0	447	0	136	98	0	0	0	0	0
Dhx34	189.454545	0	1442	0	328	0	146	168	0	0	0	0	0
Zfp267	189.363636	0	1140	0	172	0	520	251	0	0	0	0	0
Tmem43	189.363636	0	1278	0	354	0	353	98	0	0	0	0	0
Snapc1	189.363636	0	1453	0	282	0	219	129	0	0	0	0	0
Myg1	189.363636	0	1515	0	304	0	122	142	0	0	0	0	0
Gmppa	189.363636	0	1249	0	526	0	202	106	0	0	0	0	0
Chchd4	189.363636	0	1278	0	354	0	353	98	0	0	0	0	0
Rfxank	189.272727	0	1048	0	284	0	750	0	0	0	0	0	0
Gm45929	189.272727	0	1048	0	284	0	750	0	0	0	0	0	0
Borcs8	189.272727	0	1048	0	284	0	750	0	0	0	0	0	0
Zfp712	189.181818	0	1365	0	590	0	126	0	0	0	0	0	0
Spidr	189.181818	0	1311	0	397	0	373	0	0	0	0	0	0
Pcf11	189.181818	0	873	0	356	0	682	170	0	0	0	0	0
Nmt2	189.181818	0	843	0	222	0	1016	0	0	0	0	0	0
N6amt1	189.181818	0	1646	0	0	0	129	306	0	0	0	0	0
Ing2	189.181818	0	656	0	379	0	1046	0	0	0	0	0	0
Zfp438	189.090909	0	899	0	220	0	807	154	0	0	0	0	0
Wdr43	189.090909	0	1160	0	484	0	305	131	0	0	0	0	0
Usp22	189.090909	0	1023	0	182	0	778	97	0	0	0	0	0
Tube1	189.090909	0	1429	0	354	0	143	154	0	0	0	0	0
Ist1	189.090909	0	942	0	174	0	723	241	0	0	0	0	0
Ggnbp1	189.090909	0	1726	0	354	0	0	0	0	0	0	0	0
Fam229b	189.090909	0	1429	0	354	0	143	154	0	0	0	0	0
Tada3	189.000000	0	983	0	306	0	0	790	0	0	0	0	0
Poldip3	189.000000	0	1160	0	291	0	95	267	0	0	0	266	0
Cep295	189.000000	0	1074	0	501	0	407	97	0	0	0	0	0
Bcl2l13	189.000000	0	1269	0	429	0	151	230	0	0	0	0	0
Arpc4	189.000000	0	983	0	306	0	0	790	0	0	0	0	0
Psmb2	188.909091	0	1273	0	209	0	233	363	0	0	0	0	0
Lcmt1	188.909091	0	1141	0	222	0	590	125	0	0	0	0	0
Gabpb2	188.909091	0	1458	0	489	0	0	131	0	0	0	0	0
Ssh2	188.818182	0	1283	0	314	0	189	178	0	0	0	113	0
Smarcc1	188.818182	0	1202	0	245	0	505	125	0	0	0	0	0
Ndufb7	188.818182	0	1614	0	313	0	0	150	0	0	0	0	0
Epg5	188.818182	0	1357	0	249	0	246	225	0	0	0	0	0
Dtd2	188.818182	0	1288	0	287	0	401	101	0	0	0	0	0
Cyp51	188.818182	0	1186	0	273	0	456	162	0	0	0	0	0
Nipal3	188.727273	0	1499	0	481	0	0	96	0	0	0	0	0
Txnl4b	188.636364	0	1302	0	366	0	184	223	0	0	0	0	0
Pold4	188.636364	0	1443	0	287	0	345	0	0	0	0	0	0
Mrpl41	188.636364	0	1176	0	404	0	308	187	0	0	0	0	0
Mfap1b	188.636364	0	1426	0	351	0	156	142	0	0	0	0	0
Dhx38	188.636364	0	1302	0	366	0	184	223	0	0	0	0	0
2010315B03Rik	188.636364	0	1255	0	524	0	111	185	0	0	0	0	0
Rps12	188.545455	0	1075	0	371	0	280	231	0	0	0	117	0
Hsbp1	188.545455	0	1270	0	207	0	482	115	0	0	0	0	0
Taf7	188.454545	0	1508	0	565	0	0	0	0	0	0	0	0
Katnal2	188.454545	0	1716	0	279	0	0	78	0	0	0	0	0
Wdr59	188.363636	0	1152	0	134	0	786	0	0	0	0	0	0
Nr1h2	188.363636	0	1691	0	143	0	238	0	0	0	0	0	0
Cep20	188.363636	0	1513	0	559	0	0	0	0	0	0	0	0
Acss2	188.272727	0	1083	0	245	0	743	0	0	0	0	0	0
Nudt15	188.181818	0	1574	0	217	0	147	132	0	0	0	0	0
Ptrhd1	188.090909	0	1315	0	394	0	152	208	0	0	0	0	0
Mknk1	188.090909	0	887	0	197	0	985	0	0	0	0	0	0
Cenpo	188.090909	0	1315	0	394	0	152	208	0	0	0	0	0
Zfp869	188.000000	0	1290	0	208	0	279	291	0	0	0	0	0
Sde2	188.000000	0	1237	0	185	0	392	254	0	0	0	0	0
Pdap1	188.000000	0	1215	0	378	0	234	241	0	0	0	0	0
Napg	188.000000	0	1469	0	235	0	252	112	0	0	0	0	0
Bud31	188.000000	0	1215	0	378	0	234	241	0	0	0	0	0
Ube2g2	187.909091	0	1047	0	123	0	695	202	0	0	0	0	0
Tsn	187.909091	0	1442	0	377	0	109	139	0	0	0	0	0
Nat10	187.909091	0	1114	0	323	0	202	428	0	0	0	0	0
Add3	187.909091	0	636	0	204	0	1102	125	0	0	0	0	0
Ccnq	187.818182	0	1201	0	329	0	336	200	0	0	0	0	0
Trub2	187.727273	0	1705	0	360	0	0	0	0	0	0	0	0
Nfxl1	187.636364	0	1381	0	330	0	353	0	0	0	0	0	0
Cwf19l2	187.636364	0	1347	0	717	0	0	0	0	0	0	0	0
Clcn7	187.636364	0	1582	0	193	0	171	118	0	0	0	0	0
Utp25	187.545455	0	1434	0	249	0	151	229	0	0	0	0	0
Gfod2	187.454545	0	1329	0	253	0	349	131	0	0	0	0	0
Edc3	187.454545	0	1310	0	261	0	371	120	0	0	0	0	0
Dad1	187.454545	0	1239	0	354	0	322	147	0	0	0	0	0
Atox1	187.454545	0	1083	0	206	0	773	0	0	0	0	0	0
Abhd4	187.454545	0	1239	0	354	0	322	147	0	0	0	0	0
Ubr3	187.363636	0	949	0	362	0	750	0	0	0	0	0	0
Mapk6	187.363636	0	817	0	427	0	634	183	0	0	0	0	0
Lyrm7	187.363636	0	1383	0	231	0	275	172	0	0	0	0	0
Zfp971	187.272727	0	1514	0	385	0	161	0	0	0	0	0	0
Zcchc10	187.272727	0	1616	0	372	0	72	0	0	0	0	0	0
Cdpf1	187.272727	0	1167	0	302	0	447	144	0	0	0	0	0
Pcgf1	187.181818	0	1481	0	193	0	204	181	0	0	0	0	0
Nfkbiz	187.181818	0	1175	0	329	0	393	162	0	0	0	0	0
Ccnt1	187.181818	0	1208	0	338	0	306	207	0	0	0	0	0
Ccdc90b	187.181818	0	1419	0	297	0	212	131	0	0	0	0	0
Dhx40	187.090909	0	1228	0	340	0	311	179	0	0	0	0	0
Pdrg1	187.000000	0	1580	0	210	0	75	192	0	0	0	0	0
Msrb1	187.000000	0	1178	0	248	0	631	0	0	0	0	0	0
Anapc4	187.000000	0	1011	0	227	0	819	0	0	0	0	0	0
R3hcc1	186.909091	0	1619	0	238	0	86	113	0	0	0	0	0
Sp4	186.818182	0	825	0	193	0	885	152	0	0	0	0	0
Adpgk	186.818182	0	710	0	180	0	988	177	0	0	0	0	0
Rps26	186.727273	0	1201	0	461	0	201	191	0	0	0	0	0
Rnaset2a	186.727273	0	995	0	195	0	760	104	0	0	0	0	0
Nup205	186.727273	0	1631	0	231	0	0	192	0	0	0	0	0
Mgst3	186.636364	0	1402	0	229	0	286	136	0	0	0	0	0
Atp9b	186.636364	0	963	0	218	0	678	194	0	0	0	0	0
Tmco6	186.545455	0	1416	0	275	0	361	0	0	0	0	0	0
Nfu1	186.545455	0	1609	0	305	0	138	0	0	0	0	0	0
Fastkd1	186.545455	0	1518	0	396	0	138	0	0	0	0	0	0
Zfp78	186.454545	0	1096	0	353	0	602	0	0	0	0	0	0
Ufl1	186.454545	0	1139	0	348	0	425	139	0	0	0	0	0
Taf1d	186.454545	0	1027	0	317	0	594	113	0	0	0	0	0
Psmd4	186.454545	0	1328	0	327	0	250	146	0	0	0	0	0
Mrps33	186.454545	0	1592	0	302	0	0	157	0	0	0	0	0
Dus2	186.454545	0	1350	0	316	0	169	216	0	0	0	0	0
Ddx28	186.454545	0	1350	0	316	0	169	216	0	0	0	0	0
4931406C07Rik	186.454545	0	1027	0	317	0	594	113	0	0	0	0	0
Ola1	186.363636	0	900	0	378	0	662	110	0	0	0	0	0
Gpn3	186.363636	0	1012	0	412	0	318	308	0	0	0	0	0
Gcsh	186.363636	0	932	0	260	0	726	132	0	0	0	0	0
Fam216a	186.363636	0	1012	0	412	0	318	308	0	0	0	0	0
Dnajc24	186.363636	0	1384	0	464	0	0	202	0	0	0	0	0
Cenpm	186.363636	0	1314	0	253	0	327	156	0	0	0	0	0
Ppil1	186.272727	0	1580	0	344	0	125	0	0	0	0	0	0
Cyb5r3	186.272727	0	597	0	209	0	1144	99	0	0	0	0	0
Anapc15	186.272727	0	1483	0	210	0	257	99	0	0	0	0	0
Zfp729a	186.181818	0	1445	0	443	0	0	160	0	0	0	0	0
Tyw3	186.181818	0	1438	0	410	0	0	200	0	0	0	0	0
Sik2	186.181818	0	1008	0	567	0	473	0	0	0	0	0	0
Rpl19	186.181818	0	762	0	188	0	0	1098	0	0	0	0	0
Rmdn3	186.181818	0	1110	0	313	0	378	247	0	0	0	0	0
Fam172a	186.181818	0	1429	0	401	0	0	218	0	0	0	0	0
Cryz	186.181818	0	1438	0	410	0	0	200	0	0	0	0	0
Zfp113	186.090909	0	1420	0	303	0	142	182	0	0	0	0	0
Zc3h18	186.090909	0	1159	0	228	0	430	230	0	0	0	0	0
Vcp	186.090909	0	1007	0	423	0	422	195	0	0	0	0	0
Usp48	186.090909	0	1152	0	424	0	188	283	0	0	0	0	0
U2surp	186.090909	0	1218	0	219	0	381	229	0	0	0	0	0
Mtfr1l	186.090909	0	918	0	224	0	905	0	0	0	0	0	0
Kat8	186.090909	0	1330	0	185	0	342	190	0	0	0	0	0
Btbd9	186.090909	0	1292	0	755	0	0	0	0	0	0	0	0
Nudcd1	186.000000	0	1269	0	470	0	167	140	0	0	0	0	0
Ndufs8	186.000000	0	1347	0	358	0	213	128	0	0	0	0	0
Lamtor4	186.000000	0	1316	0	461	0	120	149	0	0	0	0	0
Eny2	186.000000	0	1269	0	470	0	167	140	0	0	0	0	0
Derl1	186.000000	0	1319	0	290	0	219	218	0	0	0	0	0
Calm3	186.000000	0	831	0	166	0	110	939	0	0	0	0	0
B3galnt2	186.000000	0	1116	0	448	0	254	228	0	0	0	0	0
Rabif	185.909091	0	1450	0	286	0	146	163	0	0	0	0	0
Glo1	185.909091	0	1489	0	431	0	125	0	0	0	0	0	0
Fkbp3	185.909091	0	845	0	129	0	629	442	0	0	0	0	0
Cetn3	185.818182	0	1240	0	280	0	381	143	0	0	0	0	0
Tnip2	185.727273	0	941	0	360	0	614	128	0	0	0	0	0
Slc39a3	185.636364	0	1275	0	193	0	324	250	0	0	0	0	0
Myo10	185.636364	0	754	0	158	0	967	163	0	0	0	0	0
Ifrd1	185.545455	0	942	0	264	0	602	233	0	0	0	0	0
Cdkn3	185.545455	0	901	0	181	0	852	107	0	0	0	0	0
Uso1	185.454545	0	817	0	306	0	917	0	0	0	0	0	0
Tmco1	185.454545	0	1353	0	350	0	235	102	0	0	0	0	0
Tmbim6	185.454545	0	1240	0	358	0	295	147	0	0	0	0	0
Sirt2	185.454545	0	1309	0	192	0	539	0	0	0	0	0	0
Prkdc	185.454545	0	1088	0	389	0	189	374	0	0	0	0	0
Nfkbib	185.454545	0	1309	0	192	0	539	0	0	0	0	0	0
Mcm4	185.454545	0	1088	0	389	0	189	374	0	0	0	0	0
Exoc4	185.454545	0	1735	0	305	0	0	0	0	0	0	0	0
Atf7	185.454545	0	1289	0	238	0	282	231	0	0	0	0	0
Wdr55	185.272727	0	1344	0	391	0	178	125	0	0	0	0	0
Rbm22	185.272727	0	1401	0	180	0	312	145	0	0	0	0	0
Yipf2	185.181818	0	1339	0	291	0	216	191	0	0	0	0	0
Timm29	185.181818	0	1339	0	291	0	216	191	0	0	0	0	0
Pla2g15	185.181818	0	1114	0	368	0	449	106	0	0	0	0	0
Ndufb5	185.181818	0	1233	0	522	0	113	169	0	0	0	0	0
Ndufaf2	185.181818	0	1294	0	335	0	408	0	0	0	0	0	0
Mrpl47	185.181818	0	1233	0	522	0	113	169	0	0	0	0	0
Mks1	185.181818	0	1421	0	263	0	164	189	0	0	0	0	0
Haghl	185.181818	0	1586	0	236	0	94	121	0	0	0	0	0
Dedd2	185.181818	0	847	0	262	0	164	764	0	0	0	0	0
Tars	185.090909	0	1528	0	279	0	109	120	0	0	0	0	0
Selenos	185.090909	0	1350	0	250	0	204	232	0	0	0	0	0
Ifi35	185.090909	0	1601	0	435	0	0	0	0	0	0	0	0
Sppl2b	185.000000	0	1267	0	314	0	301	153	0	0	0	0	0
Psen1	185.000000	0	1165	0	546	0	206	118	0	0	0	0	0
Lsm7	185.000000	0	1267	0	314	0	301	153	0	0	0	0	0
Rps29	184.909091	0	1135	0	260	0	317	147	0	0	0	175	0
Pin1	184.909091	0	1384	0	111	0	335	204	0	0	0	0	0
Mafk	184.909091	0	674	0	145	0	1109	106	0	0	0	0	0
Ftl1	184.909091	0	1449	0	455	0	0	130	0	0	0	0	0
Rrp15	184.818182	0	1370	0	456	0	0	207	0	0	0	0	0
Rhbdd2	184.818182	0	1092	0	230	0	571	140	0	0	0	0	0
Ppp2r5b	184.818182	0	1164	0	234	0	337	298	0	0	0	0	0
Mrpl17	184.818182	0	1128	0	346	0	440	119	0	0	0	0	0
Lin52	184.818182	0	948	0	264	0	700	121	0	0	0	0	0
Ess2	184.818182	0	1508	0	141	0	214	170	0	0	0	0	0
Cst3	184.818182	0	1253	0	437	0	186	157	0	0	0	0	0
Aldh6a1	184.818182	0	948	0	264	0	700	121	0	0	0	0	0
Tmem184c	184.727273	0	1253	0	265	0	406	108	0	0	0	0	0
Sec16a	184.727273	0	1112	0	164	0	632	124	0	0	0	0	0
Ifngr1	184.727273	0	758	0	231	0	927	116	0	0	0	0	0
Cnpy3	184.727273	0	1439	0	283	0	181	129	0	0	0	0	0
Mavs	184.636364	0	1213	0	215	0	531	72	0	0	0	0	0
Gorab	184.636364	0	1316	0	297	0	137	281	0	0	0	0	0
Fez2	184.636364	0	1107	0	343	0	581	0	0	0	0	0	0
Uvssa	184.545455	0	926	0	263	0	667	174	0	0	0	0	0
Uspl1	184.545455	0	1138	0	347	0	283	176	0	0	0	86	0
Spata24	184.545455	0	1368	0	196	0	270	196	0	0	0	0	0
Ppard	184.545455	0	1144	0	253	0	549	84	0	0	0	0	0
Ddx39a	184.545455	0	1248	0	269	0	390	123	0	0	0	0	0
Ctu1	184.545455	0	1391	0	424	0	142	73	0	0	0	0	0
AW549877	184.545455	0	1257	0	400	0	244	129	0	0	0	0	0
Trmt10b	184.454545	0	1571	0	458	0	0	0	0	0	0	0	0
Styxl1	184.454545	0	1200	0	192	0	447	190	0	0	0	0	0
Psmd7	184.454545	0	1502	0	237	0	214	76	0	0	0	0	0
Napa	184.454545	0	1368	0	170	0	368	123	0	0	0	0	0
Mdh2	184.454545	0	1200	0	192	0	447	190	0	0	0	0	0
Zfp72	184.363636	0	1464	0	564	0	0	0	0	0	0	0	0
Ufc1	184.363636	0	1660	0	238	0	0	130	0	0	0	0	0
Rpap1	184.363636	0	1463	0	428	0	0	137	0	0	0	0	0
Fam168a	184.363636	0	1222	0	260	0	302	244	0	0	0	0	0
Ddx24	184.363636	0	1312	0	225	0	280	211	0	0	0	0	0
Commd6	184.363636	0	1475	0	293	0	108	152	0	0	0	0	0
Arl8b	184.363636	0	1348	0	335	0	214	131	0	0	0	0	0
Prkacb	184.272727	0	1330	0	290	0	104	141	0	0	0	162	0
Oaz1	184.272727	0	955	0	145	0	786	141	0	0	0	0	0
Msrb2	184.272727	0	1597	0	430	0	0	0	0	0	0	0	0
Hspbp1	184.272727	0	1285	0	174	0	461	107	0	0	0	0	0
Gss	184.272727	0	1260	0	212	0	392	163	0	0	0	0	0
Dmac2	184.272727	0	1441	0	209	0	241	136	0	0	0	0	0
Afap1	184.272727	0	1034	0	114	0	879	0	0	0	0	0	0
Snrpe	184.181818	0	1353	0	268	0	233	172	0	0	0	0	0
Sdhaf3	184.181818	0	1391	0	308	0	200	127	0	0	0	0	0
Ptdss1	184.181818	0	1199	0	241	0	0	586	0	0	0	0	0
Mterf3	184.181818	0	1199	0	241	0	0	586	0	0	0	0	0
Ulk4	184.090909	0	1518	0	387	0	0	120	0	0	0	0	0
Twf2	184.090909	0	1085	0	145	0	635	160	0	0	0	0	0
Mblac1	184.090909	0	985	0	203	0	0	837	0	0	0	0	0
Marf1	184.090909	0	921	0	213	0	891	0	0	0	0	0	0
Lrif1	184.090909	0	1180	0	416	0	287	142	0	0	0	0	0
Hspa9	184.090909	0	1015	0	446	0	209	355	0	0	0	0	0
Gpr89	184.090909	0	1437	0	504	0	0	84	0	0	0	0	0
Dnajc18	184.090909	0	1618	0	407	0	0	0	0	0	0	0	0
Dgcr2	184.090909	0	1366	0	164	0	495	0	0	0	0	0	0
Rdm1	184.000000	0	907	0	431	0	83	212	0	0	0	391	0
Cyb561d1	184.000000	0	1645	0	379	0	0	0	0	0	0	0	0
Zfp420	183.909091	0	1217	0	510	0	197	99	0	0	0	0	0
Snrnp27	183.909091	0	1449	0	239	0	211	124	0	0	0	0	0
Sh2b1	183.909091	0	1352	0	360	0	100	211	0	0	0	0	0
Ppp1r11	183.909091	0	1350	0	310	0	215	148	0	0	0	0	0
Fdft1	183.909091	0	1113	0	311	0	441	158	0	0	0	0	0
Vps11	183.818182	0	1420	0	249	0	190	163	0	0	0	0	0
Gtf2b	183.818182	0	1272	0	351	0	211	188	0	0	0	0	0
Cdk19	183.818182	0	1139	0	392	0	360	131	0	0	0	0	0
Abhd10	183.818182	0	1490	0	401	0	0	131	0	0	0	0	0
Uqcc2	183.727273	0	1611	0	164	0	108	138	0	0	0	0	0
Mis18a	183.727273	0	1343	0	288	0	273	117	0	0	0	0	0
Ttc1	183.636364	0	1492	0	430	0	0	98	0	0	0	0	0
Polr2a	183.636364	0	973	0	251	0	173	464	0	0	0	159	0
Mysm1	183.636364	0	1122	0	397	0	424	77	0	0	0	0	0
Hspa14	183.636364	0	1267	0	295	0	330	128	0	0	0	0	0
Cdnf	183.636364	0	1267	0	295	0	330	128	0	0	0	0	0
Zfp790	183.545455	0	1330	0	510	0	0	179	0	0	0	0	0
Zfp780b	183.545455	0	1354	0	558	0	0	107	0	0	0	0	0
Rab22a	183.545455	0	800	0	179	0	927	113	0	0	0	0	0
Pmm1	183.545455	0	775	0	256	0	988	0	0	0	0	0	0
Parp2	183.545455	0	1143	0	547	0	143	186	0	0	0	0	0
Nxt1	183.545455	0	1357	0	209	0	453	0	0	0	0	0	0
Acad9	183.545455	0	1233	0	419	0	223	144	0	0	0	0	0
Ss18	183.454545	0	591	0	517	0	246	664	0	0	0	0	0
Sec24c	183.454545	0	1482	0	347	0	189	0	0	0	0	0	0
Pitpna	183.454545	0	857	0	207	0	829	125	0	0	0	0	0
Parp1	183.454545	0	1135	0	279	0	604	0	0	0	0	0	0
Naa80	183.454545	0	1341	0	357	0	320	0	0	0	0	0	0
Itprid2	183.454545	0	784	0	304	0	824	106	0	0	0	0	0
Hyal3	183.454545	0	1341	0	357	0	320	0	0	0	0	0	0
Nr2c2ap	183.363636	0	1373	0	150	0	494	0	0	0	0	0	0
Ndel1	183.363636	0	971	0	122	0	795	129	0	0	0	0	0
Bud13	183.363636	0	1314	0	454	0	129	120	0	0	0	0	0
Uqcrc1	183.272727	0	1460	0	279	0	152	125	0	0	0	0	0
Med26	183.272727	0	832	0	190	0	832	162	0	0	0	0	0
Lamtor5	183.272727	0	1463	0	452	0	0	101	0	0	0	0	0
Lyrm4	183.181818	0	1308	0	364	0	119	224	0	0	0	0	0
Fars2	183.181818	0	1308	0	364	0	119	224	0	0	0	0	0
Cog6	183.181818	0	1571	0	357	0	0	87	0	0	0	0	0
AI987944	183.181818	0	1300	0	715	0	0	0	0	0	0	0	0
Zmat2	183.090909	0	1427	0	385	0	202	0	0	0	0	0	0
Skap2	183.090909	0	964	0	195	0	719	136	0	0	0	0	0
Trp53bp1	183.000000	0	1240	0	525	0	124	124	0	0	0	0	0
Stag3	183.000000	0	984	0	131	0	676	222	0	0	0	0	0
Gpc2	183.000000	0	984	0	131	0	676	222	0	0	0	0	0
Glcci1	183.000000	0	586	0	382	0	1045	0	0	0	0	0	0
Tssk6	182.909091	0	1122	0	267	0	453	170	0	0	0	0	0
Snx1	182.909091	0	566	0	227	0	1080	139	0	0	0	0	0
Ndufa13	182.909091	0	1122	0	267	0	453	170	0	0	0	0	0
Nbr1	182.909091	0	1217	0	501	0	188	106	0	0	0	0	0
Ikbip	182.909091	0	1174	0	241	0	488	109	0	0	0	0	0
Brca1	182.909091	0	1217	0	501	0	188	106	0	0	0	0	0
Atxn2l	182.909091	0	1220	0	321	0	471	0	0	0	0	0	0
Apaf1	182.909091	0	1174	0	241	0	488	109	0	0	0	0	0
Polr3f	182.818182	0	1085	0	206	0	420	300	0	0	0	0	0
Nbeal1	182.818182	0	1043	0	192	0	615	161	0	0	0	0	0
Dzank1	182.818182	0	1085	0	206	0	420	300	0	0	0	0	0
Ccny	182.818182	0	723	0	197	0	1091	0	0	0	0	0	0
M6pr	182.727273	0	1276	0	219	0	358	157	0	0	0	0	0
Acp6	182.727273	0	1315	0	561	0	134	0	0	0	0	0	0
Rrp36	182.636364	0	1426	0	175	0	238	170	0	0	0	0	0
Pus7l	182.636364	0	1397	0	170	0	273	169	0	0	0	0	0
Plaa	182.636364	0	1312	0	275	0	149	273	0	0	0	0	0
Mrnip	182.636364	0	1399	0	360	0	250	0	0	0	0	0	0
Irak4	182.636364	0	1397	0	170	0	273	169	0	0	0	0	0
Emc7	182.636364	0	1236	0	510	0	144	119	0	0	0	0	0
Rpl15	182.545455	0	1001	0	366	0	454	187	0	0	0	0	0
Nkiras1	182.545455	0	1001	0	366	0	454	187	0	0	0	0	0
Fam118a	182.545455	0	826	0	174	0	728	280	0	0	0	0	0
Ppif	182.454545	0	998	0	119	0	732	158	0	0	0	0	0
Cenpc1	182.454545	0	1166	0	348	0	493	0	0	0	0	0	0
Atad2	182.454545	0	984	0	281	0	636	106	0	0	0	0	0
Asl	182.454545	0	1281	0	491	0	123	112	0	0	0	0	0
Abcg2	182.454545	0	937	0	472	0	471	127	0	0	0	0	0
4921524J17Rik	182.454545	0	925	0	372	0	710	0	0	0	0	0	0
Trappc4	182.363636	0	1060	0	239	0	587	120	0	0	0	0	0
Thumpd3	182.363636	0	1178	0	419	0	227	182	0	0	0	0	0
Spns1	182.363636	0	1588	0	323	0	0	95	0	0	0	0	0
Rps25	182.363636	0	1060	0	239	0	587	120	0	0	0	0	0
Pikfyve	182.363636	0	587	0	233	0	1079	107	0	0	0	0	0
Hat1	182.363636	0	1244	0	296	0	338	128	0	0	0	0	0
Ano10	182.363636	0	971	0	243	0	625	167	0	0	0	0	0
Anapc5	182.363636	0	1427	0	217	0	123	239	0	0	0	0	0
Stard9	182.272727	0	737	0	0	0	1179	89	0	0	0	0	0
Sertad3	182.272727	0	1028	0	394	0	414	169	0	0	0	0	0
Pcif1	182.272727	0	1053	0	506	0	446	0	0	0	0	0	0
Palb2	182.272727	0	1333	0	328	0	147	197	0	0	0	0	0
Dctn5	182.272727	0	1333	0	328	0	147	197	0	0	0	0	0
Ciao3	182.272727	0	1355	0	197	0	308	145	0	0	0	0	0
Mphosph10	182.090909	0	1107	0	387	0	381	128	0	0	0	0	0
Mcee	182.090909	0	1107	0	387	0	381	128	0	0	0	0	0
Stn1	182.000000	0	1101	0	285	0	616	0	0	0	0	0	0
Man1b1	182.000000	0	1109	0	147	0	488	258	0	0	0	0	0
Larp1b	182.000000	0	760	0	478	0	764	0	0	0	0	0	0
Commd4	182.000000	0	1365	0	339	0	129	169	0	0	0	0	0
Cep70	182.000000	0	1144	0	216	0	642	0	0	0	0	0	0
Cdk5rap1	182.000000	0	1565	0	357	0	0	0	0	0	0	80	0
Tomt	181.909091	0	1174	0	192	0	415	220	0	0	0	0	0
Lamtor1	181.909091	0	1174	0	192	0	415	220	0	0	0	0	0
Kif20a	181.909091	0	1416	0	453	0	0	132	0	0	0	0	0
Iqcc	181.909091	0	1505	0	380	0	0	116	0	0	0	0	0
D10Wsu102e	181.909091	0	1114	0	192	0	471	224	0	0	0	0	0
Chtop	181.909091	0	1173	0	297	0	458	73	0	0	0	0	0
Brd8	181.909091	0	1416	0	453	0	0	132	0	0	0	0	0
Zfp273	181.818182	0	1457	0	543	0	0	0	0	0	0	0	0
Zfp119b	181.818182	0	1287	0	422	0	165	126	0	0	0	0	0
Trmt112	181.818182	0	1057	0	236	0	305	402	0	0	0	0	0
Prdx5	181.818182	0	1057	0	236	0	305	402	0	0	0	0	0
Farsa	181.818182	0	1386	0	290	0	166	158	0	0	0	0	0
Cse1l	181.818182	0	1249	0	258	0	325	168	0	0	0	0	0
Ube2g1	181.727273	0	831	0	513	0	445	210	0	0	0	0	0
Tmod3	181.727273	0	1364	0	341	0	152	142	0	0	0	0	0
Pdxdc1	181.727273	0	1310	0	465	0	113	111	0	0	0	0	0
Mpv17l	181.727273	0	1310	0	465	0	113	111	0	0	0	0	0
Dennd4c	181.727273	0	845	0	201	0	822	131	0	0	0	0	0
B9d1	181.727273	0	1729	0	162	0	108	0	0	0	0	0	0
Amz2	181.727273	0	615	0	264	0	866	254	0	0	0	0	0
Rnf185	181.636364	0	1078	0	435	0	292	193	0	0	0	0	0
Mrpl15	181.636364	0	1277	0	289	0	288	144	0	0	0	0	0
Cops4	181.636364	0	1017	0	233	0	606	142	0	0	0	0	0
Nvl	181.545455	0	1190	0	477	0	237	93	0	0	0	0	0
Rabac1	181.454545	0	1271	0	360	0	237	128	0	0	0	0	0
Fancg	181.454545	0	1585	0	304	0	0	107	0	0	0	0	0
Zfp934	181.363636	0	1456	0	375	0	0	164	0	0	0	0	0
Ndufa9	181.363636	0	1477	0	403	0	0	115	0	0	0	0	0
Leng8	181.363636	0	1369	0	223	0	266	137	0	0	0	0	0
Gm10509	181.363636	0	1469	0	363	0	163	0	0	0	0	0	0
Tmx2	181.272727	0	1412	0	418	0	164	0	0	0	0	0	0
Timm13	181.272727	0	1223	0	116	0	454	201	0	0	0	0	0
Srpk1	181.272727	0	913	0	205	0	795	81	0	0	0	0	0
Med19	181.272727	0	1412	0	418	0	164	0	0	0	0	0	0
Gpt2	181.272727	0	1002	0	175	0	718	99	0	0	0	0	0
Rdh13	181.000000	0	1571	0	287	0	133	0	0	0	0	0	0
E130311K13Rik	181.000000	0	1647	0	0	0	143	201	0	0	0	0	0
Rnh1	180.909091	0	1268	0	313	0	98	311	0	0	0	0	0
Mtmr6	180.909091	0	1274	0	305	0	156	255	0	0	0	0	0
Mocs2	180.909091	0	1057	0	320	0	613	0	0	0	0	0	0
Manf	180.909091	0	1211	0	196	0	457	126	0	0	0	0	0
Luc7l2	180.909091	0	1117	0	395	0	370	108	0	0	0	0	0
Fn3krp	180.909091	0	1173	0	326	0	363	128	0	0	0	0	0
Wdr91	180.818182	0	1182	0	411	0	282	114	0	0	0	0	0
Med11	180.818182	0	1398	0	158	0	144	289	0	0	0	0	0
Gtf3c6	180.818182	0	1277	0	298	0	0	112	0	0	0	302	0
Cdadc1	180.818182	0	1301	0	487	0	0	201	0	0	0	0	0
3300002I08Rik	180.818182	0	1420	0	478	0	0	91	0	0	0	0	0
Ndufs2	180.727273	0	1378	0	317	0	178	115	0	0	0	0	0
Nasp	180.727273	0	1206	0	327	0	287	168	0	0	0	0	0
Cenps	180.727273	0	1489	0	169	0	122	208	0	0	0	0	0
Zfp830	180.636364	0	1257	0	533	0	97	100	0	0	0	0	0
Snapin	180.636364	0	1474	0	211	0	103	199	0	0	0	0	0
Sarnp	180.636364	0	1299	0	361	0	201	126	0	0	0	0	0
Rpa2	180.636364	0	1485	0	250	0	141	111	0	0	0	0	0
Ormdl2	180.636364	0	1299	0	361	0	201	126	0	0	0	0	0
Fbxl15	180.636364	0	1212	0	393	0	114	268	0	0	0	0	0
Chrac1	180.636364	0	966	0	475	0	295	251	0	0	0	0	0
Cct6b	180.636364	0	1257	0	533	0	97	100	0	0	0	0	0
Rpl22	180.545455	0	872	0	151	0	456	507	0	0	0	0	0
Pdxk	180.545455	0	1092	0	229	0	524	141	0	0	0	0	0
Sf3b6	180.454545	0	1240	0	420	0	222	103	0	0	0	0	0
Med21	180.454545	0	1051	0	338	0	376	220	0	0	0	0	0
Ecsit	180.454545	0	1469	0	189	0	194	133	0	0	0	0	0
Znhit3	180.363636	0	1579	0	208	0	197	0	0	0	0	0	0
Pemt	180.363636	0	1309	0	139	0	326	210	0	0	0	0	0
Polr2j	180.272727	0	1484	0	198	0	111	190	0	0	0	0	0
Nedd9	180.272727	0	1067	0	443	0	300	173	0	0	0	0	0
Kdsr	180.272727	0	1085	0	212	0	501	185	0	0	0	0	0
Gins2	180.272727	0	725	0	182	0	942	134	0	0	0	0	0
Zfp661	180.181818	0	1253	0	349	0	183	197	0	0	0	0	0
St6galnac4	180.181818	0	824	0	191	0	967	0	0	0	0	0	0
Mrps5	180.181818	0	1253	0	349	0	183	197	0	0	0	0	0
Lrig1	180.181818	0	590	0	247	0	967	178	0	0	0	0	0
Gm2a	180.181818	0	973	0	203	0	711	95	0	0	0	0	0
Wbp1l	180.090909	0	1099	0	277	0	432	173	0	0	0	0	0
Pmf1	180.090909	0	1524	0	195	0	120	142	0	0	0	0	0
Clcc1	180.000000	0	1399	0	176	0	292	113	0	0	0	0	0
Rngtt	179.909091	0	1222	0	213	0	418	126	0	0	0	0	0
Hyal2	179.909091	0	1009	0	0	0	88	882	0	0	0	0	0
Vdac2	179.818182	0	1126	0	316	0	355	181	0	0	0	0	0
Nr1d2	179.818182	0	884	0	298	0	595	201	0	0	0	0	0
Dnajb12	179.818182	0	1188	0	170	0	378	242	0	0	0	0	0
Akap8	179.818182	0	1096	0	316	0	456	110	0	0	0	0	0
Sf3b5	179.727273	0	1188	0	221	0	395	173	0	0	0	0	0
Nit2	179.727273	0	1141	0	273	0	563	0	0	0	0	0	0
Fam151b	179.727273	0	1362	0	458	0	157	0	0	0	0	0	0
Trappc3	179.636364	0	1618	0	200	0	158	0	0	0	0	0	0
Hyls1	179.636364	0	1181	0	249	0	375	171	0	0	0	0	0
Acat2	179.636364	0	1421	0	324	0	119	112	0	0	0	0	0
Pds5b	179.545455	0	1083	0	389	0	503	0	0	0	0	0	0
Nmral1	179.545455	0	818	0	203	0	0	954	0	0	0	0	0
Hars2	179.545455	0	1216	0	421	0	264	74	0	0	0	0	0
Hars	179.545455	0	1216	0	421	0	264	74	0	0	0	0	0
Elmod2	179.545455	0	1165	0	231	0	420	159	0	0	0	0	0
Dcaf12	179.545455	0	1051	0	303	0	415	206	0	0	0	0	0
Wdr89	179.454545	0	1169	0	456	0	148	201	0	0	0	0	0
Ino80c	179.454545	0	1538	0	281	0	0	155	0	0	0	0	0
Cox20	179.454545	0	1173	0	452	0	209	140	0	0	0	0	0
Tpr	179.363636	0	998	0	315	0	232	428	0	0	0	0	0
Slc9a1	179.363636	0	1359	0	276	0	121	217	0	0	0	0	0
Senp7	179.363636	0	1436	0	393	0	0	144	0	0	0	0	0
Odr4	179.363636	0	998	0	315	0	232	428	0	0	0	0	0
Ipp	179.363636	0	1268	0	441	0	181	83	0	0	0	0	0
Tmem41b	179.272727	0	1018	0	260	0	498	196	0	0	0	0	0
Pmvk	179.272727	0	1501	0	305	0	166	0	0	0	0	0	0
Ap1s1	179.272727	0	1073	0	99	0	518	282	0	0	0	0	0
Zfp46	179.181818	0	1115	0	411	0	310	135	0	0	0	0	0
Pyroxd1	179.181818	0	1357	0	246	0	159	209	0	0	0	0	0
Pms1	179.181818	0	1461	0	213	0	179	118	0	0	0	0	0
Ormdl1	179.181818	0	1461	0	213	0	179	118	0	0	0	0	0
Mmut	179.181818	0	1106	0	426	0	215	224	0	0	0	0	0
Edrf1	179.181818	0	1087	0	236	0	491	157	0	0	0	0	0
Chchd3	179.181818	0	1373	0	330	0	122	146	0	0	0	0	0
Cenpq	179.181818	0	1106	0	426	0	215	224	0	0	0	0	0
Atp1b3	179.181818	0	810	0	245	0	814	102	0	0	0	0	0
Adck5	179.181818	0	1112	0	199	0	440	220	0	0	0	0	0
9130401M01Rik	179.181818	0	1494	0	196	0	159	122	0	0	0	0	0
Smyd4	179.090909	0	1123	0	200	0	516	131	0	0	0	0	0
Rpa1	179.090909	0	1123	0	200	0	516	131	0	0	0	0	0
Ndufs3	179.090909	0	1198	0	481	0	0	133	0	0	0	158	0
Kbtbd4	179.090909	0	1198	0	481	0	0	133	0	0	0	158	0
Asb7	179.090909	0	1177	0	235	0	223	335	0	0	0	0	0
Wars2	179.000000	0	1373	0	402	0	0	194	0	0	0	0	0
Septin11	179.000000	0	720	0	201	0	74	974	0	0	0	0	0
Paf1	179.000000	0	1032	0	322	0	481	134	0	0	0	0	0
Med29	179.000000	0	1032	0	322	0	481	134	0	0	0	0	0
Dop1b	179.000000	0	705	0	121	0	1072	71	0	0	0	0	0
Thap1	178.909091	0	1145	0	465	0	214	144	0	0	0	0	0
Pramel12	178.909091	0	1307	0	413	0	136	112	0	0	0	0	0
Mast3	178.909091	0	774	0	297	0	775	122	0	0	0	0	0
Cep162	178.909091	0	1474	0	363	0	0	131	0	0	0	0	0
Arl6ip1	178.909091	0	1235	0	301	0	212	220	0	0	0	0	0
Srd5a3	178.818182	0	1275	0	345	0	149	198	0	0	0	0	0
Nup85	178.818182	0	1300	0	318	0	78	271	0	0	0	0	0
Morf4l1	178.818182	0	1207	0	423	0	192	145	0	0	0	0	0
Sqstm1	178.727273	0	1441	0	313	0	212	0	0	0	0	0	0
Grpel2	178.727273	0	1170	0	327	0	366	103	0	0	0	0	0
Tefm	178.636364	0	1479	0	326	0	0	160	0	0	0	0	0
Susd6	178.636364	0	702	0	365	0	697	201	0	0	0	0	0
Rc3h2	178.636364	0	1250	0	374	0	167	174	0	0	0	0	0
Mrm2	178.636364	0	1347	0	427	0	0	191	0	0	0	0	0
Usp35	178.545455	0	1140	0	186	0	510	128	0	0	0	0	0
Trappc11	178.545455	0	1098	0	302	0	432	132	0	0	0	0	0
Smdt1	178.545455	0	1414	0	0	0	433	117	0	0	0	0	0
Rwdd4a	178.545455	0	1098	0	302	0	432	132	0	0	0	0	0
Pfdn1	178.545455	0	1558	0	261	0	0	145	0	0	0	0	0
Ndufaf4	178.545455	0	1381	0	429	0	0	154	0	0	0	0	0
Klhl24	178.545455	0	1432	0	246	0	183	103	0	0	0	0	0
Kctd21	178.545455	0	1140	0	186	0	510	128	0	0	0	0	0
Frg1	178.545455	0	1530	0	335	0	0	99	0	0	0	0	0
Dph7	178.545455	0	1434	0	280	0	108	142	0	0	0	0	0
Wbp2	178.454545	0	1135	0	307	0	316	205	0	0	0	0	0
Shprh	178.454545	0	1129	0	415	0	301	118	0	0	0	0	0
Sesn1	178.454545	0	924	0	362	0	453	224	0	0	0	0	0
Gm12258	178.454545	0	1484	0	346	0	133	0	0	0	0	0	0
Fbxo5	178.454545	0	1267	0	0	0	551	145	0	0	0	0	0
Taf6l	178.363636	0	1209	0	166	0	510	77	0	0	0	0	0
Srp9	178.363636	0	1508	0	0	0	286	168	0	0	0	0	0
Cnot4	178.363636	0	1246	0	283	0	230	203	0	0	0	0	0
1810030O07Rik	178.363636	0	1455	0	189	0	318	0	0	0	0	0	0
Zfp169	178.272727	0	1385	0	270	0	176	130	0	0	0	0	0
Pa2g4	178.272727	0	1037	0	269	0	485	170	0	0	0	0	0
Mdp1	178.272727	0	1600	0	361	0	0	0	0	0	0	0	0
Cfap36	178.272727	0	1292	0	345	0	155	169	0	0	0	0	0
Bola1	178.272727	0	1226	0	254	0	209	272	0	0	0	0	0
Zcchc7	178.181818	0	1238	0	563	0	0	159	0	0	0	0	0
Ypel5	178.090909	0	917	0	197	0	651	194	0	0	0	0	0
Tmem170b	178.090909	0	932	0	440	0	481	106	0	0	0	0	0
Knl1	178.090909	0	1346	0	353	0	136	124	0	0	0	0	0
Hlcs	178.090909	0	1461	0	347	0	0	151	0	0	0	0	0
Hikeshi	178.090909	0	1303	0	348	0	175	133	0	0	0	0	0
Atp5mpl	178.090909	0	1390	0	232	0	208	129	0	0	0	0	0
Wdr24	178.000000	0	1293	0	412	0	158	95	0	0	0	0	0
Tbcb	178.000000	0	1422	0	226	0	201	109	0	0	0	0	0
Polr2i	178.000000	0	1422	0	226	0	201	109	0	0	0	0	0
Ltv1	178.000000	0	1499	0	134	0	197	128	0	0	0	0	0
Ghitm	178.000000	0	1180	0	441	0	164	173	0	0	0	0	0
Cyb5a	178.000000	0	1259	0	377	0	188	134	0	0	0	0	0
Zfp944	177.909091	0	1403	0	554	0	0	0	0	0	0	0	0
Zfp758	177.909091	0	1403	0	554	0	0	0	0	0	0	0	0
Serpini1	177.909091	0	1104	0	278	0	451	124	0	0	0	0	0
Pdcd10	177.909091	0	1104	0	278	0	451	124	0	0	0	0	0
Fech	177.909091	0	927	0	212	0	710	108	0	0	0	0	0
Dstn	177.909091	0	944	0	345	0	456	212	0	0	0	0	0
Cox16	177.909091	0	1514	0	262	0	0	181	0	0	0	0	0
Ccdc97	177.909091	0	1394	0	465	0	0	98	0	0	0	0	0
Actl6a	177.818182	0	1008	0	149	0	629	170	0	0	0	0	0
Slc20a1	177.727273	0	1069	0	276	0	448	162	0	0	0	0	0
Rbm18	177.727273	0	1273	0	551	0	0	131	0	0	0	0	0
Pnpla7	177.727273	0	1176	0	284	0	308	187	0	0	0	0	0
Mrrf	177.727273	0	1273	0	551	0	0	131	0	0	0	0	0
Fth1	177.727273	0	998	0	325	0	434	106	0	0	92	0	0
Carm1	177.727273	0	790	0	189	0	872	104	0	0	0	0	0
Aatf	177.727273	0	1040	0	389	0	350	176	0	0	0	0	0
Snrpa	177.636364	0	1459	0	119	0	184	192	0	0	0	0	0
Mbd1	177.636364	0	1329	0	327	0	118	180	0	0	0	0	0
Golga5	177.636364	0	924	0	199	0	710	121	0	0	0	0	0
Fbxw5	177.636364	0	1529	0	264	0	161	0	0	0	0	0	0
C8g	177.636364	0	1529	0	264	0	161	0	0	0	0	0	0
BC024978	177.636364	0	1459	0	119	0	184	192	0	0	0	0	0
Zc3h14	177.545455	0	1256	0	436	0	261	0	0	0	0	0	0
Gatd1	177.545455	0	1172	0	287	0	337	157	0	0	0	0	0
Exo5	177.545455	0	1107	0	375	0	337	134	0	0	0	0	0
Zfp691	177.454545	0	1314	0	331	0	174	133	0	0	0	0	0
Ssr3	177.454545	0	1463	0	343	0	0	146	0	0	0	0	0
Kidins220	177.363636	0	1296	0	217	0	284	154	0	0	0	0	0
Kdm3a	177.363636	0	1171	0	286	0	248	246	0	0	0	0	0
Hpf1	177.272727	0	1226	0	213	0	395	116	0	0	0	0	0
Exosc2	177.272727	0	1525	0	258	0	70	97	0	0	0	0	0
Tubb2a	177.181818	0	1253	0	174	0	243	279	0	0	0	0	0
Rab8b	177.181818	0	1279	0	289	0	381	0	0	0	0	0	0
Picalm	177.181818	0	1095	0	522	0	332	0	0	0	0	0	0
Eif1	177.181818	0	1072	0	208	0	508	161	0	0	0	0	0
Cep152	177.181818	0	1262	0	276	0	291	120	0	0	0	0	0
Seh1l	177.090909	0	950	0	305	0	481	212	0	0	0	0	0
Nt5c3	177.090909	0	960	0	308	0	521	159	0	0	0	0	0
Cmtr1	177.090909	0	1147	0	374	0	231	196	0	0	0	0	0
Cand1	177.090909	0	1151	0	476	0	148	173	0	0	0	0	0
Aen	177.090909	0	1144	0	203	0	519	82	0	0	0	0	0
2610044O15Rik8	177.090909	0	1318	0	473	0	0	157	0	0	0	0	0
Tsacc	177.000000	0	1211	0	345	0	137	254	0	0	0	0	0
Rps23	177.000000	0	1335	0	361	0	107	144	0	0	0	0	0
Rpp38	177.000000	0	1463	0	270	0	214	0	0	0	0	0	0
Mapkbp1	177.000000	0	1096	0	289	0	384	178	0	0	0	0	0
Lgals8	177.000000	0	1340	0	416	0	191	0	0	0	0	0	0
Cct3	177.000000	0	1211	0	345	0	137	254	0	0	0	0	0
Arf1	177.000000	0	850	0	214	0	775	108	0	0	0	0	0
Ambra1	177.000000	0	1209	0	535	0	113	90	0	0	0	0	0
9530077C05Rik	177.000000	0	1001	0	290	0	327	329	0	0	0	0	0
2410002F23Rik	177.000000	0	1131	0	150	0	436	230	0	0	0	0	0
Ndufc1	176.909091	0	1496	0	285	0	165	0	0	0	0	0	0
H2ac19	176.909091	0	1042	0	341	0	264	186	0	0	0	113	0
H2ac18	176.909091	0	1042	0	341	0	264	186	0	0	0	113	0
Clcn3	176.909091	0	1073	0	243	0	390	240	0	0	0	0	0
Arl13b	176.909091	0	759	0	192	0	995	0	0	0	0	0	0
Polr3k	176.818182	0	1318	0	334	0	135	158	0	0	0	0	0
Chmp3	176.818182	0	1204	0	339	0	134	268	0	0	0	0	0
Ttc4	176.727273	0	1376	0	349	0	219	0	0	0	0	0	0
Tbc1d2	176.727273	0	1300	0	172	0	345	127	0	0	0	0	0
Sfr1	176.727273	0	1276	0	211	0	385	72	0	0	0	0	0
Lpin1	176.727273	0	1192	0	350	0	402	0	0	0	0	0	0
Ilrun	176.727273	0	980	0	252	0	597	115	0	0	0	0	0
Gzf1	176.727273	0	1101	0	263	0	411	169	0	0	0	0	0
Wee1	176.636364	0	645	0	252	0	919	127	0	0	0	0	0
Scp2	176.636364	0	1464	0	369	0	110	0	0	0	0	0	0
Kdm4c	176.636364	0	1164	0	399	0	195	185	0	0	0	0	0
Ero1b	176.636364	0	917	0	372	0	654	0	0	0	0	0	0
Ywhag	176.545455	0	1120	0	384	0	303	135	0	0	0	0	0
Atg2a	176.545455	0	1262	0	211	0	377	92	0	0	0	0	0
Zfp874a	176.454545	0	1407	0	434	0	0	100	0	0	0	0	0
Pomk	176.454545	0	1548	0	271	0	0	122	0	0	0	0	0
Orc4	176.454545	0	848	0	413	0	482	198	0	0	0	0	0
Mbd5	176.454545	0	848	0	413	0	482	198	0	0	0	0	0
Entpd7	176.454545	0	1229	0	262	0	266	184	0	0	0	0	0
Trmt1l	176.363636	0	1210	0	457	0	185	88	0	0	0	0	0
Timm8b	176.363636	0	1278	0	550	0	0	112	0	0	0	0	0
Swt1	176.363636	0	1210	0	457	0	185	88	0	0	0	0	0
Sdhd	176.363636	0	1278	0	550	0	0	112	0	0	0	0	0
Rfesd	176.363636	0	1180	0	312	0	330	118	0	0	0	0	0
Ogdh	176.363636	0	1086	0	238	0	471	145	0	0	0	0	0
Bloc1s5	176.363636	0	1301	0	288	0	146	205	0	0	0	0	0
Pigc	176.272727	0	1323	0	259	0	145	212	0	0	0	0	0
Kctd5	176.272727	0	1096	0	198	0	496	149	0	0	0	0	0
Arf2	176.272727	0	1390	0	210	0	339	0	0	0	0	0	0
4930558K02Rik	176.272727	0	1323	0	259	0	145	212	0	0	0	0	0
Zcchc9	176.181818	0	1371	0	463	0	0	104	0	0	0	0	0
Tcp1	176.181818	0	1127	0	484	0	202	125	0	0	0	0	0
Septin2	176.181818	0	1113	0	349	0	302	174	0	0	0	0	0
Mrpl18	176.181818	0	1127	0	484	0	202	125	0	0	0	0	0
Hdlbp	176.181818	0	1113	0	349	0	302	174	0	0	0	0	0
Dapk3	176.181818	0	1266	0	224	0	163	166	0	0	0	119	0
Zfp784	176.090909	0	1503	0	252	0	182	0	0	0	0	0	0
Tigar	176.090909	0	1307	0	352	0	174	104	0	0	0	0	0
Rpap2	176.090909	0	1512	0	425	0	0	0	0	0	0	0	0
Ift52	176.090909	0	1332	0	337	0	103	165	0	0	0	0	0
Glmn	176.090909	0	1512	0	425	0	0	0	0	0	0	0	0
Jtb	176.000000	0	1394	0	244	0	189	109	0	0	0	0	0
Cul2	176.000000	0	1335	0	281	0	0	320	0	0	0	0	0
Cct8	176.000000	0	1075	0	475	0	260	126	0	0	0	0	0
BC029722	176.000000	0	1171	0	143	0	525	97	0	0	0	0	0
Apmap	176.000000	0	1042	0	346	0	373	175	0	0	0	0	0
Pms2	175.818182	0	1336	0	314	0	133	151	0	0	0	0	0
Mtx1	175.818182	0	1315	0	245	0	294	80	0	0	0	0	0
Aimp2	175.818182	0	1336	0	314	0	133	151	0	0	0	0	0
Afg3l2	175.818182	0	871	0	211	0	852	0	0	0	0	0	0
Usp8	175.727273	0	1046	0	192	0	456	239	0	0	0	0	0
Tmem127	175.727273	0	1114	0	201	0	477	141	0	0	0	0	0
Psme1	175.727273	0	1348	0	280	0	146	159	0	0	0	0	0
Oip5	175.727273	0	1206	0	302	0	312	113	0	0	0	0	0
Nusap1	175.727273	0	1206	0	302	0	312	113	0	0	0	0	0
Drg2	175.727273	0	1328	0	272	0	201	0	0	0	0	132	0
Ciao1	175.727273	0	1114	0	201	0	477	141	0	0	0	0	0
Tgds	175.636364	0	1089	0	316	0	356	171	0	0	0	0	0
Stx5a	175.636364	0	1152	0	353	0	322	105	0	0	0	0	0
Kifc5b	175.636364	0	1117	0	146	0	489	180	0	0	0	0	0
Csnk1g2	175.636364	0	928	0	165	0	698	141	0	0	0	0	0
Cmc1	175.636364	0	1181	0	288	0	336	127	0	0	0	0	0
3830406C13Rik	175.636364	0	1277	0	655	0	0	0	0	0	0	0	0
Timm17a	175.545455	0	1347	0	313	0	160	111	0	0	0	0	0
Mettl14	175.545455	0	1295	0	258	0	130	89	0	159	0	0	0
Zfp248	175.454545	0	1272	0	264	0	99	295	0	0	0	0	0
Vps41	175.454545	0	1601	0	329	0	0	0	0	0	0	0	0
Slc41a1	175.454545	0	1203	0	174	0	553	0	0	0	0	0	0
Rab1b	175.454545	0	1457	0	203	0	270	0	0	0	0	0	0
Nop16	175.454545	0	970	0	445	0	405	110	0	0	0	0	0
Higd2a	175.454545	0	970	0	445	0	405	110	0	0	0	0	0
Gabarapl2	175.454545	0	1067	0	413	0	332	118	0	0	0	0	0
Chmp1b	175.454545	0	1062	0	256	0	517	95	0	0	0	0	0
Zfp563	175.363636	0	1389	0	540	0	0	0	0	0	0	0	0
Serinc5	175.363636	0	753	0	231	0	845	100	0	0	0	0	0
Rrnad1	175.363636	0	1253	0	396	0	123	157	0	0	0	0	0
Nme6	175.363636	0	1367	0	355	0	0	207	0	0	0	0	0
Isg20l2	175.363636	0	1253	0	396	0	123	157	0	0	0	0	0
Gm2007	175.363636	0	1258	0	409	0	171	91	0	0	0	0	0
Fnbp1	175.363636	0	431	0	99	0	1399	0	0	0	0	0	0
Eif4e2	175.363636	0	1275	0	276	0	242	136	0	0	0	0	0
Eif3j2	175.363636	0	1195	0	467	0	122	145	0	0	0	0	0
Eif3j1	175.363636	0	1195	0	467	0	122	145	0	0	0	0	0
Coil	175.363636	0	1595	0	253	0	81	0	0	0	0	0	0
Acadm	175.363636	0	853	0	228	0	773	75	0	0	0	0	0
Riok1	175.272727	0	1203	0	354	0	220	151	0	0	0	0	0
Czib	175.272727	0	1309	0	294	0	152	173	0	0	0	0	0
Cage1	175.272727	0	1203	0	354	0	220	151	0	0	0	0	0
Tsen2	175.181818	0	1195	0	242	0	267	223	0	0	0	0	0
Triobp	175.181818	0	953	0	125	0	664	185	0	0	0	0	0
Gtpbp10	175.181818	0	1276	0	469	0	0	182	0	0	0	0	0
Gmfg	175.181818	0	696	0	301	0	663	267	0	0	0	0	0
Ankrd37	175.181818	0	953	0	119	0	659	196	0	0	0	0	0
Cast	175.090909	0	1239	0	687	0	0	0	0	0	0	0	0
Zfp119a	175.000000	0	1249	0	452	0	0	224	0	0	0	0	0
Edc4	175.000000	0	1442	0	268	0	124	91	0	0	0	0	0
Lap3	174.909091	0	863	0	132	0	812	117	0	0	0	0	0
Gipc1	174.909091	0	865	0	169	0	0	890	0	0	0	0	0
Slc39a6	174.818182	0	1070	0	388	0	333	132	0	0	0	0	0
Rpl11	174.818182	0	1112	0	343	0	307	161	0	0	0	0	0
Elp2	174.818182	0	1070	0	388	0	333	132	0	0	0	0	0
Upf1	174.727273	0	887	0	217	0	650	168	0	0	0	0	0
Preb	174.727273	0	1150	0	277	0	285	210	0	0	0	0	0
Pkm	174.727273	0	1146	0	345	0	252	179	0	0	0	0	0
Hscb	174.727273	0	1244	0	315	0	169	194	0	0	0	0	0
Chek2	174.727273	0	1244	0	315	0	169	194	0	0	0	0	0
Ushbp1	174.636364	0	1602	0	0	0	186	133	0	0	0	0	0
Trmt10a	174.636364	0	1280	0	363	0	157	121	0	0	0	0	0
Phf5a	174.636364	0	1069	0	334	0	335	183	0	0	0	0	0
Mttp	174.636364	0	1280	0	363	0	157	121	0	0	0	0	0
Aco2	174.636364	0	1069	0	334	0	335	183	0	0	0	0	0
Zpbp2	174.545455	0	1400	0	281	0	239	0	0	0	0	0	0
Ube2t	174.545455	0	1217	0	265	0	438	0	0	0	0	0	0
Carnmt1	174.545455	0	985	0	435	0	500	0	0	0	0	0	0
Rps19	174.454545	0	904	0	157	0	700	158	0	0	0	0	0
Guf1	174.454545	0	1149	0	381	0	121	268	0	0	0	0	0
Gpx4	174.454545	0	1041	0	102	0	776	0	0	0	0	0	0
Zfp367	174.363636	0	989	0	310	0	619	0	0	0	0	0	0
Zbtb3	174.363636	0	1169	0	303	0	337	109	0	0	0	0	0
Vps35l	174.363636	0	1379	0	289	0	118	132	0	0	0	0	0
Mtres1	174.363636	0	1248	0	284	0	257	129	0	0	0	0	0
Ddx23	174.363636	0	1220	0	304	0	227	167	0	0	0	0	0
Serac1	174.272727	0	1054	0	285	0	386	192	0	0	0	0	0
Gtf2h5	174.272727	0	1054	0	285	0	386	192	0	0	0	0	0
Ccser2	174.272727	0	944	0	124	0	849	0	0	0	0	0	0
Sdhc	174.181818	0	1150	0	234	0	532	0	0	0	0	0	0
Rbm42	174.181818	0	1217	0	167	0	403	129	0	0	0	0	0
Ppwd1	174.181818	0	1262	0	407	0	0	247	0	0	0	0	0
Mpz	174.181818	0	1150	0	234	0	532	0	0	0	0	0	0
Hnrnpa3	174.181818	0	802	0	306	0	629	179	0	0	0	0	0
Cenpk	174.181818	0	1262	0	407	0	0	247	0	0	0	0	0
1810055G02Rik	174.181818	0	861	81	222	0	633	119	0	0	0	0	0
Fcho2	174.090909	0	998	0	290	0	416	211	0	0	0	0	0
Alkbh7	174.090909	0	1407	0	148	0	245	115	0	0	0	0	0
Ggh	174.000000	0	1380	0	304	0	230	0	0	0	0	0	0
Galk2	174.000000	0	1075	0	486	0	170	183	0	0	0	0	0
Snrpg	173.909091	0	1357	0	284	0	144	128	0	0	0	0	0
Rnf7	173.909091	0	1145	0	269	0	327	172	0	0	0	0	0
Gpam	173.909091	0	1305	0	415	0	0	193	0	0	0	0	0
Fbf1	173.909091	0	1325	0	160	0	185	243	0	0	0	0	0
Tmem199	173.818182	0	1381	0	224	0	193	114	0	0	0	0	0
Qsox1	173.818182	0	1081	0	267	0	439	125	0	0	0	0	0
Poldip2	173.818182	0	1381	0	224	0	193	114	0	0	0	0	0
Gbf1	173.727273	0	1186	0	228	0	357	140	0	0	0	0	0
Wdr62	173.636364	0	1136	0	276	0	308	190	0	0	0	0	0
Tomm6	173.636364	0	1126	0	226	0	390	168	0	0	0	0	0
Srebf1	173.636364	0	1185	0	256	0	300	169	0	0	0	0	0
Rchy1	173.636364	0	1103	0	554	0	124	129	0	0	0	0	0
Msra	173.636364	0	1117	0	223	0	184	386	0	0	0	0	0
Inafm1	173.636364	0	973	0	213	0	724	0	0	0	0	0	0
Cyb5r1	173.636364	0	1198	0	303	0	192	217	0	0	0	0	0
Vps18	173.545455	0	1208	0	247	0	306	148	0	0	0	0	0
Ppp2ca	173.545455	0	1099	0	342	0	319	149	0	0	0	0	0
Mettl3	173.545455	0	1285	0	401	0	115	108	0	0	0	0	0
H3c15	173.545455	0	1042	0	341	0	187	186	0	0	0	153	0
H3c14	173.545455	0	1042	0	341	0	187	186	0	0	0	153	0
Gtf2h2	173.545455	0	1661	0	248	0	0	0	0	0	0	0	0
Dhodh	173.545455	0	920	0	298	0	541	150	0	0	0	0	0
Tut1	173.454545	0	1341	0	399	0	0	168	0	0	0	0	0
Mrpl49	173.454545	0	804	0	273	0	726	105	0	0	0	0	0
Fau	173.454545	0	804	0	273	0	726	105	0	0	0	0	0
Esrra	173.454545	0	622	0	115	0	1030	141	0	0	0	0	0
Tyw1	173.363636	0	992	0	330	0	412	173	0	0	0	0	0
Tmem134	173.363636	0	1038	0	172	0	697	0	0	0	0	0	0
Slc26a6	173.363636	0	1090	0	251	0	408	158	0	0	0	0	0
Sbds	173.363636	0	992	0	330	0	412	173	0	0	0	0	0
Rnf40	173.363636	0	1204	0	177	0	379	147	0	0	0	0	0
Prkrip1	173.363636	0	1355	0	253	0	113	186	0	0	0	0	0
Nt5dc1	173.363636	0	1252	0	478	0	177	0	0	0	0	0	0
Chm	173.363636	0	1280	0	508	0	0	119	0	0	0	0	0
Ccdc189	173.363636	0	1204	0	177	0	379	147	0	0	0	0	0
Bms1	173.363636	0	1129	0	298	0	119	217	0	0	0	144	0
Sar1b	173.272727	0	1506	0	400	0	0	0	0	0	0	0	0
Psmg3	173.272727	0	1464	0	205	0	111	126	0	0	0	0	0
Mtpap	173.272727	0	1300	0	506	0	0	100	0	0	0	0	0
Cd2bp2	173.272727	0	1340	0	247	0	130	189	0	0	0	0	0
Tex14	173.181818	0	1065	0	220	0	266	133	0	0	0	221	0
Suco	173.181818	0	785	0	412	0	556	152	0	0	0	0	0
Rhebl1	173.181818	0	1416	0	107	0	298	84	0	0	0	0	0
Mrpl28	173.181818	0	1249	0	237	0	285	134	0	0	0	0	0
Kansl2	173.181818	0	1193	0	209	0	298	205	0	0	0	0	0
Gfpt1	173.181818	0	1273	0	247	0	142	243	0	0	0	0	0
Ensa	173.181818	0	1515	0	0	0	269	121	0	0	0	0	0
Zfp157	173.090909	0	1449	0	333	0	0	122	0	0	0	0	0
Tnfaip8l1	173.090909	0	872	0	306	0	556	170	0	0	0	0	0
Slc5a6	173.090909	0	1059	0	415	0	275	155	0	0	0	0	0
Scamp3	173.090909	0	1297	0	232	0	104	271	0	0	0	0	0
B4galt3	173.090909	0	1380	0	242	0	174	108	0	0	0	0	0
Atraid	173.090909	0	1059	0	415	0	275	155	0	0	0	0	0
Atg5	173.090909	0	1118	0	363	0	283	140	0	0	0	0	0
Zfp949	173.000000	0	1391	0	512	0	0	0	0	0	0	0	0
Zfp940	173.000000	0	1447	0	381	0	75	0	0	0	0	0	0
Tmem60	173.000000	0	860	0	257	0	786	0	0	0	0	0	0
Strada	173.000000	0	1005	0	241	0	531	126	0	0	0	0	0
Phtf2	173.000000	0	860	0	257	0	786	0	0	0	0	0	0
Map2k6	173.000000	0	1238	0	437	0	97	131	0	0	0	0	0
H3f3b	173.000000	0	936	0	221	0	235	390	0	0	0	121	0
Fbxl18	173.000000	0	1189	0	327	0	239	148	0	0	0	0	0
Brf2	173.000000	0	1532	0	262	0	0	109	0	0	0	0	0
Atf2	173.000000	0	1157	0	403	0	236	107	0	0	0	0	0
Zdhhc16	172.909091	0	1219	0	273	0	253	157	0	0	0	0	0
Mrpl44	172.909091	0	1226	0	246	0	0	272	0	0	0	158	0
Gdpgp1	172.909091	0	742	0	227	0	933	0	0	0	0	0	0
Exosc1	172.909091	0	1219	0	273	0	253	157	0	0	0	0	0
Cib1	172.909091	0	742	0	227	0	933	0	0	0	0	0	0
Rnf14	172.818182	0	1318	0	271	0	159	153	0	0	0	0	0
Lyst	172.818182	0	1274	0	248	0	379	0	0	0	0	0	0
Cdc5l	172.818182	0	900	0	343	0	536	122	0	0	0	0	0
Rpe	172.727273	0	1096	0	353	0	349	102	0	0	0	0	0
Psmd3	172.727273	0	899	0	160	0	636	205	0	0	0	0	0
Mettl16	172.727273	0	1516	0	384	0	0	0	0	0	0	0	0
Cdc37	172.727273	0	1500	0	134	0	266	0	0	0	0	0	0
Cap1	172.727273	0	898	0	262	0	587	153	0	0	0	0	0
Arl6	172.727273	0	1220	0	310	0	199	171	0	0	0	0	0
Tmem109	172.636364	0	1365	0	313	0	112	109	0	0	0	0	0
Spag9	172.636364	0	789	0	179	0	618	313	0	0	0	0	0
Gemin4	172.636364	0	1175	0	200	0	379	145	0	0	0	0	0
Dbil5	172.636364	0	1175	0	200	0	379	145	0	0	0	0	0
Auh	172.636364	0	1360	0	328	0	211	0	0	0	0	0	0
Arhgap12	172.636364	0	957	0	357	0	459	126	0	0	0	0	0
Actr1a	172.636364	0	1122	0	361	0	416	0	0	0	0	0	0
Rps3a1	172.545455	0	1286	0	327	0	285	0	0	0	0	0	0
Rangap1	172.545455	0	1485	0	188	0	225	0	0	0	0	0	0
Plscr3	172.545455	0	1123	0	208	0	470	97	0	0	0	0	0
Mad2l2	172.545455	0	1291	0	305	0	302	0	0	0	0	0	0
Hadhb	172.545455	0	928	0	425	0	144	401	0	0	0	0	0
Hadha	172.545455	0	928	0	425	0	144	401	0	0	0	0	0
Copb2	172.545455	0	1069	0	291	0	384	154	0	0	0	0	0
Afg1l	172.545455	0	1290	0	216	0	285	107	0	0	0	0	0
Irak2	172.454545	0	1385	0	395	0	117	0	0	0	0	0	0
Hyou1	172.454545	0	1030	0	160	0	590	117	0	0	0	0	0
Tedc2	172.363636	0	1130	0	167	0	479	120	0	0	0	0	0
Pwwp3a	172.363636	0	1059	0	83	0	558	196	0	0	0	0	0
Nudt5	172.363636	0	1260	0	415	0	0	221	0	0	0	0	0
Nek11	172.363636	0	1385	0	256	0	157	98	0	0	0	0	0
Haus6	172.363636	0	1432	0	312	0	152	0	0	0	0	0	0
Cdv3	172.363636	0	820	0	404	0	585	87	0	0	0	0	0
Cdc123	172.363636	0	1260	0	415	0	0	221	0	0	0	0	0
Aste1	172.363636	0	1385	0	256	0	157	98	0	0	0	0	0
Zfp369	172.272727	0	1168	0	498	0	0	229	0	0	0	0	0
Tra2b	172.272727	0	1024	0	302	0	415	154	0	0	0	0	0
Psmc3ip	172.272727	0	1420	0	186	0	192	97	0	0	0	0	0
Eif2d	172.272727	0	1400	0	357	0	0	138	0	0	0	0	0
Timm44	172.181818	0	1267	0	435	0	0	192	0	0	0	0	0
Ssr1	172.181818	0	1271	0	213	0	300	110	0	0	0	0	0
Ints14	172.181818	0	1352	0	210	0	157	175	0	0	0	0	0
Clasp2	172.181818	0	775	0	285	0	695	139	0	0	0	0	0
Asah1	172.181818	0	665	0	376	0	356	497	0	0	0	0	0
Rrp7a	172.090909	0	1409	0	193	0	216	75	0	0	0	0	0
Nsfl1c	172.090909	0	1282	0	237	0	271	103	0	0	0	0	0
Net1	172.000000	0	1378	0	277	0	120	117	0	0	0	0	0
Mrpl22	172.000000	0	1143	0	474	0	191	84	0	0	0	0	0
Ythdc1	171.909091	0	1265	0	264	0	204	158	0	0	0	0	0
Harbi1	171.909091	0	1220	0	415	0	161	95	0	0	0	0	0
Atg13	171.909091	0	1220	0	415	0	161	95	0	0	0	0	0
Zw10	171.818182	0	1305	0	208	0	266	111	0	0	0	0	0
Helz2	171.818182	0	1470	0	420	0	0	0	0	0	0	0	0
Adamts10	171.818182	0	1413	0	358	0	0	119	0	0	0	0	0
Ten1	171.727273	0	1354	0	318	0	217	0	0	0	0	0	0
Stim2	171.727273	0	804	0	234	0	851	0	0	0	0	0	0
Smpd2	171.727273	0	1054	0	291	0	425	119	0	0	0	0	0
Slf2	171.727273	0	1371	0	292	0	226	0	0	0	0	0	0
Rell1	171.727273	0	878	0	0	0	925	86	0	0	0	0	0
Ppil6	171.727273	0	1054	0	291	0	425	119	0	0	0	0	0
Opa3	171.727273	0	1005	0	292	0	383	209	0	0	0	0	0
Mpp7	171.727273	0	811	0	344	0	601	133	0	0	0	0	0
Gapdh	171.727273	0	1156	0	217	0	182	148	0	0	0	186	0
Caprin2	171.727273	0	857	0	252	0	620	160	0	0	0	0	0
Acox1	171.727273	0	1354	0	318	0	217	0	0	0	0	0	0
Tbcd	171.636364	0	1070	0	287	0	405	126	0	0	0	0	0
Ywhae	171.545455	0	992	0	278	0	617	0	0	0	0	0	0
Ddx46	171.545455	0	1657	0	230	0	0	0	0	0	0	0	0
Snap29	171.454545	0	1142	0	301	0	339	104	0	0	0	0	0
Pi4ka	171.454545	0	1142	0	301	0	339	104	0	0	0	0	0
Nrd1	171.454545	0	1047	0	321	0	296	222	0	0	0	0	0
Etf1	171.454545	0	1057	0	518	0	194	117	0	0	0	0	0
Ercc6	171.454545	0	1324	0	260	0	180	122	0	0	0	0	0
1110038F14Rik	171.454545	0	1406	0	328	0	0	152	0	0	0	0	0
Zfp39	171.363636	0	1428	0	269	0	79	109	0	0	0	0	0
Utp11	171.363636	0	1392	0	240	0	253	0	0	0	0	0	0
Tpx2	171.363636	0	1430	0	159	0	157	139	0	0	0	0	0
Tars2	171.363636	0	1286	0	242	0	254	103	0	0	0	0	0
Coq10b	171.363636	0	962	0	309	0	614	0	0	0	0	0	0
Coa4	171.363636	0	1223	0	437	0	117	108	0	0	0	0	0
Zfp322a	171.272727	0	1261	0	253	0	280	90	0	0	0	0	0
Sphk2	171.272727	0	901	0	387	0	465	131	0	0	0	0	0
Rpl27	171.272727	0	1010	0	187	0	358	329	0	0	0	0	0
Rab40c	171.272727	0	1195	0	247	0	190	252	0	0	0	0	0
Xpot	171.181818	0	850	0	361	0	493	179	0	0	0	0	0
Ralb	171.181818	0	1080	0	70	0	500	233	0	0	0	0	0
Pigu	171.181818	0	1439	0	352	0	0	92	0	0	0	0	0
Mtmr10	171.181818	0	1072	0	131	0	528	152	0	0	0	0	0
Hspa5	171.181818	0	1168	0	337	0	154	224	0	0	0	0	0
Dusp12	171.181818	0	1317	0	250	0	223	93	0	0	0	0	0
Cep250	171.181818	0	1354	0	237	0	138	154	0	0	0	0	0
Armc10	171.181818	0	1266	0	167	0	251	199	0	0	0	0	0
Wdr19	171.090909	0	826	0	293	0	469	294	0	0	0	0	0
Washc3	171.090909	0	1425	0	294	0	163	0	0	0	0	0	0
Tchp	171.090909	0	1454	0	166	0	262	0	0	0	0	0	0
Rptor	171.090909	0	1388	0	210	0	117	167	0	0	0	0	0
Gpbp1l1	171.090909	0	801	0	242	0	702	137	0	0	0	0	0
4930430F08Rik	171.090909	0	1398	0	337	0	147	0	0	0	0	0	0
Usp28	171.000000	0	848	0	206	0	701	126	0	0	0	0	0
Rce1	171.000000	0	1181	0	250	0	261	189	0	0	0	0	0
Prmt5	171.000000	0	1202	0	226	0	302	151	0	0	0	0	0
Ndufb4	171.000000	0	934	0	196	0	629	122	0	0	0	0	0
Gm4724	171.000000	0	1210	0	409	0	171	91	0	0	0	0	0
Gm2026	171.000000	0	1210	0	409	0	171	91	0	0	0	0	0
Gm14434	171.000000	0	1210	0	409	0	171	91	0	0	0	0	0
Gm14430	171.000000	0	1210	0	409	0	171	91	0	0	0	0	0
Gm14308	171.000000	0	1210	0	409	0	171	91	0	0	0	0	0
Abhd6	171.000000	0	1340	0	541	0	0	0	0	0	0	0	0
Sltm	170.909091	0	1230	0	324	0	161	165	0	0	0	0	0
Rrn3	170.909091	0	1258	0	269	0	186	167	0	0	0	0	0
Plpbp	170.909091	0	1422	0	371	0	0	87	0	0	0	0	0
Naaa	170.909091	0	1425	0	260	0	109	86	0	0	0	0	0
Isoc2a	170.909091	0	1176	0	290	0	414	0	0	0	0	0	0
Pygo2	170.818182	0	789	0	0	0	784	306	0	0	0	0	0
Dnajb1	170.727273	0	912	0	237	0	604	125	0	0	0	0	0
Commd10	170.727273	0	1406	0	192	0	96	184	0	0	0	0	0
Chd9	170.727273	0	1170	0	267	0	261	180	0	0	0	0	0
Cct4	170.727273	0	1294	0	414	0	170	0	0	0	0	0	0
Sars	170.636364	0	1525	0	352	0	0	0	0	0	0	0	0
Rfx2	170.636364	0	446	0	145	0	1157	129	0	0	0	0	0
Poc1a	170.636364	0	1398	0	233	0	127	119	0	0	0	0	0
Nceh1	170.636364	0	1285	0	329	0	147	116	0	0	0	0	0
Gopc	170.636364	0	1159	0	533	0	185	0	0	0	0	0	0
Ubxn7	170.545455	0	1265	0	293	0	225	93	0	0	0	0	0
Trim32	170.545455	0	1409	0	272	0	0	195	0	0	0	0	0
Tab1	170.545455	0	1253	0	297	0	213	113	0	0	0	0	0
Oard1	170.545455	0	874	0	367	0	635	0	0	0	0	0	0
Nfya	170.545455	0	874	0	367	0	635	0	0	0	0	0	0
Ndufaf5	170.545455	0	1165	0	499	0	0	212	0	0	0	0	0
Mtg2	170.545455	0	1203	0	315	0	176	182	0	0	0	0	0
Isoc2b	170.545455	0	1443	0	433	0	0	0	0	0	0	0	0
Gtf3c5	170.545455	0	1402	0	281	0	107	86	0	0	0	0	0
Exoc1	170.545455	0	1308	0	198	0	262	108	0	0	0	0	0
Esf1	170.545455	0	1165	0	499	0	0	212	0	0	0	0	0
Cnot1	170.545455	0	1062	0	315	0	246	253	0	0	0	0	0
Tgoln2	170.454545	0	976	0	259	0	475	165	0	0	0	0	0
Tgoln1	170.454545	0	976	0	259	0	475	165	0	0	0	0	0
Sod2	170.454545	0	916	0	179	0	268	512	0	0	0	0	0
Prdm10	170.454545	0	987	0	274	0	101	413	0	0	0	100	0
Nubpl	170.454545	0	1415	0	102	0	127	231	0	0	0	0	0
Mthfd1	170.454545	0	1169	0	330	0	229	147	0	0	0	0	0
Mapkap1	170.454545	0	1191	0	112	0	572	0	0	0	0	0	0
Uvrag	170.363636	0	967	0	210	0	572	125	0	0	0	0	0
Osbpl7	170.363636	0	1461	0	413	0	0	0	0	0	0	0	0
Nans	170.363636	0	1338	0	262	0	274	0	0	0	0	0	0
Mthfsd	170.363636	0	1214	0	191	0	222	247	0	0	0	0	0
Exd1	170.363636	0	1045	0	308	0	379	142	0	0	0	0	0
Chp1	170.363636	0	1045	0	308	0	379	142	0	0	0	0	0
Tomm7	170.272727	0	1244	0	355	0	167	107	0	0	0	0	0
Mul1	170.272727	0	1175	0	197	0	230	271	0	0	0	0	0
Ldlr	170.272727	0	552	0	237	0	1084	0	0	0	0	0	0
Exoc5	170.272727	0	939	0	556	0	233	145	0	0	0	0	0
Ap5m1	170.272727	0	939	0	556	0	233	145	0	0	0	0	0
Wipi2	170.181818	0	697	0	334	0	693	148	0	0	0	0	0
Trim2	170.181818	0	931	0	205	0	346	390	0	0	0	0	0
Cyth2	170.181818	0	908	0	0	0	808	156	0	0	0	0	0
Znrf3	170.090909	0	631	0	179	0	955	106	0	0	0	0	0
Trpm7	170.090909	0	1058	0	495	0	175	143	0	0	0	0	0
Tfcp2	170.090909	0	1216	0	86	0	385	184	0	0	0	0	0
Skp2	170.090909	0	1044	0	270	0	409	148	0	0	0	0	0
Rpl23	170.090909	0	1048	0	205	0	454	164	0	0	0	0	0
Ppm1l	170.090909	0	953	0	233	0	0	685	0	0	0	0	0
Lmbrd2	170.090909	0	1044	0	270	0	409	148	0	0	0	0	0
Iffo2	170.090909	0	534	0	0	0	1244	93	0	0	0	0	0
Hmgcs1	170.090909	0	1117	0	309	0	270	175	0	0	0	0	0
Txndc12	170.000000	0	906	0	476	0	265	223	0	0	0	0	0
Tmem184b	170.000000	0	1157	0	316	0	232	165	0	0	0	0	0
Pycrl	170.000000	0	1492	0	143	0	235	0	0	0	0	0	0
Pstk	170.000000	0	1300	0	241	0	127	202	0	0	0	0	0
Myo9b	170.000000	0	841	0	208	0	659	162	0	0	0	0	0
Ice2	170.000000	0	1344	0	325	0	0	201	0	0	0	0	0
Haus8	170.000000	0	841	0	208	0	659	162	0	0	0	0	0
Btf3l4	170.000000	0	906	0	476	0	265	223	0	0	0	0	0
Clic4	169.909091	0	691	0	104	0	1074	0	0	0	0	0	0
Twf1	169.818182	0	898	0	369	0	601	0	0	0	0	0	0
Pank3	169.818182	0	960	0	332	0	447	129	0	0	0	0	0
Mrpl58	169.818182	0	1508	0	197	0	0	163	0	0	0	0	0
Lonp2	169.818182	0	1024	0	423	0	293	128	0	0	0	0	0
Lman2	169.818182	0	1350	0	334	0	0	184	0	0	0	0	0
Cyb5b	169.818182	0	1468	0	235	0	0	165	0	0	0	0	0
Crnkl1	169.818182	0	1292	0	390	0	186	0	0	0	0	0	0
Cfap61	169.818182	0	1292	0	390	0	186	0	0	0	0	0	0
Aar2	169.818182	0	1577	0	192	0	0	99	0	0	0	0	0
Taco1	169.727273	0	1270	0	253	0	214	130	0	0	0	0	0
Mtmr14	169.727273	0	1073	0	274	0	325	195	0	0	0	0	0
Limk1	169.727273	0	590	0	0	0	1072	205	0	0	0	0	0
Klhl36	169.727273	0	766	0	0	0	999	102	0	0	0	0	0
Hax1	169.727273	0	1238	0	307	0	212	110	0	0	0	0	0
Washc5	169.636364	0	1256	0	486	0	0	124	0	0	0	0	0
Prcc	169.636364	0	1175	0	319	0	252	120	0	0	0	0	0
Nsmce2	169.636364	0	1256	0	486	0	0	124	0	0	0	0	0
Akr1b10	169.636364	0	1126	0	324	0	166	250	0	0	0	0	0
Rbm48	169.545455	0	1150	0	397	0	133	185	0	0	0	0	0
Rab4b	169.545455	0	1226	0	202	0	437	0	0	0	0	0	0
Pex1	169.545455	0	1150	0	397	0	133	185	0	0	0	0	0
Ggps1	169.545455	0	853	0	442	0	570	0	0	0	0	0	0
Dnm2	169.545455	0	1044	0	358	0	346	117	0	0	0	0	0
Atp5g1	169.545455	0	1352	0	250	0	88	175	0	0	0	0	0
Arid4b	169.545455	0	853	0	442	0	570	0	0	0	0	0	0
Med31	169.454545	0	1104	0	336	0	143	281	0	0	0	0	0
H2ax	169.454545	0	1206	0	91	0	278	184	0	0	0	105	0
4930563E22Rik	169.454545	0	1104	0	336	0	143	281	0	0	0	0	0
Tmem198b	169.363636	0	1035	0	195	0	274	359	0	0	0	0	0
Mgrn1	169.363636	0	1132	0	168	0	0	563	0	0	0	0	0
Dnajc14	169.363636	0	1035	0	195	0	274	359	0	0	0	0	0
Dhx37	169.363636	0	1172	0	169	0	522	0	0	0	0	0	0
Cpeb4	169.363636	0	821	0	284	0	614	144	0	0	0	0	0
Cd1d1	169.363636	0	1349	0	326	0	0	188	0	0	0	0	0
Zfyve1	169.272727	0	973	0	0	0	662	227	0	0	0	0	0
Zcchc17	169.272727	0	1119	0	345	0	233	165	0	0	0	0	0
Snrnp40	169.272727	0	1119	0	345	0	233	165	0	0	0	0	0
Rpp21	169.272727	0	1612	0	250	0	0	0	0	0	0	0	0
Rpl29	169.272727	0	910	0	255	0	587	110	0	0	0	0	0
Prpf18	169.272727	0	1546	0	316	0	0	0	0	0	0	0	0
Ccar1	169.272727	0	1126	0	219	0	251	266	0	0	0	0	0
Rhobtb2	169.181818	0	811	0	321	0	729	0	0	0	0	0	0
Hltf	169.181818	0	1288	0	448	0	125	0	0	0	0	0	0
Eef1akmt1	169.181818	0	1200	0	416	0	166	79	0	0	0	0	0
Tmem135	169.090909	0	1050	0	545	0	137	128	0	0	0	0	0
Cybc1	169.090909	0	1281	0	240	0	122	217	0	0	0	0	0
Colgalt1	169.090909	0	966	0	165	0	628	101	0	0	0	0	0
Fdxr	169.000000	0	951	0	249	0	455	204	0	0	0	0	0
Crocc	169.000000	0	848	0	116	0	769	126	0	0	0	0	0
Cops2	169.000000	0	1020	0	486	0	170	183	0	0	0	0	0
Cbx8	169.000000	0	839	0	144	0	616	260	0	0	0	0	0
Zfp518a	168.909091	0	1262	0	480	0	0	116	0	0	0	0	0
Zfp445	168.909091	0	1421	0	201	0	133	103	0	0	0	0	0
Wdr37	168.909091	0	1306	0	349	0	117	86	0	0	0	0	0
Top1	168.909091	0	1165	0	254	0	439	0	0	0	0	0	0
Sugt1	168.909091	0	1159	0	309	0	202	188	0	0	0	0	0
Serinc3	168.909091	0	839	0	263	0	590	166	0	0	0	0	0
Mrps26	168.909091	0	1078	0	162	0	502	116	0	0	0	0	0
Trip4	168.818182	0	1054	0	410	0	238	155	0	0	0	0	0
Rpn1	168.818182	0	1379	0	202	0	137	139	0	0	0	0	0
Polq	168.818182	0	1379	0	321	0	157	0	0	0	0	0	0
Dnajc4	168.818182	0	789	0	184	0	781	103	0	0	0	0	0
Csnk1g1	168.818182	0	1054	0	410	0	238	155	0	0	0	0	0
Cnpy2	168.818182	0	1226	0	414	0	106	111	0	0	0	0	0
Ascc2	168.818182	0	1028	0	213	0	479	137	0	0	0	0	0
Mad2l1	168.727273	0	1053	0	275	0	406	122	0	0	0	0	0
Ldha	168.727273	0	832	0	310	0	396	171	0	0	0	147	0
Epc1	168.727273	0	1135	0	281	0	282	158	0	0	0	0	0
Ccdc126	168.727273	0	959	0	179	0	491	227	0	0	0	0	0
Zmat5	168.636364	0	1257	0	509	0	89	0	0	0	0	0	0
Wdr45b	168.636364	0	1096	0	371	0	212	176	0	0	0	0	0
Usf1	168.636364	0	1064	0	558	0	101	132	0	0	0	0	0
Uqcr10	168.636364	0	1257	0	509	0	89	0	0	0	0	0	0
Plag1	168.636364	0	1037	0	127	0	562	129	0	0	0	0	0
Parp11	168.636364	0	1226	0	281	0	222	126	0	0	0	0	0
Cfap20	168.636364	0	1138	0	215	0	341	161	0	0	0	0	0
Cd3eap	168.636364	0	768	0	0	0	283	804	0	0	0	0	0
Alkbh3	168.636364	0	1142	0	257	0	294	162	0	0	0	0	0
Rpp30	168.545455	0	1343	0	511	0	0	0	0	0	0	0	0
Rbm28	168.545455	0	1432	0	241	0	181	0	0	0	0	0	0
Paxx	168.545455	0	1326	0	115	0	292	121	0	0	0	0	0
Nab1	168.545455	0	1172	0	518	0	0	164	0	0	0	0	0
Mcoln1	168.545455	0	1232	0	295	0	163	164	0	0	0	0	0
Cs	168.545455	0	1135	0	431	0	288	0	0	0	0	0	0
Cox8a	168.545455	0	1232	0	244	0	378	0	0	0	0	0	0
Wsb1	168.454545	0	963	0	249	0	438	203	0	0	0	0	0
Stt3a	168.454545	0	1074	0	280	0	373	126	0	0	0	0	0
Rps3	168.454545	0	1071	0	382	0	253	147	0	0	0	0	0
Bcl2l12	168.454545	0	1218	0	324	0	197	114	0	0	0	0	0
Atg4c	168.454545	0	1244	0	319	0	143	147	0	0	0	0	0
Tmem138	168.363636	0	1336	0	425	0	0	91	0	0	0	0	0
Stk11	168.363636	0	689	0	0	0	1061	102	0	0	0	0	0
Cyb561a3	168.363636	0	1336	0	425	0	0	91	0	0	0	0	0
Hdac2	168.272727	0	647	0	254	0	0	950	0	0	0	0	0
Mtif3	168.181818	0	1552	0	298	0	0	0	0	0	0	0	0
Haus4	168.181818	0	1092	0	417	0	200	141	0	0	0	0	0
Dimt1	168.181818	0	1095	0	310	0	303	142	0	0	0	0	0
Ipo8	168.090909	0	1025	0	472	0	178	174	0	0	0	0	0
Ginm1	168.090909	0	1180	0	300	0	369	0	0	0	0	0	0
Fbxw9	168.090909	0	1341	0	276	0	96	136	0	0	0	0	0
Zfp619	168.000000	0	1221	0	405	0	0	222	0	0	0	0	0
Pepd	168.000000	0	1378	0	134	0	336	0	0	0	0	0	0
Nudt16l1	168.000000	0	1322	0	163	0	270	93	0	0	0	0	0
Lamtor3	168.000000	0	1266	0	242	0	247	93	0	0	0	0	0
Il1rap	168.000000	0	1102	0	315	0	276	155	0	0	0	0	0
Gm14305	168.000000	0	1533	0	315	0	0	0	0	0	0	0	0
Mphosph8	167.909091	0	1088	0	387	0	144	228	0	0	0	0	0
Csde1	167.909091	0	1224	0	360	0	114	149	0	0	0	0	0
2310033P09Rik	167.909091	0	1257	0	280	0	163	147	0	0	0	0	0
Trim28	167.818182	0	1190	0	192	0	369	95	0	0	0	0	0
Thoc1	167.818182	0	1343	0	321	0	0	182	0	0	0	0	0
Polg2	167.818182	0	1197	0	301	0	181	167	0	0	0	0	0
Pex7	167.818182	0	1507	0	152	0	0	187	0	0	0	0	0
Ctso	167.818182	0	1512	0	334	0	0	0	0	0	0	0	0
Ap3s2	167.818182	0	1299	0	331	0	88	128	0	0	0	0	0
Vcpip1	167.727273	0	1073	0	382	0	266	124	0	0	0	0	0
Ube2b	167.727273	0	969	0	225	0	166	485	0	0	0	0	0
Spata2l	167.727273	0	1326	0	253	0	266	0	0	0	0	0	0
Nrde2	167.727273	0	1411	0	316	0	0	118	0	0	0	0	0
Tssc4	167.636364	0	1295	0	240	0	203	106	0	0	0	0	0
Trim68	167.636364	0	1371	0	309	0	0	164	0	0	0	0	0
Rps24	167.636364	0	893	0	331	0	620	0	0	0	0	0	0
Prpf3	167.636364	0	1272	0	177	0	290	105	0	0	0	0	0
Ndufc2	167.636364	0	1268	0	349	0	96	131	0	0	0	0	0
Hsf2	167.636364	0	1404	0	181	0	259	0	0	0	0	0	0
Ddx11	167.636364	0	1381	0	150	0	136	177	0	0	0	0	0
Adat1	167.636364	0	1386	0	188	0	152	118	0	0	0	0	0
Zswim1	167.545455	0	1216	0	295	0	233	99	0	0	0	0	0
Tcof1	167.545455	0	1060	0	230	0	369	184	0	0	0	0	0
Sorbs1	167.545455	0	1164	0	325	0	219	135	0	0	0	0	0
Parp6	167.545455	0	1206	0	179	0	325	133	0	0	0	0	0
Fam76a	167.545455	0	702	0	184	0	859	98	0	0	0	0	0
Cyth3	167.545455	0	1034	0	158	0	651	0	0	0	0	0	0
Cdkn2aip	167.545455	0	973	0	236	0	540	94	0	0	0	0	0
Ccsap	167.545455	0	916	0	241	0	686	0	0	0	0	0	0
Vps28	167.454545	0	1171	0	333	0	216	122	0	0	0	0	0
Trmt6	167.454545	0	1283	0	219	0	197	143	0	0	0	0	0
Pip4p1	167.454545	0	926	0	265	0	418	233	0	0	0	0	0
Mcm8	167.454545	0	1283	0	219	0	197	143	0	0	0	0	0
Ubxn6	167.363636	0	905	0	127	0	700	109	0	0	0	0	0
Tigd2	167.363636	0	1080	0	477	0	139	145	0	0	0	0	0
Caml	167.363636	0	1151	0	288	0	274	128	0	0	0	0	0
Adck1	167.363636	0	1334	0	293	0	0	214	0	0	0	0	0
Pdp2	167.272727	0	1294	0	222	0	226	98	0	0	0	0	0
Nfx1	167.272727	0	1194	0	270	0	170	206	0	0	0	0	0
Espl1	167.272727	0	1402	0	0	0	268	170	0	0	0	0	0
Cdk11b	167.272727	0	856	0	330	0	403	251	0	0	0	0	0
Znhit1	167.181818	0	1060	0	168	0	395	216	0	0	0	0	0
Wdcp	167.181818	0	1393	0	326	0	0	120	0	0	0	0	0
Plod3	167.181818	0	1060	0	168	0	395	216	0	0	0	0	0
Mfsd13b	167.181818	0	1052	0	292	0	354	141	0	0	0	0	0
Mbd4	167.181818	0	874	0	296	0	492	177	0	0	0	0	0
Ift122	167.181818	0	874	0	296	0	492	177	0	0	0	0	0
Cdr2	167.181818	0	1052	0	292	0	354	141	0	0	0	0	0
Tial1	167.090909	0	1253	0	185	0	284	116	0	0	0	0	0
Tbccd1	167.090909	0	1105	0	331	0	210	192	0	0	0	0	0
R3hcc1l	167.090909	0	1309	0	294	0	137	98	0	0	0	0	0
Pex5	167.090909	0	865	0	304	0	669	0	0	0	0	0	0
Nedd8	167.090909	0	1440	0	262	0	0	136	0	0	0	0	0
Kmt5a	167.090909	0	1106	0	292	0	330	110	0	0	0	0	0
Gmpr2	167.090909	0	1440	0	262	0	0	136	0	0	0	0	0
Ercc6l2	167.090909	0	930	0	535	0	186	187	0	0	0	0	0
Dnajb11	167.090909	0	1105	0	331	0	210	192	0	0	0	0	0
Rnf141	167.000000	0	1336	0	198	0	138	165	0	0	0	0	0
Pcbp3	167.000000	0	608	0	0	0	1229	0	0	0	0	0	0
Mrpl9	167.000000	0	1292	0	446	0	0	99	0	0	0	0	0
Gpatch1	167.000000	0	1420	0	298	0	0	119	0	0	0	0	0
Sdad1	166.909091	0	1379	0	313	0	0	144	0	0	0	0	0
Riok3	166.909091	0	1136	0	308	0	208	184	0	0	0	0	0
Hnrnpm	166.909091	0	1110	0	202	0	389	135	0	0	0	0	0
Edem1	166.909091	0	678	0	275	0	883	0	0	0	0	0	0
Zkscan6	166.818182	0	1033	0	329	0	332	141	0	0	0	0	0
Tmem129	166.818182	0	1158	0	226	0	251	200	0	0	0	0	0
Tacc3	166.818182	0	1158	0	226	0	251	200	0	0	0	0	0
Snx17	166.818182	0	1085	0	215	0	306	229	0	0	0	0	0
Ints3	166.818182	0	1019	0	447	0	161	208	0	0	0	0	0
H2-M3	166.818182	0	1269	0	566	0	0	0	0	0	0	0	0
Eif2b4	166.818182	0	1085	0	215	0	306	229	0	0	0	0	0
Eftud2	166.818182	0	1165	0	212	0	190	268	0	0	0	0	0
Ccdc103	166.818182	0	1165	0	212	0	190	268	0	0	0	0	0
Brca2	166.818182	0	1112	0	441	0	88	194	0	0	0	0	0
Zfp213	166.727273	0	1044	0	373	0	318	99	0	0	0	0	0
Msh6	166.727273	0	971	0	228	0	635	0	0	0	0	0	0
Cd320	166.727273	0	1444	0	306	0	0	84	0	0	0	0	0
Traf7	166.636364	0	1239	0	255	0	103	149	0	0	0	87	0
Rsad1	166.636364	0	1126	0	276	0	108	323	0	0	0	0	0
Rbm5	166.636364	0	1206	0	310	0	210	107	0	0	0	0	0
Msantd4	166.636364	0	1176	0	504	0	153	0	0	0	0	0	0
0610009B22Rik	166.636364	0	1223	0	291	0	206	113	0	0	0	0	0
Tox4	166.545455	0	1110	0	417	0	159	146	0	0	0	0	0
Srprb	166.545455	0	1396	0	313	0	123	0	0	0	0	0	0
Rab2b	166.545455	0	1110	0	417	0	159	146	0	0	0	0	0
Pygb	166.545455	0	1337	0	287	0	208	0	0	0	0	0	0
Phka2	166.545455	0	1158	0	171	0	229	274	0	0	0	0	0
Nsa2	166.545455	0	1320	0	252	0	134	126	0	0	0	0	0
Ndufaf7	166.545455	0	1217	0	274	0	196	145	0	0	0	0	0
Gfm2	166.545455	0	1320	0	252	0	134	126	0	0	0	0	0
Cnbp	166.545455	0	960	0	145	0	547	180	0	0	0	0	0
Cebpz	166.545455	0	1217	0	274	0	196	145	0	0	0	0	0
Bag6	166.545455	0	1324	0	236	0	133	139	0	0	0	0	0
Sympk	166.454545	0	953	0	175	0	703	0	0	0	0	0	0
Ppp1cb	166.454545	0	977	0	230	0	420	204	0	0	0	0	0
Nsun3	166.454545	0	1192	0	345	0	124	170	0	0	0	0	0
Ccpg1os	166.454545	0	905	0	333	0	410	183	0	0	0	0	0
Ccpg1	166.454545	0	905	0	333	0	410	183	0	0	0	0	0
Rpusd2	166.363636	0	1131	0	226	0	336	137	0	0	0	0	0
Mrpl11	166.363636	0	1375	0	166	0	0	289	0	0	0	0	0
Dcaf1	166.363636	0	992	0	282	0	297	259	0	0	0	0	0
2610001J05Rik	166.363636	0	1396	0	315	0	0	119	0	0	0	0	0
Rnf6	166.272727	0	1263	0	418	0	148	0	0	0	0	0	0
Plk3	166.272727	0	753	0	124	0	780	172	0	0	0	0	0
Nupl1	166.272727	0	1040	0	320	0	268	201	0	0	0	0	0
Ndufs4	166.272727	0	1359	0	369	0	0	101	0	0	0	0	0
Hdgfl2	166.272727	0	893	0	127	0	700	109	0	0	0	0	0
Dhx35	166.272727	0	955	0	411	0	358	105	0	0	0	0	0
Wdr76	166.090909	0	1379	0	306	0	142	0	0	0	0	0	0
Plekhf2	166.090909	0	959	0	331	0	368	169	0	0	0	0	0
Pak1ip1	166.090909	0	1156	0	313	0	136	222	0	0	0	0	0
Mfap1a	166.090909	0	1379	0	306	0	142	0	0	0	0	0	0
Fbrs	166.090909	0	835	0	305	0	456	231	0	0	0	0	0
Ddb2	166.090909	0	1132	0	275	0	324	96	0	0	0	0	0
Bbs9	166.090909	0	1085	0	440	0	130	172	0	0	0	0	0
Ldlrad4	166.000000	0	942	0	238	0	454	192	0	0	0	0	0
Irgq	166.000000	0	1045	0	372	0	183	226	0	0	0	0	0
Tmem254c	165.909091	0	1153	0	241	0	157	274	0	0	0	0	0
Tmem254b	165.909091	0	1153	0	241	0	157	274	0	0	0	0	0
Tmem254a	165.909091	0	1153	0	241	0	157	274	0	0	0	0	0
Mtmr12	165.909091	0	818	0	163	0	747	97	0	0	0	0	0
Kifbp	165.909091	0	1246	0	117	0	239	223	0	0	0	0	0
Hnrnpc	165.909091	0	1285	0	263	0	191	86	0	0	0	0	0
Zfp954	165.818182	0	1404	0	420	0	0	0	0	0	0	0	0
Xrra1	165.818182	0	998	0	329	0	306	191	0	0	0	0	0
Vps8	165.818182	0	964	0	252	0	469	139	0	0	0	0	0
Spcs2	165.818182	0	998	0	329	0	306	191	0	0	0	0	0
Sfxn5	165.818182	0	1390	0	230	0	0	119	0	0	0	85	0
Mon1b	165.818182	0	1134	0	430	0	159	101	0	0	0	0	0
Iars	165.818182	0	1056	0	381	0	170	217	0	0	0	0	0
Cradd	165.818182	0	1248	0	355	0	91	130	0	0	0	0	0
Cep131	165.818182	0	821	0	147	0	856	0	0	0	0	0	0
Anks3	165.818182	0	1025	0	238	0	373	188	0	0	0	0	0
4930451G09Rik	165.818182	0	1025	0	238	0	373	188	0	0	0	0	0
Snrpd1	165.727273	0	1568	0	255	0	0	0	0	0	0	0	0
Sfxn3	165.727273	0	1041	0	338	0	291	153	0	0	0	0	0
Rnaseh2b	165.727273	0	1494	0	329	0	0	0	0	0	0	0	0
Oscp1	165.727273	0	1510	0	109	0	0	204	0	0	0	0	0
Mzf1	165.727273	0	1556	0	143	0	0	124	0	0	0	0	0
Coq5	165.727273	0	1420	0	204	0	103	96	0	0	0	0	0
Ago3	165.727273	0	1256	0	199	0	207	161	0	0	0	0	0
Zik1	165.636364	0	1275	0	441	0	0	106	0	0	0	0	0
Ccdc171	165.636364	0	1353	0	207	0	116	146	0	0	0	0	0
Zfp729b	165.545455	0	1400	0	421	0	0	0	0	0	0	0	0
Lrr1	165.545455	0	1258	0	326	0	111	126	0	0	0	0	0
Josd2	165.545455	0	1334	0	146	0	236	105	0	0	0	0	0
Imp4	165.454545	0	1147	0	401	0	158	114	0	0	0	0	0
Eef1e1	165.454545	0	1076	0	211	0	533	0	0	0	0	0	0
Ccdc115	165.454545	0	1147	0	401	0	158	114	0	0	0	0	0
Tmem33	165.363636	0	1089	0	230	0	359	141	0	0	0	0	0
Phf20	165.363636	0	1121	0	347	0	219	132	0	0	0	0	0
Mrpl10	165.363636	0	1292	0	206	0	207	114	0	0	0	0	0
Lrrc46	165.363636	0	1292	0	206	0	207	114	0	0	0	0	0
Aco1	165.363636	0	1002	0	226	0	473	118	0	0	0	0	0
Abhd17b	165.363636	0	1194	0	369	0	125	131	0	0	0	0	0
1110059E24Rik	165.363636	0	1194	0	369	0	125	131	0	0	0	0	0
Wdr7	165.272727	0	939	0	436	0	261	182	0	0	0	0	0
Ptprs	165.272727	0	1305	0	0	0	306	207	0	0	0	0	0
Nepro	165.272727	0	1391	0	254	0	173	0	0	0	0	0	0
Xndc1	165.181818	0	1218	0	395	0	0	204	0	0	0	0	0
Tnfaip1	165.181818	0	898	0	192	0	592	135	0	0	0	0	0
Stard3nl	165.181818	0	1030	0	504	0	199	84	0	0	0	0	0
Sap30l	165.181818	0	1174	0	459	0	184	0	0	0	0	0	0
Rnf121	165.181818	0	1218	0	395	0	0	204	0	0	0	0	0
Pwwp2a	165.181818	0	869	0	179	0	617	152	0	0	0	0	0
Ppp4r3a	165.181818	0	1077	0	335	0	198	207	0	0	0	0	0
Neu3	165.181818	0	1202	0	312	0	303	0	0	0	0	0	0
Ift20	165.181818	0	898	0	192	0	592	135	0	0	0	0	0
Eya3	165.181818	0	997	0	186	0	459	175	0	0	0	0	0
Tef	165.090909	0	706	0	0	0	660	450	0	0	0	0	0
Stx12	165.090909	0	1143	0	208	0	335	130	0	0	0	0	0
Echs1	165.090909	0	1044	0	182	0	448	142	0	0	0	0	0
Atr	165.090909	0	911	0	164	0	543	198	0	0	0	0	0
1700065D16Rik	165.090909	0	911	0	164	0	543	198	0	0	0	0	0
Crot	165.000000	0	981	0	278	0	373	183	0	0	0	0	0
Atat1	165.000000	0	1480	0	172	0	163	0	0	0	0	0	0
Tmed5	164.909091	0	949	0	323	0	542	0	0	0	0	0	0
Phb	164.909091	0	1215	0	304	0	115	180	0	0	0	0	0
Gtse1	164.909091	0	1210	0	270	0	211	123	0	0	0	0	0
Ccdc18	164.909091	0	949	0	323	0	542	0	0	0	0	0	0
Pprc1	164.818182	0	1202	0	204	0	301	106	0	0	0	0	0
Ppcdc	164.818182	0	1311	0	242	0	141	119	0	0	0	0	0
Nat8f4	164.818182	0	1460	0	353	0	0	0	0	0	0	0	0
Kbtbd3	164.818182	0	1096	0	335	0	242	140	0	0	0	0	0
Cars	164.818182	0	1348	0	152	0	195	118	0	0	0	0	0
Aasdhppt	164.818182	0	1096	0	335	0	242	140	0	0	0	0	0
Zfp418	164.727273	0	1264	0	358	190	0	0	0	0	0	0	0
Polr3d	164.727273	0	1218	0	159	0	166	269	0	0	0	0	0
Opn3	164.727273	0	786	0	212	0	814	0	0	0	0	0	0
Mettl2	164.727273	0	1327	0	201	0	284	0	0	0	0	0	0
Slc25a26	164.636364	0	1393	0	294	0	0	124	0	0	0	0	0
Rpn2	164.636364	0	1153	0	155	0	0	503	0	0	0	0	0
Pde6d	164.636364	0	1271	0	419	0	0	121	0	0	0	0	0
Otud3	164.636364	0	711	0	251	0	661	188	0	0	0	0	0
Mroh8	164.636364	0	1153	0	155	0	0	503	0	0	0	0	0
Cops7b	164.636364	0	1271	0	419	0	0	121	0	0	0	0	0
Coasy	164.636364	0	1225	0	323	0	263	0	0	0	0	0	0
Zfp808	164.545455	0	1349	0	461	0	0	0	0	0	0	0	0
Zfp33b	164.545455	0	1259	0	419	0	0	132	0	0	0	0	0
Txndc11	164.545455	0	764	0	328	0	509	209	0	0	0	0	0
Slu7	164.545455	0	1506	0	304	0	0	0	0	0	0	0	0
Mtfmt	164.545455	0	1281	0	170	0	359	0	0	0	0	0	0
Mlh3	164.545455	0	1482	0	171	0	0	157	0	0	0	0	0
Map3k2	164.545455	0	893	0	499	0	418	0	0	0	0	0	0
D230025D16Rik	164.545455	0	1033	0	192	0	469	116	0	0	0	0	0
Clpp	164.545455	0	1143	0	254	0	196	217	0	0	0	0	0
Umad1	164.454545	0	1135	0	293	0	190	191	0	0	0	0	0
Sec31a	164.454545	0	1093	0	221	0	390	105	0	0	0	0	0
Rpa3	164.454545	0	1135	0	293	0	190	191	0	0	0	0	0
Rbsn	164.454545	0	1335	0	240	0	107	127	0	0	0	0	0
Lmbrd1	164.454545	0	1160	0	323	0	132	194	0	0	0	0	0
Gga2	164.454545	0	1050	0	158	0	448	153	0	0	0	0	0
Ucp2	164.363636	0	540	0	255	0	730	283	0	0	0	0	0
Tctn1	164.363636	0	878	0	0	0	800	130	0	0	0	0	0
Swi5	164.363636	0	1249	0	148	0	411	0	0	0	0	0	0
Noct	164.363636	0	608	0	117	0	151	932	0	0	0	0	0
Golga7	164.363636	0	927	0	447	0	277	157	0	0	0	0	0
Golga2	164.363636	0	1249	0	148	0	411	0	0	0	0	0	0
Fitm2	164.363636	0	1153	0	210	0	295	150	0	0	0	0	0
Esyt2	164.363636	0	605	0	330	0	612	261	0	0	0	0	0
Xpo6	164.272727	0	1025	0	187	0	463	132	0	0	0	0	0
Tango6	164.272727	0	1315	0	257	0	235	0	0	0	0	0	0
Spc25	164.272727	0	1355	0	241	0	98	113	0	0	0	0	0
Mrpl19	164.272727	0	1330	0	272	0	97	108	0	0	0	0	0
Hddc2	164.272727	0	1251	0	235	0	171	150	0	0	0	0	0
Gnl2	164.272727	0	1130	0	354	0	184	139	0	0	0	0	0
Gbe1	164.272727	0	1011	0	376	0	226	194	0	0	0	0	0
Edem3	164.272727	0	919	0	344	0	445	99	0	0	0	0	0
Casp8ap2	164.272727	0	1026	0	248	0	367	166	0	0	0	0	0
Tubg1	164.181818	0	790	0	356	0	512	148	0	0	0	0	0
Retreg3	164.181818	0	790	0	356	0	512	148	0	0	0	0	0
Prkar1b	164.181818	0	695	0	0	0	814	297	0	0	0	0	0
Ndufa12	164.181818	0	1252	0	317	0	118	119	0	0	0	0	0
Dnaaf5	164.181818	0	695	0	0	0	814	297	0	0	0	0	0
Zfp12	164.090909	0	1108	0	271	0	255	171	0	0	0	0	0
Tmem87a	164.090909	0	1103	0	473	0	229	0	0	0	0	0	0
Ncapd2	164.090909	0	1024	0	355	0	256	170	0	0	0	0	0
Mrpl51	164.090909	0	1024	0	355	0	256	170	0	0	0	0	0
Ganc	164.090909	0	1103	0	473	0	229	0	0	0	0	0	0
Endov	164.090909	0	1477	0	0	0	103	225	0	0	0	0	0
Cox17	164.090909	0	1459	0	346	0	0	0	0	0	0	0	0
Peli1	164.000000	0	608	0	313	0	410	473	0	0	0	0	0
Nomo1	164.000000	0	1123	0	238	0	443	0	0	0	0	0	0
Ifnar1	164.000000	0	883	0	176	0	488	257	0	0	0	0	0
Hspa2	164.000000	0	1124	0	159	0	378	143	0	0	0	0	0
Gpsm2	164.000000	0	897	0	363	0	401	143	0	0	0	0	0
E430018J23Rik	164.000000	0	1076	0	341	0	264	123	0	0	0	0	0
Dars2	164.000000	0	1170	0	298	0	131	205	0	0	0	0	0
Dap3	164.000000	0	980	0	271	0	87	466	0	0	0	0	0
Cfap97	164.000000	0	1102	0	265	0	325	112	0	0	0	0	0
2210016L21Rik	164.000000	0	1157	0	488	0	0	159	0	0	0	0	0
Washc2	163.909091	0	1080	0	370	0	158	195	0	0	0	0	0
Usp16	163.909091	0	1104	0	506	0	0	193	0	0	0	0	0
Taldo1	163.909091	0	1192	0	233	0	194	184	0	0	0	0	0
Ccnf	163.909091	0	857	0	118	0	692	136	0	0	0	0	0
Bbs4	163.909091	0	897	0	472	0	241	193	0	0	0	0	0
Wdr18	163.818182	0	1204	0	189	0	409	0	0	0	0	0	0
Rab14	163.818182	0	773	0	189	0	669	171	0	0	0	0	0
Pmepa1	163.818182	0	790	0	151	0	604	257	0	0	0	0	0
Pgap3	163.818182	0	1440	0	0	0	124	238	0	0	0	0	0
Naga	163.818182	0	1161	0	327	0	212	102	0	0	0	0	0
Ipo11	163.818182	0	1096	0	322	0	222	162	0	0	0	0	0
Aph1a	163.818182	0	819	0	266	0	606	111	0	0	0	0	0
Aldoa	163.818182	0	931	0	132	0	627	112	0	0	0	0	0
Zbtb45	163.727273	0	1337	0	255	0	98	111	0	0	0	0	0
Tmx1	163.727273	0	1094	0	409	0	166	132	0	0	0	0	0
Pfkl	163.727273	0	1242	0	210	0	253	96	0	0	0	0	0
Kremen1	163.727273	0	1032	0	187	0	424	158	0	0	0	0	0
Ggct	163.727273	0	945	0	334	0	356	166	0	0	0	0	0
Gemin8	163.727273	0	1535	0	266	0	0	0	0	0	0	0	0
Fbxl13	163.727273	0	1266	0	85	0	251	199	0	0	0	0	0
Ddx55	163.727273	0	1225	0	201	0	226	149	0	0	0	0	0
Ddb1	163.727273	0	1159	0	273	0	263	106	0	0	0	0	0
Ccdc78	163.727273	0	1586	0	0	0	94	121	0	0	0	0	0
Ttc14	163.636364	0	846	0	475	0	354	125	0	0	0	0	0
Trim45	163.636364	0	1131	0	245	0	283	141	0	0	0	0	0
Suclg1	163.636364	0	1366	0	268	0	0	166	0	0	0	0	0
Rnmt	163.636364	0	1043	0	422	0	207	128	0	0	0	0	0
Nek1	163.636364	0	1053	0	317	0	290	140	0	0	0	0	0
Fam210a	163.636364	0	1043	0	422	0	207	128	0	0	0	0	0
Sacm1l	163.545455	0	720	0	222	0	616	124	0	0	0	117	0
Rmnd5a	163.545455	0	1073	0	215	0	307	204	0	0	0	0	0
Pxmp4	163.545455	0	1380	0	219	0	200	0	0	0	0	0	0
Insig1	163.545455	0	878	0	148	0	381	181	0	0	0	211	0
Gpbp1	163.545455	0	812	0	0	0	844	143	0	0	0	0	0
Fam149b	163.545455	0	1230	0	287	0	171	111	0	0	0	0	0
Ecd	163.545455	0	1230	0	287	0	171	111	0	0	0	0	0
Traf2	163.454545	0	1319	0	227	0	132	120	0	0	0	0	0
Snrpd2	163.454545	0	687	0	223	0	731	157	0	0	0	0	0
Qpctl	163.454545	0	687	0	223	0	731	157	0	0	0	0	0
Ndufa5	163.454545	0	1244	0	348	0	78	128	0	0	0	0	0
Isy1	163.454545	0	1001	0	255	0	353	189	0	0	0	0	0
Ccnyl1	163.454545	0	542	0	444	0	719	93	0	0	0	0	0
Cabin1	163.454545	0	1131	0	323	0	204	140	0	0	0	0	0
Asb15	163.454545	0	1244	0	348	0	78	128	0	0	0	0	0
Zfp748	163.363636	0	1299	0	340	0	158	0	0	0	0	0	0
Rad1	163.363636	0	1302	0	495	0	0	0	0	0	0	0	0
Nek9	163.363636	0	1118	0	437	0	103	139	0	0	0	0	0
Btbd8	163.363636	0	1031	0	163	0	259	212	0	0	0	132	0
Brix1	163.363636	0	1302	0	495	0	0	0	0	0	0	0	0
Tmed9	163.272727	0	1258	0	190	0	241	107	0	0	0	0	0
Smyd3	163.272727	0	1394	0	402	0	0	0	0	0	0	0	0
Piga	163.272727	0	1130	0	448	0	218	0	0	0	0	0	0
Gmfb	163.272727	0	1125	0	215	0	215	241	0	0	0	0	0
Frat2	163.272727	0	616	0	231	0	157	792	0	0	0	0	0
Fcsk	163.272727	0	1533	0	263	0	0	0	0	0	0	0	0
Tkt	163.181818	0	1167	0	237	0	288	103	0	0	0	0	0
Psmd14	163.181818	0	1407	0	388	0	0	0	0	0	0	0	0
Pdia4	163.181818	0	1026	0	366	0	282	121	0	0	0	0	0
Dapp1	163.181818	0	1402	0	393	0	0	0	0	0	0	0	0
Zfp850	163.090909	0	1406	0	388	0	0	0	0	0	0	0	0
Ralbp1	163.090909	0	1074	0	422	0	155	143	0	0	0	0	0
Psme3	163.090909	0	1189	0	305	0	0	300	0	0	0	0	0
Pgap1	163.090909	0	1163	0	368	0	135	128	0	0	0	0	0
Mfn1	163.090909	0	926	0	173	0	594	101	0	0	0	0	0
Glrx3	163.090909	0	785	0	163	0	846	0	0	0	0	0	0
Sec22b	163.000000	0	1360	0	222	0	125	86	0	0	0	0	0
Psmd6	163.000000	0	1423	0	370	0	0	0	0	0	0	0	0
Pnisr	163.000000	0	1202	0	450	0	0	141	0	0	0	0	0
Map3k7	163.000000	0	1090	0	432	0	118	153	0	0	0	0	0
Gm14325	163.000000	0	1206	0	294	0	192	101	0	0	0	0	0
Gbp3	163.000000	0	1252	0	433	0	0	108	0	0	0	0	0
Erap1	163.000000	0	1170	0	623	0	0	0	0	0	0	0	0
Armc8	163.000000	0	1224	0	297	0	112	160	0	0	0	0	0
Abcc5	163.000000	0	1430	0	230	0	0	133	0	0	0	0	0
Spata33	162.909091	0	1086	0	109	0	597	0	0	0	0	0	0
Sec14l1	162.909091	0	1237	0	257	0	138	160	0	0	0	0	0
Raf1	162.909091	0	1069	0	206	0	383	134	0	0	0	0	0
Chmp1a	162.909091	0	1086	0	109	0	597	0	0	0	0	0	0
Tfg	162.818182	0	951	0	385	0	290	165	0	0	0	0	0
Stard3	162.818182	0	1404	0	222	0	165	0	0	0	0	0	0
Ern1	162.818182	0	698	0	199	0	894	0	0	0	0	0	0
Elac2	162.818182	0	1122	0	172	0	391	106	0	0	0	0	0
Dynlrb1	162.818182	0	1185	0	315	0	188	103	0	0	0	0	0
Cep192	162.818182	0	1269	0	398	0	124	0	0	0	0	0	0
Ankrd13c	162.818182	0	1259	0	311	0	0	221	0	0	0	0	0
Zfp189	162.727273	0	1037	0	373	0	299	81	0	0	0	0	0
Usp45	162.727273	0	1154	0	227	0	409	0	0	0	0	0	0
Rpain	162.727273	0	1087	0	334	0	242	127	0	0	0	0	0
Rfc4	162.727273	0	1292	0	252	0	81	165	0	0	0	0	0
Pi4kb	162.727273	0	1335	0	302	0	0	153	0	0	0	0	0
Mrpl50	162.727273	0	1037	0	373	0	299	81	0	0	0	0	0
Grk5	162.727273	0	1283	0	278	0	124	105	0	0	0	0	0
Gfus	162.727273	0	1342	0	151	0	297	0	0	0	0	0	0
Cdc7	162.727273	0	1349	0	325	0	0	116	0	0	0	0	0
Zbtb2	162.636364	0	739	0	271	0	779	0	0	0	0	0	0
Mvb12a	162.636364	0	997	0	121	0	671	0	0	0	0	0	0
Laptm4a	162.636364	0	1112	0	341	0	132	204	0	0	0	0	0
Kri1	162.636364	0	657	0	167	0	853	112	0	0	0	0	0
Ccdc138	162.636364	0	1347	0	291	0	151	0	0	0	0	0	0
Zfp407	162.545455	0	1310	0	478	0	0	0	0	0	0	0	0
Wasl	162.545455	0	783	0	214	0	574	217	0	0	0	0	0
Snx14	162.545455	0	1086	0	323	0	236	143	0	0	0	0	0
Zfp983	162.454545	0	1236	0	340	0	211	0	0	0	0	0	0
Zfp560	162.454545	0	1076	0	483	0	133	95	0	0	0	0	0
Wdr5b	162.454545	0	1352	0	435	0	0	0	0	0	0	0	0
Tsnaxip1	162.454545	0	1192	0	368	0	108	119	0	0	0	0	0
Ranbp10	162.454545	0	1192	0	368	0	108	119	0	0	0	0	0
Lpar6	162.454545	0	751	0	472	0	564	0	0	0	0	0	0
Mrpl21	162.363636	0	1315	0	312	0	0	159	0	0	0	0	0
Ints1	162.363636	0	1355	0	180	0	132	119	0	0	0	0	0
Ighmbp2	162.363636	0	1315	0	312	0	0	159	0	0	0	0	0
Grcc10	162.363636	0	1009	0	95	0	261	189	0	0	0	232	0
Eif5a	162.363636	0	793	0	198	0	685	110	0	0	0	0	0
Cmtr2	162.363636	0	958	0	94	0	526	208	0	0	0	0	0
Cic	162.363636	0	1124	0	249	0	226	187	0	0	0	0	0
Acad12	162.363636	0	1245	0	298	0	243	0	0	0	0	0	0
1700037H04Rik	162.363636	0	923	0	233	0	284	346	0	0	0	0	0
Zfyve16	162.272727	0	1264	0	268	0	156	97	0	0	0	0	0
Rps6ka5	162.272727	0	828	0	150	0	618	189	0	0	0	0	0
Rpl37a	162.272727	0	1296	0	489	0	0	0	0	0	0	0	0
Rcn2	162.272727	0	1227	0	242	0	103	213	0	0	0	0	0
Mthfr	162.272727	0	990	0	0	0	608	187	0	0	0	0	0
Clcn6	162.272727	0	990	0	0	0	608	187	0	0	0	0	0
Tyk2	162.181818	0	1111	0	254	0	209	210	0	0	0	0	0
Odf2l	162.181818	0	1278	0	283	0	223	0	0	0	0	0	0
3110040N11Rik	162.181818	0	1167	0	338	0	155	124	0	0	0	0	0
Zfp788	162.090909	0	1205	0	466	0	0	112	0	0	0	0	0
Sub1	162.090909	0	981	0	221	0	581	0	0	0	0	0	0
Srp19	162.090909	0	1360	0	262	0	0	161	0	0	0	0	0
Sppl2a	162.090909	0	1363	0	313	0	0	107	0	0	0	0	0
Rnf31	162.090909	0	834	0	175	0	625	149	0	0	0	0	0
Psme2	162.090909	0	834	0	175	0	625	149	0	0	0	0	0
Ppp1r15a	162.090909	0	1122	0	297	0	182	182	0	0	0	0	0
Plekha4	162.090909	0	1122	0	297	0	182	182	0	0	0	0	0
Mrpl2	162.090909	0	1109	0	169	0	289	216	0	0	0	0	0
Klc4	162.090909	0	1109	0	169	0	289	216	0	0	0	0	0
Aarsd1	162.090909	0	1384	0	189	0	0	210	0	0	0	0	0
Zcchc8	162.000000	0	1221	0	196	0	249	116	0	0	0	0	0
Tpp2	162.000000	0	866	0	197	0	432	287	0	0	0	0	0
Pex2	162.000000	0	1243	0	282	0	156	101	0	0	0	0	0
Tmem59	161.909091	0	963	0	381	0	437	0	0	0	0	0	0
Tceanc2	161.909091	0	963	0	381	0	437	0	0	0	0	0	0
Spag7	161.909091	0	1173	0	350	0	165	93	0	0	0	0	0
Immt	161.909091	0	1229	0	160	0	224	168	0	0	0	0	0
Idh3a	161.909091	0	1456	0	178	0	147	0	0	0	0	0	0
Cltc	161.909091	0	853	0	371	0	365	192	0	0	0	0	0
Adsl	161.909091	0	1262	0	253	0	88	178	0	0	0	0	0
Nol12	161.818182	0	1259	0	224	0	129	168	0	0	0	0	0
Atg16l2	161.818182	0	1111	0	287	0	174	208	0	0	0	0	0
Arf4	161.818182	0	914	0	369	0	318	179	0	0	0	0	0
Tm2d1	161.727273	0	1454	0	325	0	0	0	0	0	0	0	0
Tjp3	161.727273	0	502	0	0	0	1011	266	0	0	0	0	0
Rttn	161.727273	0	1253	0	268	0	0	258	0	0	0	0	0
Gm14410	161.727273	0	1391	0	270	0	118	0	0	0	0	0	0
Zfp938	161.636364	0	1311	0	365	0	0	102	0	0	0	0	0
Tmem177	161.636364	0	1073	0	274	0	431	0	0	0	0	0	0
Terf1	161.636364	0	1479	0	299	0	0	0	0	0	0	0	0
Tctex1d2	161.636364	0	1153	0	254	0	128	243	0	0	0	0	0
Rhot1	161.636364	0	1300	0	180	0	143	155	0	0	0	0	0
Prpf4	161.636364	0	1010	0	465	0	176	127	0	0	0	0	0
Nme2	161.636364	0	1130	0	163	0	485	0	0	0	0	0	0
Mmadhc	161.636364	0	1211	0	239	0	165	163	0	0	0	0	0
Gpr19	161.636364	0	1109	0	288	0	238	143	0	0	0	0	0
Glrx	161.636364	0	1016	0	413	0	178	171	0	0	0	0	0
Fam160b2	161.636364	0	1458	0	320	0	0	0	0	0	0	0	0
Cdc26	161.636364	0	1010	0	465	0	176	127	0	0	0	0	0
Uchl5	161.545455	0	1020	0	372	0	211	174	0	0	0	0	0
Ro60	161.545455	0	1020	0	372	0	211	174	0	0	0	0	0
Otud1	161.545455	0	1030	0	392	0	214	141	0	0	0	0	0
Eral1	161.545455	0	1366	0	288	0	0	123	0	0	0	0	0
Cstf1	161.545455	0	1313	0	308	0	0	156	0	0	0	0	0
Casp2	161.545455	0	1056	0	356	0	238	127	0	0	0	0	0
Aurka	161.545455	0	1313	0	308	0	0	156	0	0	0	0	0
Zwilch	161.454545	0	1197	0	477	0	0	102	0	0	0	0	0
Trmt5	161.454545	0	1120	0	240	0	138	278	0	0	0	0	0
Tprkb	161.454545	0	1149	0	303	0	119	205	0	0	0	0	0
Slc38a6	161.454545	0	1120	0	240	0	138	278	0	0	0	0	0
Rpl4	161.454545	0	1197	0	477	0	0	102	0	0	0	0	0
Ociad1	161.454545	0	1324	0	266	0	186	0	0	0	0	0	0
Nat8f1	161.454545	0	1149	0	303	0	119	205	0	0	0	0	0
Zfp110	161.363636	0	1261	0	374	0	0	140	0	0	0	0	0
Rrp1	161.363636	0	1212	0	275	0	120	168	0	0	0	0	0
Rexo4	161.363636	0	1098	0	242	0	105	330	0	0	0	0	0
Impdh2	161.363636	0	874	0	0	0	736	165	0	0	0	0	0
Fem1c	161.363636	0	747	0	483	0	468	77	0	0	0	0	0
Fam3c	161.363636	0	1134	0	349	0	163	129	0	0	0	0	0
Evi5l	161.363636	0	902	0	190	0	535	148	0	0	0	0	0
Mapk8ip3	161.272727	0	1163	0	284	0	327	0	0	0	0	0	0
Cnot8	161.272727	0	1207	0	176	0	292	99	0	0	0	0	0
1700092M07Rik	161.272727	0	1152	0	195	0	322	105	0	0	0	0	0
Top2a	161.181818	0	1386	0	266	0	0	121	0	0	0	0	0
Supt20	161.181818	0	1041	0	410	0	232	90	0	0	0	0	0
Setd1a	161.181818	0	1184	0	263	0	183	143	0	0	0	0	0
Rnf2	161.181818	0	916	0	250	0	506	101	0	0	0	0	0
Ppp6c	161.181818	0	1210	0	245	0	188	130	0	0	0	0	0
Polr2f	161.181818	0	1168	0	298	0	157	150	0	0	0	0	0
Nup133	161.181818	0	1029	0	192	0	227	325	0	0	0	0	0
Mark2	161.181818	0	1193	0	380	0	200	0	0	0	0	0	0
Csnk2a1	161.181818	0	1233	0	223	0	163	154	0	0	0	0	0
Chd1l	161.181818	0	1197	0	475	0	101	0	0	0	0	0	0
Alms1	161.181818	0	1267	0	310	0	0	196	0	0	0	0	0
1700088E04Rik	161.181818	0	1168	0	298	0	157	150	0	0	0	0	0
Zcwpw1	161.090909	0	901	0	0	0	680	191	0	0	0	0	0
Sertad2	161.090909	0	921	0	229	0	465	157	0	0	0	0	0
Rab3gap2	161.090909	0	1139	0	319	0	314	0	0	0	0	0	0
Pradc1	161.090909	0	1115	0	330	0	207	120	0	0	0	0	0
Mepce	161.090909	0	901	0	0	0	680	191	0	0	0	0	0
Lipt2	161.090909	0	1102	0	0	0	454	216	0	0	0	0	0
Cct7	161.090909	0	1115	0	330	0	207	120	0	0	0	0	0
Arl4a	161.090909	0	910	0	365	0	383	114	0	0	0	0	0
Zfp174	161.000000	0	1340	0	255	0	176	0	0	0	0	0	0
Selenok	161.000000	0	995	0	307	0	243	226	0	0	0	0	0
Hbs1l	161.000000	0	1341	0	430	0	0	0	0	0	0	0	0
Gls	161.000000	0	788	0	433	0	325	113	0	0	0	112	0
Etfdh	161.000000	0	1043	0	249	0	349	130	0	0	0	0	0
Decr2	161.000000	0	1345	0	280	0	146	0	0	0	0	0	0
Cep97	161.000000	0	1299	0	381	0	0	91	0	0	0	0	0
Aga	161.000000	0	1353	0	418	0	0	0	0	0	0	0	0
4930579G24Rik	161.000000	0	1043	0	249	0	349	130	0	0	0	0	0
Zfp128	160.909091	0	1383	0	387	0	0	0	0	0	0	0	0
Zfand1	160.909091	0	1139	0	409	0	222	0	0	0	0	0	0
Vps45	160.909091	0	1305	0	320	0	145	0	0	0	0	0	0
Ssu72	160.909091	0	1019	0	321	0	140	290	0	0	0	0	0
Sesn2	160.909091	0	865	0	91	0	720	94	0	0	0	0	0
Ifrd2	160.909091	0	1155	0	0	0	370	245	0	0	0	0	0
Faim	160.909091	0	779	0	393	0	483	115	0	0	0	0	0
Acyp1	160.909091	0	1247	0	379	0	0	144	0	0	0	0	0
Zc3h8	160.818182	0	1253	0	195	0	205	116	0	0	0	0	0
Trappc2l	160.818182	0	670	0	0	0	1099	0	0	0	0	0	0
Pex3	160.818182	0	1189	0	300	0	141	139	0	0	0	0	0
Obi1	160.818182	0	1025	0	187	0	224	146	0	0	187	0	0
Nol7	160.818182	0	1337	0	294	0	0	138	0	0	0	0	0
Klhl18	160.818182	0	1174	0	238	0	0	357	0	0	0	0	0
Kif9	160.818182	0	1174	0	238	0	0	357	0	0	0	0	0
Galns	160.818182	0	670	0	0	0	1099	0	0	0	0	0	0
Bcdin3d	160.818182	0	1094	0	212	0	346	117	0	0	0	0	0
Adat2	160.818182	0	1189	0	300	0	141	139	0	0	0	0	0
Actn4	160.818182	0	1279	0	246	0	244	0	0	0	0	0	0
Xrcc2	160.727273	0	1120	0	306	0	194	148	0	0	0	0	0
Tmem237	160.727273	0	1333	0	296	0	0	139	0	0	0	0	0
Thyn1	160.727273	0	1133	0	326	0	206	103	0	0	0	0	0
Terf2ip	160.727273	0	1069	0	471	0	228	0	0	0	0	0	0
Rsbn1	160.727273	0	801	0	400	0	172	395	0	0	0	0	0
Rasgef1b	160.727273	0	851	0	187	0	516	214	0	0	0	0	0
Ptp4a2	160.727273	0	931	0	253	0	481	103	0	0	0	0	0
Nup214	160.727273	0	1008	0	245	0	278	237	0	0	0	0	0
Mat2a	160.727273	0	849	0	205	0	115	599	0	0	0	0	0
Ldah	160.727273	0	1146	0	463	0	0	159	0	0	0	0	0
Kars	160.727273	0	1069	0	471	0	228	0	0	0	0	0	0
Ier5	160.727273	0	948	0	324	0	379	117	0	0	0	0	0
Hsh2d	160.727273	0	1373	0	395	0	0	0	0	0	0	0	0
Dnajb5	160.727273	0	1295	0	158	0	315	0	0	0	0	0	0
Cyb5r4	160.727273	0	900	0	441	0	298	129	0	0	0	0	0
Cdc73	160.727273	0	1199	0	246	0	218	105	0	0	0	0	0
Acad8	160.727273	0	1133	0	326	0	206	103	0	0	0	0	0
1810037I17Rik	160.727273	0	1212	0	381	0	175	0	0	0	0	0	0
Zfp935	160.636364	0	1371	0	396	0	0	0	0	0	0	0	0
Utp20	160.636364	0	1272	0	257	0	109	129	0	0	0	0	0
Slc31a1	160.636364	0	1048	0	264	0	455	0	0	0	0	0	0
Senp2	160.636364	0	780	0	456	0	321	210	0	0	0	0	0
Heatr5b	160.636364	0	1109	0	347	0	171	140	0	0	0	0	0
Gpatch11	160.636364	0	1109	0	347	0	171	140	0	0	0	0	0
Fkbp15	160.636364	0	1048	0	264	0	455	0	0	0	0	0	0
Calu	160.636364	0	1062	0	247	0	263	195	0	0	0	0	0
Pin4	160.545455	0	1342	0	256	0	92	76	0	0	0	0	0
Melk	160.545455	0	1368	0	145	0	253	0	0	0	0	0	0
Entpd1	160.545455	0	1153	0	168	0	240	205	0	0	0	0	0
Trmt2a	160.454545	0	1036	0	287	0	326	116	0	0	0	0	0
Trmt12	160.454545	0	1387	0	378	0	0	0	0	0	0	0	0
Timeless	160.454545	0	1303	0	244	0	0	218	0	0	0	0	0
Sh3bp4	160.454545	0	521	0	111	0	986	147	0	0	0	0	0
Ranbp1	160.454545	0	1036	0	287	0	326	116	0	0	0	0	0
Hsp90aa1	160.454545	0	1018	0	165	0	373	209	0	0	0	0	0
Gmnn	160.454545	0	1073	0	378	0	173	141	0	0	0	0	0
Fadd	160.454545	0	1370	0	245	0	150	0	0	0	0	0	0
1110008P14Rik	160.454545	0	1140	0	113	0	512	0	0	0	0	0	0
Rbbp5	160.363636	0	1239	0	389	0	0	136	0	0	0	0	0
Psma6	160.363636	0	1102	0	296	0	208	158	0	0	0	0	0
Fam98a	160.363636	0	1214	0	185	0	225	140	0	0	0	0	0
Dph2	160.363636	0	1178	0	429	0	157	0	0	0	0	0	0
Tut7	160.272727	0	1123	0	275	0	219	146	0	0	0	0	0
Sec22a	160.272727	0	1066	0	175	0	522	0	0	0	0	0	0
Gripap1	160.272727	0	865	0	403	0	0	495	0	0	0	0	0
Cabyr	160.272727	0	1242	0	126	0	165	230	0	0	0	0	0
Smim26	160.181818	0	1294	0	312	0	156	0	0	0	0	0	0
Plxnd1	160.181818	0	916	0	0	0	846	0	0	0	0	0	0
Nampt	160.181818	0	913	0	261	0	392	196	0	0	0	0	0
Fam98b	160.181818	0	1406	0	280	0	0	76	0	0	0	0	0
Vps50	160.090909	0	1364	0	245	0	152	0	0	0	0	0	0
Usp2	160.090909	0	1049	0	206	0	367	139	0	0	0	0	0
Trim41	160.090909	0	1161	0	229	0	175	196	0	0	0	0	0
Scyl1	160.090909	0	842	0	114	0	805	0	0	0	0	0	0
Rplp2	160.090909	0	1212	0	259	0	148	142	0	0	0	0	0
G2e3	160.090909	0	820	0	260	0	378	303	0	0	0	0	0
Fam90a1b	160.090909	0	933	0	262	0	422	144	0	0	0	0	0
Fam161b	160.090909	0	1188	0	286	0	203	84	0	0	0	0	0
Eepd1	160.090909	0	610	0	206	0	835	110	0	0	0	0	0
Coq6	160.090909	0	1188	0	286	0	203	84	0	0	0	0	0
Apoo	160.090909	0	933	0	262	0	422	144	0	0	0	0	0
Xpr1	160.000000	0	780	0	303	0	677	0	0	0	0	0	0
Otulin	160.000000	0	796	0	236	0	557	171	0	0	0	0	0
Mrpl23	160.000000	0	1308	0	222	0	0	230	0	0	0	0	0
Ap1m1	160.000000	0	1084	0	137	0	208	331	0	0	0	0	0
Snx20	159.909091	0	1297	0	462	0	0	0	0	0	0	0	0
Sirt6	159.909091	0	1205	0	126	0	229	199	0	0	0	0	0
Zbtb6	159.818182	0	1257	0	407	0	0	94	0	0	0	0	0
Top3b	159.818182	0	1267	0	251	0	124	116	0	0	0	0	0
Samd4b	159.818182	0	653	0	175	0	663	267	0	0	0	0	0
Rps5	159.818182	0	1286	0	366	0	0	106	0	0	0	0	0
Brf1	159.818182	0	949	0	272	0	459	78	0	0	0	0	0
Them4	159.727273	0	810	0	380	0	339	113	0	0	0	115	0
Rnf168	159.727273	0	1197	0	444	0	0	116	0	0	0	0	0
Cep43	159.727273	0	899	0	0	0	858	0	0	0	0	0	0
Ccdc57	159.727273	0	1453	0	180	0	0	124	0	0	0	0	0
Zfp597	159.636364	0	996	0	347	0	264	149	0	0	0	0	0
Smg5	159.636364	0	1205	0	387	0	164	0	0	0	0	0	0
Ska2	159.636364	0	1082	0	387	0	151	136	0	0	0	0	0
Rxylt1	159.636364	0	727	0	237	0	792	0	0	0	0	0	0
Prr11	159.636364	0	1082	0	387	0	151	136	0	0	0	0	0
Mzt1	159.636364	0	868	0	339	0	549	0	0	0	0	0	0
Ift88	159.636364	0	1090	0	274	0	185	207	0	0	0	0	0
Clpx	159.636364	0	1208	0	175	0	239	134	0	0	0	0	0
Cep41	159.636364	0	1369	0	208	0	0	179	0	0	0	0	0
Bora	159.636364	0	868	0	339	0	549	0	0	0	0	0	0
Zdhhc24	159.545455	0	1143	0	129	0	347	136	0	0	0	0	0
Prkra	159.545455	0	1188	0	179	0	388	0	0	0	0	0	0
Ints11	159.545455	0	1171	0	218	0	366	0	0	0	0	0	0
Cptp	159.545455	0	1171	0	218	0	366	0	0	0	0	0	0
Actn3	159.545455	0	1143	0	129	0	347	136	0	0	0	0	0
Tmed7	159.454545	0	966	0	363	0	425	0	0	0	0	0	0
Ier3ip1	159.454545	0	1232	0	255	0	267	0	0	0	0	0	0
Gar1	159.454545	0	1312	0	154	0	130	158	0	0	0	0	0
Eif1a	159.454545	0	966	0	363	0	425	0	0	0	0	0	0
Actr8	159.454545	0	1392	0	200	0	0	162	0	0	0	0	0
Aaas	159.454545	0	1222	0	195	0	187	150	0	0	0	0	0
Xkr8	159.363636	0	960	0	165	0	495	133	0	0	0	0	0
Wrn	159.363636	0	1119	0	402	0	232	0	0	0	0	0	0
Stxbp4	159.363636	0	1099	0	369	0	90	195	0	0	0	0	0
Sema6c	159.363636	0	1177	0	229	0	347	0	0	0	0	0	0
Purg	159.363636	0	1119	0	402	0	232	0	0	0	0	0	0
Cox11	159.363636	0	1099	0	369	0	90	195	0	0	0	0	0
B230307C23Rik	159.363636	0	1365	0	388	0	0	0	0	0	0	0	0
Ankrd26	159.363636	0	1309	0	300	0	0	144	0	0	0	0	0
Tstd3	159.272727	0	1359	0	393	0	0	0	0	0	0	0	0
Tdp2	159.272727	0	1127	0	393	0	134	98	0	0	0	0	0
Stambp	159.272727	0	1242	0	290	0	220	0	0	0	0	0	0
Slc35a5	159.272727	0	958	0	283	0	398	113	0	0	0	0	0
Pfkm	159.272727	0	1105	0	236	0	109	302	0	0	0	0	0
Eif2b3	159.272727	0	1101	0	256	0	218	177	0	0	0	0	0
Atg3	159.272727	0	958	0	283	0	398	113	0	0	0	0	0
Acot13	159.272727	0	1127	0	393	0	134	98	0	0	0	0	0
Supv3l1	159.181818	0	1211	0	225	0	0	315	0	0	0	0	0
Prpf6	159.181818	0	1094	0	299	0	200	158	0	0	0	0	0
Mrpl16	159.181818	0	1296	0	455	0	0	0	0	0	0	0	0
Mfge8	159.181818	0	934	0	188	0	536	93	0	0	0	0	0
Lgmn	159.181818	0	1261	0	184	0	306	0	0	0	0	0	0
Klf7	159.181818	0	903	0	421	0	266	161	0	0	0	0	0
D3Ertd751e	159.181818	0	742	0	358	0	651	0	0	0	0	0	0
Cdc25a	159.181818	0	1024	0	218	0	401	108	0	0	0	0	0
Birc2	159.181818	0	938	0	333	0	356	124	0	0	0	0	0
Uba6	159.090909	0	1143	0	131	0	378	98	0	0	0	0	0
Syne1	159.090909	0	1249	0	501	0	0	0	0	0	0	0	0
Sart3	159.090909	0	944	0	115	0	579	112	0	0	0	0	0
Rrs1	159.090909	0	1344	0	247	0	159	0	0	0	0	0	0
Mmachc	159.090909	0	927	0	439	0	106	278	0	0	0	0	0
Mapk1ip1l	159.090909	0	1278	0	358	0	114	0	0	0	0	0	0
Hsph1	159.090909	0	1185	0	303	0	105	157	0	0	0	0	0
Ergic2	159.090909	0	1084	0	389	0	177	100	0	0	0	0	0
Ccdc61	159.090909	0	872	0	203	0	553	122	0	0	0	0	0
Ccdc163	159.090909	0	927	0	439	0	106	278	0	0	0	0	0
Zbtb21	159.000000	0	1305	0	269	0	0	175	0	0	0	0	0
Smarca4	159.000000	0	901	0	209	0	530	109	0	0	0	0	0
Mpzl1	159.000000	0	1196	0	0	0	452	101	0	0	0	0	0
H2bc18	159.000000	0	771	0	278	0	303	308	0	0	0	89	0
Cdk10	159.000000	0	1100	0	311	0	234	104	0	0	0	0	0
Atrnl1	159.000000	0	722	0	99	0	133	795	0	0	0	0	0
Saysd1	158.909091	0	1210	0	452	0	0	86	0	0	0	0	0
Rpl35a	158.909091	0	1064	0	297	0	127	260	0	0	0	0	0
Pex16	158.909091	0	1007	0	174	0	478	89	0	0	0	0	0
Iqcg	158.909091	0	1064	0	297	0	127	260	0	0	0	0	0
Dnajc28	158.909091	0	1340	0	275	0	133	0	0	0	0	0	0
Prpf40a	158.818182	0	913	0	450	0	0	384	0	0	0	0	0
Prepl	158.818182	0	1021	0	513	0	91	122	0	0	0	0	0
Itpa	158.818182	0	1303	0	342	0	0	102	0	0	0	0	0
Hps3	158.818182	0	1343	0	288	0	0	116	0	0	0	0	0
Fbxo47	158.818182	0	1050	0	191	0	394	112	0	0	0	0	0
Cxxc1	158.818182	0	1079	0	172	0	201	295	0	0	0	0	0
Cracr2a	158.818182	0	1349	0	398	0	0	0	0	0	0	0	0
Chd8	158.818182	0	1090	0	238	0	316	103	0	0	0	0	0
Cdc23	158.818182	0	1325	0	149	0	137	136	0	0	0	0	0
Ccdc117	158.818182	0	1236	0	221	0	188	102	0	0	0	0	0
Camkmt	158.818182	0	1021	0	513	0	91	122	0	0	0	0	0
Arl6ip6	158.818182	0	913	0	450	0	0	384	0	0	0	0	0
Usp53	158.727273	0	953	0	228	0	565	0	0	0	0	0	0
Polr3g	158.727273	0	1104	0	194	0	253	195	0	0	0	0	0
Nxf1	158.727273	0	1032	0	120	0	471	123	0	0	0	0	0
Mdn1	158.727273	0	1218	0	202	0	190	136	0	0	0	0	0
Mblac2	158.727273	0	1104	0	194	0	253	195	0	0	0	0	0
Leng1	158.727273	0	1151	0	124	0	301	170	0	0	0	0	0
Birc6	158.727273	0	765	0	104	0	754	123	0	0	0	0	0
Zfp715	158.636364	0	1077	0	277	0	234	157	0	0	0	0	0
Tprgl	158.636364	0	1313	0	267	0	165	0	0	0	0	0	0
Slc30a6	158.636364	0	1121	0	274	0	350	0	0	0	0	0	0
Retsat	158.636364	0	1111	0	184	0	207	243	0	0	0	0	0
Med9	158.636364	0	958	0	317	0	230	240	0	0	0	0	0
Isca1	158.636364	0	1006	0	418	0	176	145	0	0	0	0	0
Elmod3	158.636364	0	1111	0	184	0	207	243	0	0	0	0	0
Eef2	158.636364	0	990	0	335	0	320	100	0	0	0	0	0
Cnot3	158.636364	0	1093	0	108	0	446	98	0	0	0	0	0
Zcwpw2	158.545455	0	1083	0	237	0	275	149	0	0	0	0	0
Ufm1	158.545455	0	1252	0	306	0	0	186	0	0	0	0	0
Slc25a20	158.545455	0	1343	0	229	0	172	0	0	0	0	0	0
Sf3b4	158.545455	0	1156	0	366	0	222	0	0	0	0	0	0
Pfkfb3	158.545455	0	871	0	395	0	169	309	0	0	0	0	0
Lca5	158.545455	0	1193	0	242	0	160	149	0	0	0	0	0
Las1l	158.545455	0	1158	0	392	0	75	119	0	0	0	0	0
Hdac10	158.545455	0	1424	0	206	0	0	114	0	0	0	0	0
Gusb	158.545455	0	1163	0	261	0	171	149	0	0	0	0	0
Gpr108	158.545455	0	963	0	225	0	79	477	0	0	0	0	0
Azi2	158.545455	0	1083	0	237	0	275	149	0	0	0	0	0
Atp6v1f	158.545455	0	1177	0	257	0	310	0	0	0	0	0	0
Zfp867	158.454545	0	1185	0	259	0	130	169	0	0	0	0	0
Trip10	158.454545	0	963	0	0	0	780	0	0	0	0	0	0
Srd5a1	158.454545	0	792	0	149	0	588	214	0	0	0	0	0
Nuf2	158.454545	0	918	0	355	0	264	206	0	0	0	0	0
Nsun2	158.454545	0	792	0	149	0	588	214	0	0	0	0	0
Nme7	158.454545	0	915	0	274	0	410	144	0	0	0	0	0
Lta4h	158.454545	0	955	0	241	0	423	124	0	0	0	0	0
Eef1akmt2	158.454545	0	1258	0	290	0	0	195	0	0	0	0	0
Ddx19a	158.454545	0	1252	0	252	0	101	138	0	0	0	0	0
Ckap2l	158.454545	0	1017	0	394	0	244	88	0	0	0	0	0
Blzf1	158.454545	0	915	0	274	0	410	144	0	0	0	0	0
Zfand6	158.363636	0	845	0	376	0	521	0	0	0	0	0	0
Siah1b	158.363636	0	1338	0	0	0	285	119	0	0	0	0	0
Sdhaf4	158.363636	0	1388	0	268	0	86	0	0	0	0	0	0
Rps17	158.363636	0	1174	0	415	0	153	0	0	0	0	0	0
Pgd	158.363636	0	941	0	455	0	263	83	0	0	0	0	0
Nob1	158.363636	0	1246	0	214	0	145	137	0	0	0	0	0
Atad5	158.363636	0	1260	0	281	0	201	0	0	0	0	0	0
Qdpr	158.272727	0	750	0	170	0	821	0	0	0	0	0	0
Fbxl19	158.272727	0	1120	0	305	0	158	158	0	0	0	0	0
Dis3l2	158.272727	0	1136	0	276	0	141	188	0	0	0	0	0
Deptor	158.272727	0	1269	0	292	0	180	0	0	0	0	0	0
Rer1	158.181818	0	799	0	170	0	579	192	0	0	0	0	0
Morn1	158.181818	0	799	0	170	0	579	192	0	0	0	0	0
Mkrn2	158.181818	0	1239	0	366	0	135	0	0	0	0	0	0
Mcm10	158.181818	0	1125	0	106	0	509	0	0	0	0	0	0
Fnta	158.181818	0	1242	0	498	0	0	0	0	0	0	0	0
Cbll1	158.181818	0	1105	0	362	0	135	138	0	0	0	0	0
Rpf2	158.090909	0	1310	0	259	0	0	170	0	0	0	0	0
Rars2	158.090909	0	1225	0	416	0	0	98	0	0	0	0	0
Pacc1	158.090909	0	1129	0	205	0	259	146	0	0	0	0	0
Orc3	158.090909	0	1225	0	416	0	0	98	0	0	0	0	0
Micos10	158.090909	0	1197	0	185	0	155	202	0	0	0	0	0
Ino80	158.090909	0	1145	0	335	0	105	154	0	0	0	0	0
Hif1an	158.090909	0	1489	0	0	0	138	112	0	0	0	0	0
Zc3h3	158.000000	0	1226	0	163	0	144	205	0	0	0	0	0
Rhbdd3	158.000000	0	695	0	153	0	180	710	0	0	0	0	0
Phb2	158.000000	0	1289	0	246	0	203	0	0	0	0	0	0
Mtln	158.000000	0	1106	0	320	0	106	206	0	0	0	0	0
Mapk7	158.000000	0	1177	0	152	0	304	105	0	0	0	0	0
Ewsr1	158.000000	0	695	0	153	0	180	710	0	0	0	0	0
Emg1	158.000000	0	1289	0	246	0	203	0	0	0	0	0	0
Zswim3	157.909091	0	1195	0	265	0	131	146	0	0	0	0	0
Zfp459	157.909091	0	1414	0	323	0	0	0	0	0	0	0	0
Ubr7	157.909091	0	890	0	114	0	587	146	0	0	0	0	0
Gon7	157.909091	0	890	0	114	0	587	146	0	0	0	0	0
Gm5141	157.909091	0	1262	0	475	0	0	0	0	0	0	0	0
Gm20604	157.909091	0	890	0	114	0	587	146	0	0	0	0	0
Btbd10	157.909091	0	1100	0	343	0	176	118	0	0	0	0	0
Acot8	157.909091	0	1195	0	265	0	131	146	0	0	0	0	0
Zfp770	157.818182	0	1420	0	316	0	0	0	0	0	0	0	0
Ttc37	157.818182	0	1142	0	511	0	0	83	0	0	0	0	0
Kifc1	157.818182	0	965	0	142	0	398	231	0	0	0	0	0
Ccng1	157.818182	0	1060	0	384	0	177	115	0	0	0	0	0
B4galt7	157.818182	0	1035	0	253	0	347	0	0	0	0	101	0
Arsk	157.818182	0	1142	0	511	0	0	83	0	0	0	0	0
Appbp2	157.818182	0	834	0	515	0	294	93	0	0	0	0	0
Wbp11	157.727273	0	1228	0	236	0	95	176	0	0	0	0	0
Top3a	157.727273	0	1062	0	275	0	211	187	0	0	0	0	0
Syap1	157.727273	0	1264	0	296	0	175	0	0	0	0	0	0
Smim8	157.727273	0	1200	0	286	0	146	103	0	0	0	0	0
Smcr8	157.727273	0	1062	0	275	0	211	187	0	0	0	0	0
Mettl9	157.727273	0	928	0	447	0	201	159	0	0	0	0	0
Cdip1	157.727273	0	1122	0	245	0	248	120	0	0	0	0	0
Ccdc86	157.727273	0	1128	0	153	0	327	127	0	0	0	0	0
Srbd1	157.636364	0	1168	0	325	0	160	81	0	0	0	0	0
Smim15	157.636364	0	1046	0	486	0	202	0	0	0	0	0	0
Slc25a39	157.636364	0	665	0	208	0	737	124	0	0	0	0	0
Rnaseh2a	157.636364	0	674	0	157	0	759	144	0	0	0	0	0
Gdpd5	157.636364	0	721	0	0	0	1013	0	0	0	0	0	0
Cpsf1	157.636364	0	1057	0	163	0	216	122	0	0	0	176	0
Atp5o	157.636364	0	1106	0	270	0	257	101	0	0	0	0	0
Ankrd39	157.636364	0	1138	0	304	0	158	134	0	0	0	0	0
Zfp958	157.545455	0	1340	0	393	0	0	0	0	0	0	0	0
Prr14l	157.545455	0	1080	0	229	0	296	128	0	0	0	0	0
Prelid3b	157.545455	0	1253	0	0	0	370	110	0	0	0	0	0
Mroh1	157.545455	0	864	0	162	0	624	83	0	0	0	0	0
Lsm1	157.545455	0	1120	0	295	0	118	200	0	0	0	0	0
Dnmt1	157.545455	0	1123	0	159	0	97	354	0	0	0	0	0
Cc2d1a	157.545455	0	1290	0	91	0	246	106	0	0	0	0	0
Bag4	157.545455	0	1120	0	295	0	118	200	0	0	0	0	0
Acy1	157.545455	0	426	0	0	0	1201	106	0	0	0	0	0
4930432K21Rik	157.545455	0	1290	0	91	0	246	106	0	0	0	0	0
Slc25a3	157.454545	0	1221	0	179	0	192	140	0	0	0	0	0
Pik3r1	157.454545	0	1053	0	363	0	158	158	0	0	0	0	0
Phf20l1	157.454545	0	1027	0	226	0	358	121	0	0	0	0	0
Npat	157.454545	0	829	0	462	0	333	108	0	0	0	0	0
Mideas	157.454545	0	764	0	222	0	593	153	0	0	0	0	0
Atm	157.454545	0	829	0	462	0	333	108	0	0	0	0	0
Atg16l1	157.454545	0	962	0	287	0	249	234	0	0	0	0	0
Ndufb8	157.363636	0	1311	0	420	0	0	0	0	0	0	0	0
Mcfd2	157.363636	0	1037	0	161	0	352	181	0	0	0	0	0
H4c3	157.363636	0	773	0	135	0	312	335	0	0	0	176	0
Atp8a1	157.363636	0	852	0	263	0	339	277	0	0	0	0	0
Sec61b	157.272727	0	1209	0	290	0	69	162	0	0	0	0	0
Ranbp2	157.272727	0	1213	0	292	0	0	225	0	0	0	0	0
Cpne3	157.272727	0	1020	0	390	0	320	0	0	0	0	0	0
Alg2	157.272727	0	1209	0	290	0	69	162	0	0	0	0	0
Zfp595	157.181818	0	1288	0	441	0	0	0	0	0	0	0	0
Zbtb7a	157.181818	0	491	0	183	0	1055	0	0	0	0	0	0
Trim65	157.181818	0	1281	0	195	0	114	139	0	0	0	0	0
Smug1	157.181818	0	1338	0	291	0	100	0	0	0	0	0	0
Sc5d	157.181818	0	994	0	328	0	278	129	0	0	0	0	0
Nudcd3	157.181818	0	1170	0	284	0	91	184	0	0	0	0	0
Nmnat3	157.181818	0	1279	0	351	0	99	0	0	0	0	0	0
Jup	157.181818	0	637	0	0	0	984	108	0	0	0	0	0
Blmh	157.181818	0	1386	0	343	0	0	0	0	0	0	0	0
Zfat	157.090909	0	1144	0	165	0	189	230	0	0	0	0	0
Tmem258	157.090909	0	1279	0	324	0	0	125	0	0	0	0	0
Klhl9	157.090909	0	1179	0	272	0	153	124	0	0	0	0	0
Fen1	157.090909	0	1279	0	324	0	0	125	0	0	0	0	0
Eef2kmt	157.090909	0	779	0	277	0	566	106	0	0	0	0	0
Det1	157.090909	0	1365	0	363	0	0	0	0	0	0	0	0
Denr	157.090909	0	1141	0	106	0	286	195	0	0	0	0	0
Unk	157.000000	0	1143	0	207	0	210	167	0	0	0	0	0
Saal1	157.000000	0	1274	0	318	0	0	135	0	0	0	0	0
Rheb	157.000000	0	840	0	267	0	483	137	0	0	0	0	0
Mrpl4	157.000000	0	1304	0	147	0	138	138	0	0	0	0	0
Lclat1	157.000000	0	1035	0	287	0	238	167	0	0	0	0	0
Itgb1bp1	157.000000	0	1007	0	187	0	456	77	0	0	0	0	0
Cpsf3	157.000000	0	1007	0	187	0	456	77	0	0	0	0	0
Ccdc82	157.000000	0	1165	0	562	0	0	0	0	0	0	0	0
Tmem147	156.909091	0	1253	0	232	0	97	144	0	0	0	0	0
Srcap	156.909091	0	1215	0	0	0	337	174	0	0	0	0	0
Rfwd3	156.909091	0	1230	0	205	0	165	126	0	0	0	0	0
Mcm2	156.909091	0	734	0	193	0	799	0	0	0	0	0	0
Gosr2	156.909091	0	1278	0	185	0	0	263	0	0	0	0	0
Zfp687	156.818182	0	989	0	251	0	372	113	0	0	0	0	0
Pigk	156.818182	0	1152	0	306	0	185	82	0	0	0	0	0
Lman1	156.818182	0	975	0	135	0	615	0	0	0	0	0	0
Insig2	156.818182	0	1075	0	245	0	197	208	0	0	0	0	0
Cyld	156.818182	0	1210	0	250	0	265	0	0	0	0	0	0
Triap1	156.727273	0	1342	0	176	0	120	86	0	0	0	0	0
Pnpla8	156.727273	0	834	0	353	0	417	120	0	0	0	0	0
Iba57	156.727273	0	1447	0	0	0	164	113	0	0	0	0	0
Hnrnpul1	156.727273	0	1038	0	402	0	189	95	0	0	0	0	0
Gatc	156.727273	0	1342	0	176	0	120	86	0	0	0	0	0
Cdc6	156.727273	0	935	0	78	0	711	0	0	0	0	0	0
Atf4	156.727273	0	1158	0	113	0	173	168	0	0	0	112	0
Psen2	156.636364	0	667	0	137	0	919	0	0	0	0	0	0
Pbdc1	156.636364	0	1102	0	500	0	121	0	0	0	0	0	0
Ercc3	156.636364	0	1340	0	315	0	0	68	0	0	0	0	0
Tor1a	156.545455	0	1270	0	184	0	158	110	0	0	0	0	0
Srfbp1	156.545455	0	1196	0	185	0	222	119	0	0	0	0	0
Rps7	156.545455	0	1101	0	212	0	269	140	0	0	0	0	0
Ndufa6	156.545455	0	1232	0	179	0	188	123	0	0	0	0	0
Dnajc10	156.545455	0	1040	0	433	0	125	124	0	0	0	0	0
Dennd6b	156.545455	0	1452	0	202	0	0	68	0	0	0	0	0
Cops8	156.545455	0	993	0	239	0	207	283	0	0	0	0	0
Cdc14b	156.545455	0	1368	0	354	0	0	0	0	0	0	0	0
Aplp2	156.545455	0	1155	0	133	0	434	0	0	0	0	0	0
Zfp956	156.454545	0	1229	0	268	0	224	0	0	0	0	0	0
Zfp263	156.454545	0	1345	0	275	0	0	101	0	0	0	0	0
Unc50	156.454545	0	1061	0	150	0	317	193	0	0	0	0	0
Traf6	156.454545	0	977	0	193	0	551	0	0	0	0	0	0
Mrpl40	156.454545	0	1078	0	306	0	337	0	0	0	0	0	0
Irak1bp1	156.454545	0	1026	0	375	0	203	117	0	0	0	0	0
Hira	156.454545	0	1078	0	306	0	337	0	0	0	0	0	0
Fam234a	156.454545	0	1070	0	94	0	474	83	0	0	0	0	0
Coa5	156.454545	0	1061	0	150	0	317	193	0	0	0	0	0
Zfyve21	156.363636	0	1061	0	178	0	481	0	0	0	0	0	0
Xrcc3	156.363636	0	1061	0	178	0	481	0	0	0	0	0	0
Tti1	156.363636	0	1192	0	294	0	117	117	0	0	0	0	0
Rprd1b	156.363636	0	1192	0	294	0	117	117	0	0	0	0	0
Pigx	156.363636	0	988	0	236	0	395	101	0	0	0	0	0
Cep19	156.363636	0	988	0	236	0	395	101	0	0	0	0	0
Zfp658	156.272727	0	1208	0	395	0	0	116	0	0	0	0	0
Tm2d3	156.272727	0	1079	0	215	0	332	93	0	0	0	0	0
Stx6	156.272727	0	916	0	0	0	803	0	0	0	0	0	0
Ssrp1	156.272727	0	1249	0	218	0	0	252	0	0	0	0	0
Skiv2l	156.272727	0	716	0	0	0	876	127	0	0	0	0	0
Rab30	156.272727	0	1057	0	325	0	126	211	0	0	0	0	0
Nt5dc3	156.272727	0	852	0	239	0	495	133	0	0	0	0	0
Nelfe	156.272727	0	716	0	0	0	876	127	0	0	0	0	0
Gemin6	156.272727	0	1172	0	308	0	141	98	0	0	0	0	0
Zfp74	156.181818	0	1141	0	294	0	142	141	0	0	0	0	0
Sirt3	156.181818	0	1071	0	343	0	120	184	0	0	0	0	0
Psmd13	156.181818	0	1071	0	343	0	120	184	0	0	0	0	0
Ppp2r1a	156.181818	0	1062	0	346	0	199	111	0	0	0	0	0
Pex11g	156.181818	0	1277	0	220	0	221	0	0	0	0	0	0
Hdac5	156.181818	0	696	0	211	0	649	162	0	0	0	0	0
Zfp329	156.090909	0	1370	0	208	0	0	139	0	0	0	0	0
Rwdd1	156.090909	0	970	0	286	0	324	137	0	0	0	0	0
Exosc10	156.090909	0	1536	0	0	0	103	78	0	0	0	0	0
Zfp35	156.000000	0	1263	0	453	0	0	0	0	0	0	0	0
Thoc3	156.000000	0	1256	0	166	0	294	0	0	0	0	0	0
Sdccag8	156.000000	0	1116	0	297	0	153	150	0	0	0	0	0
Pja2	156.000000	0	772	0	250	0	568	126	0	0	0	0	0
Parpbp	156.000000	0	1291	0	296	0	0	129	0	0	0	0	0
Nup37	156.000000	0	1291	0	296	0	0	129	0	0	0	0	0
Nars	156.000000	0	1174	0	242	0	117	183	0	0	0	0	0
Mdm4	156.000000	0	1298	0	264	0	0	154	0	0	0	0	0
Cep170	156.000000	0	1116	0	297	0	153	150	0	0	0	0	0
Sec61g	155.909091	0	1081	0	340	0	162	132	0	0	0	0	0
Rps9	155.909091	0	1220	0	399	0	0	96	0	0	0	0	0
Rmc1	155.909091	0	834	0	326	0	420	135	0	0	0	0	0
Mbd2	155.909091	0	1038	0	182	0	359	136	0	0	0	0	0
Dusp11	155.909091	0	1116	0	365	0	234	0	0	0	0	0	0
Dlgap4	155.909091	0	1094	0	157	0	344	120	0	0	0	0	0
D2hgdh	155.909091	0	1434	0	281	0	0	0	0	0	0	0	0
Cant1	155.909091	0	1204	0	254	0	167	90	0	0	0	0	0
5430403G16Rik	155.909091	0	1318	0	397	0	0	0	0	0	0	0	0
Zfp143	155.818182	0	1169	0	259	0	169	117	0	0	0	0	0
Slc7a1	155.818182	0	952	0	320	0	126	316	0	0	0	0	0
Prdx1	155.818182	0	1045	0	321	0	0	348	0	0	0	0	0
Mfsd14a	155.818182	0	937	0	154	0	623	0	0	0	0	0	0
H1f2	155.818182	0	964	0	272	0	132	163	0	0	0	183	0
Cyp20a1	155.818182	0	1249	0	239	0	121	105	0	0	0	0	0
Cox7c	155.818182	0	1052	0	576	0	0	86	0	0	0	0	0
Ankrd42	155.818182	0	1226	0	376	0	0	112	0	0	0	0	0
Vps13b	155.727273	0	1254	0	459	0	0	0	0	0	0	0	0
Tra2a	155.727273	0	969	0	373	0	371	0	0	0	0	0	0
Sugp1	155.727273	0	1000	0	361	0	113	239	0	0	0	0	0
Setx	155.727273	0	896	0	166	0	562	89	0	0	0	0	0
Mau2	155.727273	0	1000	0	361	0	113	239	0	0	0	0	0
Cul5	155.727273	0	1350	0	240	0	0	123	0	0	0	0	0
Asxl2	155.727273	0	1011	0	275	0	328	99	0	0	0	0	0
Zyg11b	155.636364	0	1149	0	255	0	190	118	0	0	0	0	0
Timm50	155.636364	0	958	0	188	0	461	105	0	0	0	0	0
Nudc	155.636364	0	1345	0	226	0	141	0	0	0	0	0	0
Ndufa10	155.636364	0	946	0	270	0	356	140	0	0	0	0	0
Dhrs4	155.636364	0	1265	0	280	0	94	73	0	0	0	0	0
Zfp473	155.545455	0	953	0	224	0	316	218	0	0	0	0	0
Zfp212	155.545455	0	1280	0	431	0	0	0	0	0	0	0	0
Zer1	155.545455	0	944	0	238	0	368	161	0	0	0	0	0
Vrk3	155.545455	0	953	0	224	0	316	218	0	0	0	0	0
Ttc13	155.545455	0	1172	0	264	0	131	144	0	0	0	0	0
Slc37a4	155.545455	0	1049	0	183	0	349	130	0	0	0	0	0
Sf3b3	155.545455	0	1114	0	462	0	0	135	0	0	0	0	0
Rbm25	155.545455	0	953	0	235	0	308	215	0	0	0	0	0
Rbbp9	155.545455	0	1225	0	229	0	111	146	0	0	0	0	0
Mre11a	155.545455	0	1273	0	329	0	0	109	0	0	0	0	0
Med30	155.545455	0	1113	0	465	0	133	0	0	0	0	0	0
Cog4	155.545455	0	1114	0	462	0	0	135	0	0	0	0	0
Arv1	155.545455	0	1172	0	264	0	131	144	0	0	0	0	0
Ankrd49	155.545455	0	1273	0	329	0	0	109	0	0	0	0	0
Ahsa2	155.545455	0	1016	0	193	0	323	179	0	0	0	0	0
Zfp959	155.454545	0	1102	0	357	0	0	251	0	0	0	0	0
Tasp1	155.454545	0	1031	0	333	0	224	122	0	0	0	0	0
Scarb1	155.454545	0	881	0	179	0	650	0	0	0	0	0	0
Polr2b	155.454545	0	873	0	283	0	230	324	0	0	0	0	0
Noa1	155.454545	0	873	0	283	0	230	324	0	0	0	0	0
Ndufa3	155.454545	0	1190	0	280	0	146	94	0	0	0	0	0
Ankrd54	155.454545	0	1109	0	202	0	219	180	0	0	0	0	0
Accs	155.454545	0	1130	0	279	0	148	153	0	0	0	0	0
Tpd52l2	155.363636	0	1118	0	257	0	215	119	0	0	0	0	0
Rwdd2a	155.363636	0	1071	0	207	0	431	0	0	0	0	0	0
Pcmtd1	155.363636	0	892	0	336	0	298	183	0	0	0	0	0
Nucb1	155.363636	0	1153	0	206	0	233	117	0	0	0	0	0
Mmgt1	155.363636	0	1071	0	273	0	365	0	0	0	0	0	0
Fbh1	155.363636	0	723	0	171	0	680	135	0	0	0	0	0
Epn1	155.363636	0	1057	0	338	0	210	104	0	0	0	0	0
Ankrd16	155.363636	0	723	0	171	0	680	135	0	0	0	0	0
Vars2	155.272727	0	1275	0	185	0	166	82	0	0	0	0	0
Tcf3	155.272727	0	664	0	179	0	694	171	0	0	0	0	0
Pes1	155.272727	0	1132	0	254	0	139	183	0	0	0	0	0
Nsrp1	155.272727	0	1068	0	238	0	255	147	0	0	0	0	0
Dnajc1	155.272727	0	903	0	239	0	353	213	0	0	0	0	0
BC049715	155.272727	0	1228	0	209	0	95	176	0	0	0	0	0
Tbc1d7	155.181818	0	1038	0	278	0	226	165	0	0	0	0	0
Recql	155.181818	0	1226	0	298	0	183	0	0	0	0	0	0
Rap2a	155.181818	0	959	0	176	0	383	189	0	0	0	0	0
Ptdss2	155.181818	0	1089	0	183	0	259	176	0	0	0	0	0
Psph	155.181818	0	1002	0	195	0	349	161	0	0	0	0	0
Nfkb2	155.181818	0	915	0	203	0	431	158	0	0	0	0	0
Golt1b	155.181818	0	1226	0	298	0	183	0	0	0	0	0	0
Fam219a	155.181818	0	766	0	165	0	672	104	0	0	0	0	0
Dnaic1	155.181818	0	766	0	165	0	672	104	0	0	0	0	0
Cct6a	155.181818	0	1002	0	195	0	349	161	0	0	0	0	0
B9d2	155.181818	0	1134	0	182	0	266	125	0	0	0	0	0
Zfp472	155.090909	0	1267	0	348	0	0	91	0	0	0	0	0
Tinf2	155.090909	0	1156	0	220	0	186	144	0	0	0	0	0
Rrp12	155.090909	0	1348	0	231	0	127	0	0	0	0	0	0
Prmt2	155.090909	0	1302	0	221	0	0	183	0	0	0	0	0
Dnajb6	155.090909	0	1218	0	394	0	0	94	0	0	0	0	0
Spryd7	155.000000	0	769	0	139	0	700	97	0	0	0	0	0
Polk	155.000000	0	1101	0	368	0	236	0	0	0	0	0	0
Gsto2	155.000000	0	1441	0	178	0	86	0	0	0	0	0	0
Gigyf2	155.000000	0	752	0	283	0	459	211	0	0	0	0	0
Cert1	155.000000	0	1101	0	368	0	236	0	0	0	0	0	0
Arfgap1	155.000000	0	1086	0	281	0	200	138	0	0	0	0	0
Zfp607b	154.909091	0	1112	0	222	0	205	165	0	0	0	0	0
Tmem106c	154.909091	0	1233	0	366	0	0	105	0	0	0	0	0
Mob3a	154.909091	0	513	0	0	0	1040	151	0	0	0	0	0
Izumo4	154.909091	0	513	0	0	0	1040	151	0	0	0	0	0
Golga1	154.909091	0	1041	0	378	0	99	186	0	0	0	0	0
Emsy	154.909091	0	914	0	440	0	237	113	0	0	0	0	0
Dnajc30	154.909091	0	1236	0	0	0	250	218	0	0	0	0	0
Ciao2b	154.909091	0	1156	0	286	0	128	134	0	0	0	0	0
Bud23	154.909091	0	1236	0	0	0	250	218	0	0	0	0	0
Agfg2	154.909091	0	812	0	158	0	734	0	0	0	0	0	0
Tspyl4	154.818182	0	1320	0	262	0	121	0	0	0	0	0	0
Tmem242	154.818182	0	1284	0	280	0	0	139	0	0	0	0	0
Slc30a4	154.818182	0	903	0	663	0	137	0	0	0	0	0	0
Slc25a14	154.818182	0	1240	0	368	0	0	95	0	0	0	0	0
Iqgap1	154.818182	0	1209	0	157	0	337	0	0	0	0	0	0
Zwint	154.727273	0	985	0	275	0	442	0	0	0	0	0	0
Zfp932	154.727273	0	1332	0	370	0	0	0	0	0	0	0	0
Ppih	154.727273	0	1127	0	209	0	232	134	0	0	0	0	0
Get1	154.727273	0	1364	0	0	0	136	202	0	0	0	0	0
Dgke	154.727273	0	920	0	182	0	600	0	0	0	0	0	0
Zfp825	154.636364	0	1182	0	519	0	0	0	0	0	0	0	0
Slc35c2	154.636364	0	992	0	145	0	352	212	0	0	0	0	0
Rplp0	154.636364	0	1271	0	0	0	168	165	0	0	0	97	0
Mtf1	154.636364	0	1173	0	146	0	140	242	0	0	0	0	0
Magohb	154.636364	0	1085	0	451	0	0	165	0	0	0	0	0
Kctd13	154.636364	0	1052	0	312	0	337	0	0	0	0	0	0
Hexim2	154.636364	0	1159	0	276	0	266	0	0	0	0	0	0
Eci2	154.636364	0	1060	0	222	0	316	103	0	0	0	0	0
Ddx49	154.636364	0	1159	0	320	0	114	108	0	0	0	0	0
Cope	154.636364	0	1159	0	320	0	114	108	0	0	0	0	0
Bdh1	154.636364	0	887	0	271	0	325	218	0	0	0	0	0
Ap5z1	154.636364	0	1212	0	112	0	202	175	0	0	0	0	0
Ugp2	154.545455	0	988	0	313	0	237	162	0	0	0	0	0
Rab29	154.545455	0	1389	0	311	0	0	0	0	0	0	0	0
Pdcd11	154.545455	0	1190	0	306	0	93	111	0	0	0	0	0
Odf2	154.545455	0	942	0	0	0	758	0	0	0	0	0	0
Mr1	154.545455	0	1276	0	424	0	0	0	0	0	0	0	0
Hbp1	154.545455	0	1061	0	366	0	130	143	0	0	0	0	0
Fam227b	154.545455	0	1087	0	362	0	93	158	0	0	0	0	0
Dtwd1	154.545455	0	1087	0	362	0	93	158	0	0	0	0	0
Cycs	154.545455	0	926	0	376	0	188	210	0	0	0	0	0
Atp5md	154.545455	0	1190	0	306	0	93	111	0	0	0	0	0
Timm21	154.454545	0	1224	0	351	0	0	124	0	0	0	0	0
Swsap1	154.454545	0	1057	0	398	0	131	113	0	0	0	0	0
Ppp2r5d	154.454545	0	849	0	118	0	732	0	0	0	0	0	0
Pgm1	154.454545	0	1174	0	263	0	161	101	0	0	0	0	0
Fbxo15	154.454545	0	1224	0	351	0	0	124	0	0	0	0	0
Dcp2	154.454545	0	1030	0	196	0	313	160	0	0	0	0	0
Cbx5	154.454545	0	843	0	298	0	347	211	0	0	0	0	0
Ap1g2	154.454545	0	1431	0	268	0	0	0	0	0	0	0	0
Akap13	154.454545	0	1004	0	196	0	195	304	0	0	0	0	0
Abcf2	154.454545	0	892	0	253	0	352	202	0	0	0	0	0
Thap12	154.363636	0	901	0	471	0	204	122	0	0	0	0	0
Szrd1	154.363636	0	1125	0	151	0	317	105	0	0	0	0	0
Rab33b	154.363636	0	957	0	166	0	279	150	0	0	0	146	0
Ppp3r1	154.363636	0	895	0	491	0	199	113	0	0	0	0	0
Polr2g	154.363636	0	862	0	272	0	564	0	0	0	0	0	0
Eef1akmt4-ece2	154.363636	0	1024	0	394	0	280	0	0	0	0	0	0
Eef1akmt4	154.363636	0	1024	0	394	0	280	0	0	0	0	0	0
Alg3	154.363636	0	1024	0	394	0	280	0	0	0	0	0	0
Vrk1	154.272727	0	998	0	293	0	406	0	0	0	0	0	0
Vps26c	154.272727	0	963	0	259	0	343	132	0	0	0	0	0
Trnt1	154.272727	0	939	0	385	0	373	0	0	0	0	0	0
Trim46	154.272727	0	1263	0	161	0	132	141	0	0	0	0	0
Rsl24d1	154.272727	0	1258	0	349	0	0	90	0	0	0	0	0
Myl4	154.272727	0	1071	0	208	0	307	111	0	0	0	0	0
Mtr	154.272727	0	1132	0	327	0	238	0	0	0	0	0	0
Lrriq3	154.272727	0	961	0	395	0	237	104	0	0	0	0	0
Krtcap2	154.272727	0	1263	0	161	0	132	141	0	0	0	0	0
Gm13290	154.272727	0	1100	0	315	0	146	136	0	0	0	0	0
Gm13289	154.272727	0	1100	0	315	0	146	136	0	0	0	0	0
Gm13288	154.272727	0	1100	0	315	0	146	136	0	0	0	0	0
Gm13285	154.272727	0	1100	0	315	0	146	136	0	0	0	0	0
Fpgt	154.272727	0	961	0	395	0	237	104	0	0	0	0	0
Cdc27	154.272727	0	1071	0	208	0	307	111	0	0	0	0	0
Zfp931	154.181818	0	1196	0	286	0	99	115	0	0	0	0	0
Med25	154.181818	0	1135	0	284	0	166	111	0	0	0	0	0
Llph	154.181818	0	1030	0	289	0	238	139	0	0	0	0	0
Fam214b	154.181818	0	341	0	0	0	1246	109	0	0	0	0	0
Wdfy2	154.090909	0	982	0	120	0	432	161	0	0	0	0	0
Zfp747	154.000000	0	1267	0	166	0	141	120	0	0	0	0	0
Zfp455	154.000000	0	1374	0	320	0	0	0	0	0	0	0	0
Rpl5	154.000000	0	1081	0	414	0	127	72	0	0	0	0	0
Rc3h1	154.000000	0	674	0	253	0	640	127	0	0	0	0	0
Ogfr	154.000000	0	1146	0	168	0	186	194	0	0	0	0	0
Nop2	154.000000	0	1041	0	208	0	308	137	0	0	0	0	0
Ilvbl	154.000000	0	1203	0	301	0	99	91	0	0	0	0	0
Dscc1	154.000000	0	1089	0	254	0	243	108	0	0	0	0	0
Slc2a1	153.909091	0	1055	0	248	0	222	168	0	0	0	0	0
Rprd2	153.909091	0	971	0	279	0	241	202	0	0	0	0	0
Rpl26	153.909091	0	1204	0	210	0	154	125	0	0	0	0	0
Pabpn1	153.909091	0	719	0	201	0	616	157	0	0	0	0	0
Hagh	153.909091	0	1070	0	254	0	191	178	0	0	0	0	0
Fam126a	153.909091	0	669	0	155	0	751	118	0	0	0	0	0
Fahd1	153.909091	0	1070	0	254	0	191	178	0	0	0	0	0
Ddt	153.909091	0	1367	0	176	0	150	0	0	0	0	0	0
Baiap2	153.909091	0	946	0	238	0	509	0	0	0	0	0	0
Rars	153.818182	0	1238	0	326	0	128	0	0	0	0	0	0
AW146154	153.818182	0	1122	0	486	0	0	84	0	0	0	0	0
Virma	153.727273	0	903	0	365	0	273	150	0	0	0	0	0
Vamp1	153.727273	0	881	0	353	0	178	105	0	0	0	174	0
Rtf1	153.727273	0	1030	0	255	0	260	146	0	0	0	0	0
Nemf	153.727273	0	1400	0	291	0	0	0	0	0	0	0	0
Map2k7	153.727273	0	1041	0	358	0	131	161	0	0	0	0	0
Map2k2	153.727273	0	1058	0	209	0	270	154	0	0	0	0	0
Gtpbp4	153.727273	0	1198	0	324	0	83	86	0	0	0	0	0
Fchsd2	153.727273	0	914	0	256	0	170	351	0	0	0	0	0
Zfp628	153.636364	0	1331	0	247	0	0	112	0	0	0	0	0
Stx7	153.636364	0	1076	0	434	0	180	0	0	0	0	0	0
Pla2g6	153.636364	0	1141	0	285	0	264	0	0	0	0	0	0
Grhpr	153.636364	0	1350	0	166	0	174	0	0	0	0	0	0
Flywch1	153.636364	0	1007	0	230	0	453	0	0	0	0	0	0
Cstf3	153.636364	0	1032	0	322	0	336	0	0	0	0	0	0
Cdkn2aipnl	153.636364	0	1157	0	155	0	259	119	0	0	0	0	0
Plk1	153.545455	0	1303	0	386	0	0	0	0	0	0	0	0
Gm32856	153.545455	0	1279	0	410	0	0	0	0	0	0	0	0
Tank	153.454545	0	1014	0	291	0	290	93	0	0	0	0	0
Rrm2	153.454545	0	1345	0	0	0	227	116	0	0	0	0	0
Ccne1	153.454545	0	880	0	0	0	808	0	0	0	0	0	0
4833420G17Rik	153.454545	0	1037	0	479	0	172	0	0	0	0	0	0
Usp12	153.363636	0	755	0	138	0	794	0	0	0	0	0	0
Syf2	153.363636	0	1015	0	0	0	672	0	0	0	0	0	0
Lrrc56	153.363636	0	919	0	191	0	482	95	0	0	0	0	0
Hras	153.363636	0	919	0	191	0	482	95	0	0	0	0	0
Ctsd	153.363636	0	788	0	200	0	574	125	0	0	0	0	0
Cct5	153.363636	0	1157	0	275	0	0	255	0	0	0	0	0
Atpsckmt	153.363636	0	1157	0	275	0	0	255	0	0	0	0	0
Uevld	153.272727	0	1354	0	165	0	167	0	0	0	0	0	0
Uba5	153.272727	0	1333	0	353	0	0	0	0	0	0	0	0
Tctn3	153.272727	0	1153	0	168	0	160	205	0	0	0	0	0
Rad50	153.272727	0	1014	0	417	0	139	116	0	0	0	0	0
Nfe2l1	153.272727	0	1138	0	268	0	172	108	0	0	0	0	0
LTO1	153.272727	0	1101	0	117	0	283	185	0	0	0	0	0
Hsd17b12	153.272727	0	1065	0	179	0	322	120	0	0	0	0	0
Arhgap26	153.272727	0	649	0	141	0	744	152	0	0	0	0	0
Acad11	153.272727	0	1333	0	353	0	0	0	0	0	0	0	0
Mios	153.181818	0	970	0	251	0	464	0	0	0	0	0	0
1110004F10Rik	153.181818	0	1248	0	315	0	0	122	0	0	0	0	0
Zfp846	153.090909	0	1258	0	148	0	159	119	0	0	0	0	0
Syvn1	153.090909	0	1057	0	169	0	147	311	0	0	0	0	0
Rpl28	153.090909	0	1347	0	148	0	189	0	0	0	0	0	0
Rnf149	153.090909	0	746	0	237	0	701	0	0	0	0	0	0
Rad51c	153.090909	0	1065	0	220	0	266	133	0	0	0	0	0
Psmd5	153.090909	0	1044	0	268	0	217	155	0	0	0	0	0
Polr3gl	153.090909	0	1248	0	241	0	195	0	0	0	0	0	0
Med20	153.090909	0	1135	0	174	0	228	147	0	0	0	0	0
Lysmd4	153.090909	0	1145	0	245	0	294	0	0	0	0	0	0
Letmd1	153.090909	0	1207	0	153	0	183	141	0	0	0	0	0
Gm20517	153.090909	0	1135	0	174	0	228	147	0	0	0	0	0
Bysl	153.090909	0	1135	0	174	0	228	147	0	0	0	0	0
Ap4e1	153.090909	0	1258	0	253	0	0	173	0	0	0	0	0
Ahcy	153.090909	0	1159	0	242	0	180	103	0	0	0	0	0
Lyrm1	153.000000	0	921	0	345	0	152	265	0	0	0	0	0
Eloc	153.000000	0	1098	0	358	0	126	101	0	0	0	0	0
Dcun1d3	153.000000	0	921	0	345	0	152	265	0	0	0	0	0
Atxn7l3b	153.000000	0	1101	0	349	0	165	68	0	0	0	0	0
8030462N17Rik	153.000000	0	1200	0	267	0	96	120	0	0	0	0	0
Zfp280d	152.909091	0	1014	0	341	0	128	199	0	0	0	0	0
Zcchc4	152.909091	0	1363	0	180	0	0	139	0	0	0	0	0
Sema4b	152.909091	0	868	0	314	0	500	0	0	0	0	0	0
Rps27l	152.909091	0	1070	0	295	0	212	105	0	0	0	0	0
Coq8a	152.909091	0	1245	0	175	0	126	136	0	0	0	0	0
Umps	152.818182	0	1379	0	302	0	0	0	0	0	0	0	0
Sec23ip	152.818182	0	1123	0	289	0	145	124	0	0	0	0	0
Sco1	152.818182	0	1124	0	205	0	184	168	0	0	0	0	0
Sar1a	152.818182	0	901	0	274	0	399	107	0	0	0	0	0
Rps16	152.818182	0	931	0	181	0	463	106	0	0	0	0	0
Glul	152.818182	0	1005	0	203	0	185	182	0	0	0	106	0
Ctsb	152.818182	0	1170	0	236	0	83	192	0	0	0	0	0
Coro1b	152.818182	0	706	0	0	0	852	123	0	0	0	0	0
Cops9	152.818182	0	1170	0	511	0	0	0	0	0	0	0	0
Cndp2	152.818182	0	908	0	284	0	489	0	0	0	0	0	0
Adprm	152.818182	0	1124	0	205	0	184	168	0	0	0	0	0
Rbm14	152.727273	0	1172	0	376	0	0	132	0	0	0	0	0
Rab3a	152.727273	0	904	0	239	0	537	0	0	0	0	0	0
Gm21992	152.727273	0	1172	0	376	0	0	132	0	0	0	0	0
Ap1g1	152.727273	0	778	0	356	0	298	248	0	0	0	0	0
Slc36a1	152.636364	0	1253	0	426	0	0	0	0	0	0	0	0
Nudt9	152.636364	0	929	0	354	0	167	229	0	0	0	0	0
Gtf2e2	152.636364	0	981	0	190	0	369	139	0	0	0	0	0
Gmds	152.636364	0	695	0	290	0	606	88	0	0	0	0	0
Gins3	152.636364	0	1269	0	249	0	0	161	0	0	0	0	0
Fpgs	152.636364	0	1073	0	198	0	287	121	0	0	0	0	0
Fbxo8	152.636364	0	1072	0	439	0	0	168	0	0	0	0	0
Zfp408	152.545455	0	1015	0	379	0	116	168	0	0	0	0	0
Ywhaq	152.545455	0	1181	0	264	0	132	101	0	0	0	0	0
Wdr47	152.545455	0	1053	0	137	0	488	0	0	0	0	0	0
Vcl	152.545455	85	723	0	173	0	504	193	0	0	0	0	0
Tjap1	152.545455	0	1392	0	286	0	0	0	0	0	0	0	0
Stard4	152.545455	0	998	0	223	0	255	202	0	0	0	0	0
Sec23b	152.545455	0	1268	0	410	0	0	0	0	0	0	0	0
Sap18b	152.545455	0	774	0	369	0	260	275	0	0	0	0	0
Sap18	152.545455	0	774	0	369	0	260	275	0	0	0	0	0
Oas1c	152.545455	0	1230	0	448	0	0	0	0	0	0	0	0
Oas1b	152.545455	0	1230	0	448	0	0	0	0	0	0	0	0
Gtf2f2	152.545455	0	991	0	322	0	145	220	0	0	0	0	0
Cldn12	152.545455	0	1152	0	252	0	175	99	0	0	0	0	0
BC048403	152.545455	0	1276	0	248	0	0	154	0	0	0	0	0
4932438A13Rik	152.545455	0	1166	0	199	0	313	0	0	0	0	0	0
Zfp961	152.454545	0	1244	0	294	0	0	139	0	0	0	0	0
Tmem248	152.454545	0	1151	0	415	0	111	0	0	0	0	0	0
Mcm7	152.454545	0	888	0	292	0	293	204	0	0	0	0	0
Knstrn	152.454545	0	1166	0	202	0	118	191	0	0	0	0	0
Elp1	152.454545	0	1193	0	296	0	0	188	0	0	0	0	0
Ap4m1	152.454545	0	888	0	292	0	293	204	0	0	0	0	0
Alkbh6	152.454545	0	1144	0	367	0	166	0	0	0	0	0	0
Abitram	152.454545	0	1193	0	296	0	0	188	0	0	0	0	0
Zfp382	152.363636	0	1285	0	283	0	0	108	0	0	0	0	0
Stat3	152.363636	0	812	0	198	0	464	202	0	0	0	0	0
Smarca2	152.363636	0	816	0	417	0	293	150	0	0	0	0	0
Rpl6	152.363636	0	1383	0	162	0	131	0	0	0	0	0	0
Lztfl1	152.363636	0	1062	0	367	0	0	247	0	0	0	0	0
Gtf3c2	152.363636	0	1025	0	335	0	200	116	0	0	0	0	0
Crebrf	152.363636	0	1051	0	148	0	392	85	0	0	0	0	0
C030006K11Rik	152.363636	0	777	0	171	0	532	196	0	0	0	0	0
Zfp606	152.272727	0	1333	0	342	0	0	0	0	0	0	0	0
Zbtb8os	152.272727	0	888	0	251	0	318	218	0	0	0	0	0
Vps16	152.272727	0	1125	0	290	0	117	143	0	0	0	0	0
Ubl7	152.272727	0	1036	0	212	0	255	172	0	0	0	0	0
Traip	152.272727	0	1162	0	333	0	180	0	0	0	0	0	0
Rtcb	152.272727	0	1263	0	258	0	154	0	0	0	0	0	0
Rpl34-ps1	152.272727	0	990	0	323	0	258	104	0	0	0	0	0
Rpl34	152.272727	0	990	0	323	0	258	104	0	0	0	0	0
Rbbp4	152.272727	0	888	0	251	0	318	218	0	0	0	0	0
Pced1a	152.272727	0	1125	0	290	0	117	143	0	0	0	0	0
Ercc5	152.272727	0	1024	0	384	0	117	150	0	0	0	0	0
Clta	152.272727	0	940	0	374	0	221	140	0	0	0	0	0
Cep63	152.272727	0	1112	0	279	0	164	120	0	0	0	0	0
Cdk8	152.272727	0	1228	0	282	0	0	165	0	0	0	0	0
Anapc13	152.272727	0	1112	0	279	0	164	120	0	0	0	0	0
Zbtb26	152.181818	0	1029	0	393	0	130	122	0	0	0	0	0
Ttc27	152.181818	0	1247	0	314	0	0	113	0	0	0	0	0
Slc66a2	152.181818	0	978	0	190	0	371	135	0	0	0	0	0
Rabgap1	152.181818	0	1029	0	393	0	130	122	0	0	0	0	0
Pycard	152.181818	0	1174	0	500	0	0	0	0	0	0	0	0
Ppp3cc	152.181818	0	1227	0	264	0	183	0	0	0	0	0	0
Oga	152.181818	0	725	0	235	0	131	583	0	0	0	0	0
Hgs	152.181818	0	1095	0	159	0	304	116	0	0	0	0	0
Eif3c	152.181818	0	1129	0	267	0	156	122	0	0	0	0	0
Atad2b	152.181818	0	642	0	266	0	621	145	0	0	0	0	0
Asb8	152.181818	0	1118	0	264	0	181	111	0	0	0	0	0
Arl16	152.181818	0	1095	0	159	0	304	116	0	0	0	0	0
Mrm3	152.090909	0	1100	0	273	0	152	148	0	0	0	0	0
Ints13	152.090909	0	1075	0	280	0	182	136	0	0	0	0	0
Hspa8	152.090909	0	758	0	292	0	377	158	0	0	0	88	0
Glod4	152.090909	0	1100	0	273	0	152	148	0	0	0	0	0
Fgfr1op2	152.090909	0	1075	0	280	0	182	136	0	0	0	0	0
Chchd2	152.090909	0	1087	0	165	0	301	120	0	0	0	0	0
Wdr27	152.000000	0	1097	0	241	0	191	143	0	0	0	0	0
Supt7l	152.000000	0	1198	0	272	0	0	202	0	0	0	0	0
Smim10l1	152.000000	0	1205	0	318	0	0	149	0	0	0	0	0
Slc4a1ap	152.000000	0	1198	0	272	0	0	202	0	0	0	0	0
Rps15a	152.000000	0	1021	0	325	0	216	110	0	0	0	0	0
Prpf8	152.000000	0	1287	0	153	0	232	0	0	0	0	0	0
Pnn	152.000000	0	1090	0	275	0	219	88	0	0	0	0	0
1600012H06Rik	152.000000	0	1097	0	241	0	191	143	0	0	0	0	0
Tnpo1	151.909091	0	906	0	266	0	381	118	0	0	0	0	0
Sft2d1	151.909091	0	1008	0	370	0	123	170	0	0	0	0	0
Sdr42e1	151.909091	0	1305	0	366	0	0	0	0	0	0	0	0
Ppfia1	151.909091	0	550	0	181	0	758	182	0	0	0	0	0
Mtbp	151.909091	0	1067	0	488	0	0	116	0	0	0	0	0
Mrpl13	151.909091	0	1067	0	488	0	0	116	0	0	0	0	0
Crtc1	151.909091	0	1065	0	0	0	434	172	0	0	0	0	0
Zzz3	151.818182	0	1150	0	251	0	0	269	0	0	0	0	0
Ganab	151.818182	0	1184	0	209	0	277	0	0	0	0	0	0
Arpc3	151.818182	0	1113	0	352	0	205	0	0	0	0	0	0
Zfp799	151.727273	0	1408	0	261	0	0	0	0	0	0	0	0
Rnf8	151.727273	0	1091	0	392	0	86	100	0	0	0	0	0
Akt2	151.727273	0	1133	0	277	0	119	140	0	0	0	0	0
Acvr1b	151.727273	0	1003	0	215	0	325	126	0	0	0	0	0
Zfp7	151.636364	0	1171	0	262	0	235	0	0	0	0	0	0
Zbed5	151.636364	0	799	0	0	0	747	122	0	0	0	0	0
Tia1	151.636364	0	1167	0	254	0	118	129	0	0	0	0	0
Pcx	151.636364	0	905	0	209	0	431	123	0	0	0	0	0
Pcgf5	151.636364	0	735	0	257	0	554	122	0	0	0	0	0
Fam53a	151.636364	0	855	0	261	0	552	0	0	0	0	0	0
Rsrp1	151.545455	0	950	0	162	0	386	169	0	0	0	0	0
Nup188	151.545455	0	1012	0	181	0	474	0	0	0	0	0	0
Malsu1	151.545455	0	935	0	481	0	142	109	0	0	0	0	0
Dolk	151.545455	0	1012	0	181	0	474	0	0	0	0	0	0
Ccdc14	151.545455	0	979	0	342	0	232	114	0	0	0	0	0
Abt1	151.545455	0	1272	0	256	0	0	139	0	0	0	0	0
Zc3h7a	151.454545	0	967	0	399	0	165	135	0	0	0	0	0
Tmem68	151.454545	0	1099	0	458	0	0	109	0	0	0	0	0
Tgs1	151.454545	0	1099	0	458	0	0	109	0	0	0	0	0
Tamm41	151.454545	0	1324	0	186	0	156	0	0	0	0	0	0
Sf3b1	151.454545	0	909	0	210	0	423	124	0	0	0	0	0
Psmd10	151.454545	0	1105	0	464	0	97	0	0	0	0	0	0
Ogfod1	151.454545	0	1249	0	296	0	0	121	0	0	0	0	0
Nudt21	151.454545	0	1249	0	296	0	0	121	0	0	0	0	0
Mocs1	151.454545	0	1072	0	247	0	254	93	0	0	0	0	0
Gm45871	151.454545	0	1269	0	397	0	0	0	0	0	0	0	0
Eif6	151.454545	0	1250	0	180	0	236	0	0	0	0	0	0
Cpped1	151.454545	0	1259	0	407	0	0	0	0	0	0	0	0
Atg4a	151.454545	0	1105	0	464	0	97	0	0	0	0	0	0
Psmd1	151.363636	0	1209	0	228	0	0	228	0	0	0	0	0
Nck1	151.363636	0	1057	0	289	0	140	179	0	0	0	0	0
Hint2	151.363636	0	1224	0	264	0	177	0	0	0	0	0	0
Herc6	151.363636	0	989	0	365	0	170	0	0	0	141	0	0
Angel2	151.363636	0	1033	0	300	0	186	146	0	0	0	0	0
Yeats2	151.272727	0	1144	0	305	0	0	215	0	0	0	0	0
Vamp4	151.272727	0	957	0	457	0	145	105	0	0	0	0	0
Tcaim	151.272727	0	1256	0	269	0	0	139	0	0	0	0	0
Sgk1	151.272727	0	964	0	275	0	213	212	0	0	0	0	0
Rnf181	151.272727	0	1073	0	363	0	228	0	0	0	0	0	0
Hfe	151.272727	0	1171	0	493	0	0	0	0	0	0	0	0
Fam162a	151.272727	0	1131	0	343	0	0	190	0	0	0	0	0
Dcp1b	151.272727	0	1085	0	390	0	0	189	0	0	0	0	0
Ccdc58	151.272727	0	1131	0	343	0	0	190	0	0	0	0	0
U2af1	151.181818	0	1091	0	138	0	289	145	0	0	0	0	0
Smap2	151.181818	0	1063	0	186	0	329	85	0	0	0	0	0
Rab5if	151.181818	0	814	0	326	0	346	177	0	0	0	0	0
Kif18b	151.181818	0	1204	0	191	0	148	120	0	0	0	0	0
Slc35f6	151.090909	0	1275	0	264	0	123	0	0	0	0	0	0
Rbck1	151.090909	0	1173	0	203	0	286	0	0	0	0	0	0
Pdcd6	151.090909	0	1051	0	338	0	161	112	0	0	0	0	0
Cnep1r1	151.090909	0	930	0	275	0	457	0	0	0	0	0	0
Zfp566	151.000000	0	1104	0	207	0	217	133	0	0	0	0	0
Tax1bp1	151.000000	0	1202	0	459	0	0	0	0	0	0	0	0
Taf9	151.000000	0	929	0	317	0	210	205	0	0	0	0	0
Rad17	151.000000	0	929	0	317	0	210	205	0	0	0	0	0
Ncstn	151.000000	0	1123	0	342	0	196	0	0	0	0	0	0
Mtif2	151.000000	0	1245	0	336	0	0	80	0	0	0	0	0
Khdc4	151.000000	0	995	0	392	0	183	91	0	0	0	0	0
Hmox2	151.000000	0	1199	0	205	0	126	131	0	0	0	0	0
Etaa1	151.000000	0	1264	0	259	0	138	0	0	0	0	0	0
Copa	151.000000	0	1123	0	342	0	196	0	0	0	0	0	0
Ak6	151.000000	0	929	0	317	0	210	205	0	0	0	0	0
Tpgs1	150.909091	0	1429	0	231	0	0	0	0	0	0	0	0
Phf7	150.909091	0	973	0	200	0	328	159	0	0	0	0	0
Ncbp2	150.909091	0	1094	0	196	0	244	126	0	0	0	0	0
Bap1	150.909091	0	973	0	200	0	328	159	0	0	0	0	0
0610012G03Rik	150.909091	0	1094	0	196	0	244	126	0	0	0	0	0
Ube2s	150.818182	0	1056	0	257	0	236	110	0	0	0	0	0
Trmt61a	150.818182	0	1114	0	227	0	246	72	0	0	0	0	0
Tomm20	150.818182	0	766	0	267	0	470	156	0	0	0	0	0
Sgo1	150.818182	0	913	0	336	0	313	97	0	0	0	0	0
Mtmr4	150.818182	0	975	0	245	0	311	128	0	0	0	0	0
Cgrrf1	150.818182	0	906	0	340	0	295	118	0	0	0	0	0
Stk25	150.727273	0	785	0	373	0	342	158	0	0	0	0	0
Slc7a6	150.727273	0	696	0	294	0	552	116	0	0	0	0	0
Slc35b4	150.727273	0	1187	0	281	0	0	190	0	0	0	0	0
Rplp1	150.727273	0	997	0	315	0	219	127	0	0	0	0	0
Nras	150.727273	0	1335	0	323	0	0	0	0	0	0	0	0
Gm14326	150.727273	0	1175	0	264	0	219	0	0	0	0	0	0
Fchsd1	150.727273	0	1216	0	255	0	187	0	0	0	0	0	0
Actr2	150.727273	0	945	0	296	0	306	111	0	0	0	0	0
Zfp511	150.636364	0	863	0	112	0	446	236	0	0	0	0	0
Zfp458	150.636364	0	1183	0	474	0	0	0	0	0	0	0	0
Tubgcp2	150.636364	0	863	0	112	0	446	236	0	0	0	0	0
Smarcd2	150.636364	0	835	0	242	0	460	120	0	0	0	0	0
Sec11c	150.636364	0	1140	0	308	0	209	0	0	0	0	0	0
Luc7l	150.636364	0	1118	0	173	0	189	177	0	0	0	0	0
Lmbr1	150.636364	0	942	0	235	0	334	146	0	0	0	0	0
Dlgap5	150.636364	0	1191	0	312	0	154	0	0	0	0	0	0
Tmem30a	150.545455	0	1062	0	335	0	110	149	0	0	0	0	0
Tmem167b	150.545455	0	954	0	0	0	540	162	0	0	0	0	0
Pgm3	150.545455	0	1071	0	154	0	431	0	0	0	0	0	0
Nelfb	150.545455	0	1081	0	308	0	155	112	0	0	0	0	0
Nbas	150.545455	0	1158	0	425	0	0	73	0	0	0	0	0
Mbtps1	150.545455	0	848	0	241	0	456	111	0	0	0	0	0
Foxa3	150.545455	0	953	0	0	0	703	0	0	0	0	0	0
Emc4	150.545455	0	1203	0	291	0	0	162	0	0	0	0	0
Ccs	150.545455	0	810	0	273	0	437	136	0	0	0	0	0
Ccdc87	150.545455	0	810	0	273	0	437	136	0	0	0	0	0
Zscan21	150.454545	0	1217	0	281	0	157	0	0	0	0	0	0
Xpo5	150.454545	0	989	0	320	0	346	0	0	0	0	0	0
Uqcrb	150.454545	0	1112	0	396	0	0	147	0	0	0	0	0
Polh	150.454545	0	989	0	320	0	346	0	0	0	0	0	0
Gm10767	150.454545	0	1112	0	396	0	0	147	0	0	0	0	0
Zfp365	150.363636	0	1003	0	154	0	326	171	0	0	0	0	0
Zfp160	150.363636	0	1372	0	282	0	0	0	0	0	0	0	0
Tmem160	150.363636	0	1216	0	202	0	140	96	0	0	0	0	0
Snrpc	150.363636	0	1139	0	101	0	257	157	0	0	0	0	0
Plekho2	150.363636	0	921	0	201	0	532	0	0	0	0	0	0
Pitrm1	150.363636	0	764	0	228	0	502	160	0	0	0	0	0
Mybbp1a	150.363636	0	1121	0	299	0	105	129	0	0	0	0	0
L2hgdh	150.363636	0	1104	0	148	0	291	111	0	0	0	0	0
Kmt5c	150.363636	0	925	0	267	0	345	117	0	0	0	0	0
Exd2	150.363636	0	1440	0	0	0	0	214	0	0	0	0	0
Dmac2l	150.363636	0	1104	0	148	0	291	111	0	0	0	0	0
Cenpw	150.363636	0	1014	0	356	0	145	139	0	0	0	0	0
Arl4d	150.363636	0	898	0	346	0	154	256	0	0	0	0	0
Arid4a	150.363636	0	932	0	297	0	157	268	0	0	0	0	0
Xrn1	150.272727	0	1078	0	417	0	158	0	0	0	0	0	0
Sgms1	150.272727	0	1102	0	551	0	0	0	0	0	0	0	0
Psmc5	150.272727	0	1230	0	423	0	0	0	0	0	0	0	0
Ftsj3	150.272727	0	1230	0	423	0	0	0	0	0	0	0	0
Zfp61	150.181818	0	1202	0	309	0	0	141	0	0	0	0	0
Rubcn	150.181818	0	1058	0	186	0	245	163	0	0	0	0	0
Nedd1	150.181818	0	1048	0	279	0	174	151	0	0	0	0	0
Nat2	150.181818	0	1177	0	317	0	158	0	0	0	0	0	0
Myo6	150.181818	0	799	0	283	0	570	0	0	0	0	0	0
Hsdl2	150.181818	0	1027	0	437	0	188	0	0	0	0	0	0
Dnaja1	150.181818	0	932	0	126	0	334	260	0	0	0	0	0
Acsl5	150.181818	0	1186	0	466	0	0	0	0	0	0	0	0
Zfand3	150.090909	0	1044	0	138	0	149	320	0	0	0	0	0
Washc4	150.090909	0	1012	0	226	0	219	194	0	0	0	0	0
Txndc9	150.090909	0	1032	0	293	0	196	130	0	0	0	0	0
Trmt44	150.090909	0	1149	0	174	0	178	150	0	0	0	0	0
Strap	150.090909	0	1067	0	220	0	186	178	0	0	0	0	0
Ppp2r5a	150.090909	0	987	0	407	0	257	0	0	0	0	0	0
Gtdc1	150.090909	0	912	0	213	0	371	155	0	0	0	0	0
Eif5b	150.090909	0	1032	0	293	0	196	130	0	0	0	0	0
Avpi1	150.090909	0	955	0	150	0	438	108	0	0	0	0	0
Samm50	150.000000	0	1172	0	219	0	158	101	0	0	0	0	0
Banp	150.000000	0	1052	0	182	0	228	188	0	0	0	0	0
Zfp426	149.909091	0	1281	0	261	0	0	107	0	0	0	0	0
Stk19	149.909091	0	1103	0	152	0	269	125	0	0	0	0	0
Ppp1r8	149.909091	0	1004	0	182	0	314	149	0	0	0	0	0
Pan2	149.909091	0	1055	0	294	0	172	128	0	0	0	0	0
Ncoa4	149.909091	0	1172	0	212	0	152	113	0	0	0	0	0
Napb	149.909091	0	830	0	272	0	439	108	0	0	0	0	0
Dxo	149.909091	0	1103	0	152	0	269	125	0	0	0	0	0
Cdk2	149.909091	0	1033	0	143	0	473	0	0	0	0	0	0
Arhgap18	149.909091	0	895	0	363	0	184	207	0	0	0	0	0
Tmem131	149.818182	0	965	0	305	0	260	118	0	0	0	0	0
Rexo5	149.818182	0	969	0	374	0	193	112	0	0	0	0	0
Ppp1r37	149.818182	0	1138	0	152	0	176	182	0	0	0	0	0
Lsm4	149.818182	0	1191	0	0	0	323	134	0	0	0	0	0
Eri2	149.818182	0	969	0	374	0	193	112	0	0	0	0	0
Zfp689	149.727273	0	1217	0	196	0	117	117	0	0	0	0	0
Prim1	149.727273	0	1270	0	377	0	0	0	0	0	0	0	0
Metap1	149.727273	0	970	0	443	0	234	0	0	0	0	0	0
Lrrc59	149.727273	0	1284	0	182	0	181	0	0	0	0	0	0
Cmss1	149.727273	0	1226	0	321	0	0	100	0	0	0	0	0
Ciao2a	149.727273	0	808	0	415	0	424	0	0	0	0	0	0
Chmp4b	149.727273	0	999	0	237	0	236	175	0	0	0	0	0
1810058I24Rik	149.727273	0	1233	0	281	0	0	133	0	0	0	0	0
Ube3c	149.636364	0	1135	0	186	0	220	105	0	0	0	0	0
Ttc5	149.636364	0	1359	0	287	0	0	0	0	0	0	0	0
Tpcn1	149.636364	0	838	0	328	0	480	0	0	0	0	0	0
Ppm1k	149.636364	0	871	0	433	0	213	129	0	0	0	0	0
Homez	149.636364	0	1091	0	324	0	231	0	0	0	0	0	0
Frat1	149.636364	0	680	0	0	0	0	966	0	0	0	0	0
Faap100	149.636364	0	847	0	111	0	688	0	0	0	0	0	0
Dglucy	149.636364	0	439	0	156	0	771	280	0	0	0	0	0
Cdc45	149.636364	0	1084	0	265	0	160	137	0	0	0	0	0
Zmpste24	149.545455	0	1137	0	352	0	0	156	0	0	0	0	0
Spink10	149.545455	0	1156	0	280	0	209	0	0	0	0	0	0
Rtn4	149.545455	0	676	0	240	0	620	109	0	0	0	0	0
Fbxo38	149.545455	0	1156	0	280	0	209	0	0	0	0	0	0
Dbi	149.545455	0	1176	0	206	0	147	116	0	0	0	0	0
Atp6ap1	149.545455	0	1147	0	126	0	372	0	0	0	0	0	0
Acbd5	149.545455	0	1086	0	323	0	104	132	0	0	0	0	0
3110009E18Rik	149.545455	0	1176	0	206	0	147	116	0	0	0	0	0
Snrpb2	149.454545	0	1189	0	455	0	0	0	0	0	0	0	0
P2rx4	149.454545	0	1078	0	307	0	127	132	0	0	0	0	0
Odc1	149.454545	0	802	0	226	0	513	103	0	0	0	0	0
Lrig2	149.454545	0	822	0	368	0	381	73	0	0	0	0	0
Ivd	149.454545	0	1150	0	206	0	129	159	0	0	0	0	0
Impa2	149.454545	0	728	0	198	0	554	164	0	0	0	0	0
Zdhhc5	149.363636	0	918	0	356	0	154	215	0	0	0	0	0
Usf3	149.363636	0	1042	0	397	0	204	0	0	0	0	0	0
Tepsin	149.363636	0	1162	0	202	0	156	123	0	0	0	0	0
Ndufaf8	149.363636	0	1162	0	202	0	156	123	0	0	0	0	0
Maco1	149.363636	0	756	0	216	0	500	171	0	0	0	0	0
Hk1	149.363636	0	841	0	190	0	401	211	0	0	0	0	0
Bax	149.363636	0	1047	0	161	0	243	192	0	0	0	0	0
Rps20	149.272727	0	974	0	254	0	124	184	0	0	0	106	0
Pdpr	149.272727	0	911	0	156	0	477	98	0	0	0	0	0
Guk1	149.272727	0	1054	0	165	0	294	129	0	0	0	0	0
Fktn	149.272727	0	1213	0	283	0	0	146	0	0	0	0	0
9430015G10Rik	149.272727	0	1140	0	209	0	130	163	0	0	0	0	0
1700123O20Rik	149.272727	0	1227	0	260	0	155	0	0	0	0	0	0
Zup1	149.181818	0	1093	0	390	0	158	0	0	0	0	0	0
Wdr33	149.181818	0	1183	0	246	0	99	113	0	0	0	0	0
Sh3gl1	149.181818	0	1124	0	0	0	393	124	0	0	0	0	0
Psmg2	149.181818	0	1039	0	279	0	106	217	0	0	0	0	0
Nup155	149.181818	0	1154	0	342	0	0	145	0	0	0	0	0
Cep76	149.181818	0	1039	0	279	0	106	217	0	0	0	0	0
Zkscan8	149.090909	0	1290	0	193	0	0	157	0	0	0	0	0
Tex9	149.090909	0	1088	0	381	0	0	171	0	0	0	0	0
Ssr4	149.090909	0	960	0	381	0	210	89	0	0	0	0	0
Spryd4	149.090909	0	1158	0	247	0	235	0	0	0	0	0	0
Smpdl3a	149.090909	0	797	0	552	0	291	0	0	0	0	0	0
Mzt2	149.090909	0	1026	0	368	0	121	125	0	0	0	0	0
Idh3g	149.090909	0	960	0	381	0	210	89	0	0	0	0	0
Gpn1	149.090909	0	1427	0	213	0	0	0	0	0	0	0	0
Faf2	149.090909	0	1222	0	155	0	133	130	0	0	0	0	0
Cnot11	149.090909	0	838	0	117	0	685	0	0	0	0	0	0
Wasf2	149.000000	0	810	0	350	0	0	479	0	0	0	0	0
Mrtfb	149.000000	0	1333	0	207	0	0	99	0	0	0	0	0
Cox5b	149.000000	0	777	0	214	0	508	140	0	0	0	0	0
Rps28	148.909091	0	1108	0	303	0	137	90	0	0	0	0	0
Ndufa7	148.909091	0	1108	0	303	0	137	90	0	0	0	0	0
Anapc1	148.909091	0	1307	0	195	0	0	136	0	0	0	0	0
Ubxn8	148.818182	0	1372	0	265	0	0	0	0	0	0	0	0
Tor1b	148.818182	0	1253	0	168	0	216	0	0	0	0	0	0
Smim4	148.818182	0	1077	0	367	0	193	0	0	0	0	0	0
Pomp	148.818182	0	1046	0	294	0	170	127	0	0	0	0	0
Pam16	148.818182	0	1317	0	168	0	152	0	0	0	0	0	0
2310057M21Rik	148.818182	0	1185	0	212	0	126	114	0	0	0	0	0
Zfp773	148.727273	0	1239	0	397	0	0	0	0	0	0	0	0
Tmem169	148.727273	0	581	0	177	0	878	0	0	0	0	0	0
Ptp4a1	148.727273	0	1027	0	323	0	189	97	0	0	0	0	0
Pecr	148.727273	0	581	0	177	0	878	0	0	0	0	0	0
Nucks1	148.727273	0	929	0	371	0	244	92	0	0	0	0	0
Hes6	148.727273	0	880	0	247	0	509	0	0	0	0	0	0
Chac2	148.727273	0	1181	0	329	0	0	126	0	0	0	0	0
Btbd7	148.727273	0	791	0	368	0	398	79	0	0	0	0	0
Vps25	148.636364	0	1327	0	308	0	0	0	0	0	0	0	0
Usp33	148.636364	0	1129	0	231	0	275	0	0	0	0	0	0
Stoml2	148.636364	0	1122	0	177	0	123	213	0	0	0	0	0
Pou2f1	148.636364	0	808	0	172	0	298	357	0	0	0	0	0
Mrpl39	148.636364	0	811	0	276	0	262	129	0	0	0	157	0
Lsm11	148.636364	0	978	0	233	0	424	0	0	0	0	0	0
Crk	148.636364	0	802	0	336	0	497	0	0	0	0	0	0
Brip1	148.636364	0	1207	0	428	0	0	0	0	0	0	0	0
Bckdhb	148.636364	0	921	0	266	0	305	143	0	0	0	0	0
Zmym6	148.545455	0	945	0	254	0	232	203	0	0	0	0	0
Zfp493	148.545455	0	1236	0	289	0	109	0	0	0	0	0	0
Wfs1	148.545455	0	916	0	143	0	432	143	0	0	0	0	0
Txndc17	148.545455	0	1136	0	247	0	106	145	0	0	0	0	0
Them6	148.545455	0	1227	0	0	0	139	268	0	0	0	0	0
Slc29a2	148.545455	0	1058	0	314	0	262	0	0	0	0	0	0
Rpl18	148.545455	0	901	0	387	0	215	131	0	0	0	0	0
Qrich1	148.545455	0	1030	0	339	0	84	181	0	0	0	0	0
Ipo9	148.545455	0	1156	0	302	0	176	0	0	0	0	0	0
Dyrk3	148.545455	0	961	0	477	0	196	0	0	0	0	0	0
Chuk	148.545455	0	1135	0	499	0	0	0	0	0	0	0	0
Calm1	148.545455	0	863	0	223	0	272	172	0	0	0	104	0
Armc9	148.545455	0	1049	0	0	0	421	164	0	0	0	0	0
4933427D14Rik	148.545455	0	1136	0	247	0	106	145	0	0	0	0	0
Tmem229b	148.454545	0	1036	0	385	0	86	126	0	0	0	0	0
Snn	148.454545	0	837	0	88	0	708	0	0	0	0	0	0
Sec63	148.454545	0	1027	0	138	0	468	0	0	0	0	0	0
Pdss1	148.454545	0	894	0	411	0	148	180	0	0	0	0	0
Nsmce4a	148.454545	0	1247	0	287	0	0	99	0	0	0	0	0
Nek4	148.454545	0	1255	0	98	0	131	149	0	0	0	0	0
Ndufaf1	148.454545	0	1294	0	226	0	0	113	0	0	0	0	0
Lman2l	148.454545	0	1071	0	217	0	345	0	0	0	0	0	0
H6pd	148.454545	0	799	0	168	0	514	152	0	0	0	0	0
Dck	148.454545	0	1023	0	260	0	215	135	0	0	0	0	0
Ankrd24	148.454545	0	1205	0	0	0	229	199	0	0	0	0	0
Vdac3	148.363636	0	754	0	380	0	385	113	0	0	0	0	0
Taf12	148.363636	0	1145	0	335	0	152	0	0	0	0	0	0
Sptlc1	148.363636	0	1248	0	239	0	0	145	0	0	0	0	0
Nol10	148.363636	0	1218	0	268	0	0	146	0	0	0	0	0
Kbtbd6	148.363636	0	1311	0	226	0	95	0	0	0	0	0	0
Hdac1	148.363636	0	948	0	166	0	298	220	0	0	0	0	0
Tfam	148.272727	0	864	0	260	0	397	110	0	0	0	0	0
Tcta	148.272727	0	944	0	195	0	354	138	0	0	0	0	0
Sqle	148.272727	0	769	0	203	0	659	0	0	0	0	0	0
Rpl30	148.272727	0	1026	0	295	0	106	104	0	0	0	100	0
Rhoa	148.272727	0	944	0	195	0	354	138	0	0	0	0	0
Prrc1	148.272727	0	777	0	188	0	561	105	0	0	0	0	0
Polr3h	148.272727	0	635	0	166	0	685	145	0	0	0	0	0
Mtx3	148.272727	0	1313	0	176	0	0	142	0	0	0	0	0
Zfp973	148.181818	0	1196	0	295	0	139	0	0	0	0	0	0
Tgfbrap1	148.181818	0	1059	0	249	0	175	147	0	0	0	0	0
Srr	148.181818	0	977	0	356	0	210	87	0	0	0	0	0
Smg6	148.181818	0	977	0	356	0	210	87	0	0	0	0	0
Morn2	148.181818	0	1097	0	402	0	0	131	0	0	0	0	0
Micos13	148.181818	0	852	0	603	0	175	0	0	0	0	0	0
Madd	148.181818	0	648	0	252	0	0	730	0	0	0	0	0
Gspt1	148.181818	0	1047	0	366	0	91	126	0	0	0	0	0
Dhx57	148.181818	0	1097	0	402	0	0	131	0	0	0	0	0
Cox6a1	148.181818	0	963	0	288	0	199	180	0	0	0	0	0
AI597479	148.181818	0	1059	0	249	0	175	147	0	0	0	0	0
Zfp64	148.090909	0	1379	0	250	0	0	0	0	0	0	0	0
Tex261	148.090909	0	1062	0	260	0	210	97	0	0	0	0	0
Scyl3	148.090909	0	1109	0	310	0	210	0	0	0	0	0	0
Rell2	148.090909	0	802	0	230	0	597	0	0	0	0	0	0
Pfdn5	148.090909	0	1289	0	239	0	0	101	0	0	0	0	0
Mrpl38	148.090909	0	1184	0	180	0	265	0	0	0	0	0	0
Mrpl12	148.090909	0	1098	0	170	0	274	87	0	0	0	0	0
Mapk3	148.090909	0	1008	0	240	0	206	175	0	0	0	0	0
Kif3a	148.090909	0	1443	0	0	0	108	78	0	0	0	0	0
Hdac3	148.090909	0	802	0	230	0	597	0	0	0	0	0	0
Fam210b	148.090909	0	999	0	0	0	630	0	0	0	0	0	0
Dctn3	148.090909	0	1184	0	206	0	121	118	0	0	0	0	0
Osgin2	148.000000	0	1160	0	153	0	315	0	0	0	0	0	0
Mettl23	148.000000	0	736	0	319	0	454	119	0	0	0	0	0
Gnpat	148.000000	0	1143	0	252	0	116	117	0	0	0	0	0
Faf1	148.000000	0	848	0	222	0	397	161	0	0	0	0	0
Asrgl1	148.000000	0	1277	0	351	0	0	0	0	0	0	0	0
2810004N23Rik	148.000000	0	1143	0	252	0	116	117	0	0	0	0	0
Wdr73	147.909091	0	1058	0	228	0	259	82	0	0	0	0	0
Paip2b	147.909091	0	575	0	344	0	558	150	0	0	0	0	0
Irf7	147.909091	0	1307	0	320	0	0	0	0	0	0	0	0
Ctsc	147.909091	0	1135	0	258	0	107	127	0	0	0	0	0
Cdca8	147.909091	0	910	0	332	0	135	250	0	0	0	0	0
Brox	147.909091	0	1008	0	359	0	260	0	0	0	0	0	0
Aida	147.909091	0	1008	0	359	0	260	0	0	0	0	0	0
9930104L06Rik	147.909091	0	910	0	332	0	135	250	0	0	0	0	0
Pwp1	147.818182	0	1262	0	188	0	84	92	0	0	0	0	0
Mdm1	147.818182	0	472	0	205	0	815	134	0	0	0	0	0
Lactb2	147.818182	0	1203	0	423	0	0	0	0	0	0	0	0
Hnrnph1	147.818182	0	953	0	321	0	183	169	0	0	0	0	0
Tysnd1	147.727273	0	1137	0	176	0	183	129	0	0	0	0	0
Trak2	147.727273	0	1073	0	210	0	184	158	0	0	0	0	0
Tex2	147.727273	0	942	0	212	0	471	0	0	0	0	0	0
Spata5	147.727273	0	705	0	264	0	402	254	0	0	0	0	0
Rraga	147.727273	0	966	0	303	0	229	127	0	0	0	0	0
Paox	147.727273	0	683	0	182	0	760	0	0	0	0	0	0
Mapk8	147.727273	0	834	0	149	0	642	0	0	0	0	0	0
H2aw	147.727273	0	841	0	149	0	450	185	0	0	0	0	0
Faap24	147.727273	0	1210	0	271	0	144	0	0	0	0	0	0
Eif4a3	147.727273	0	1179	0	133	0	169	144	0	0	0	0	0
Coq8b	147.727273	0	892	0	287	0	348	98	0	0	0	0	0
Vac14	147.636364	0	973	0	216	0	336	99	0	0	0	0	0
Sec61a2	147.636364	0	896	0	97	0	462	169	0	0	0	0	0
Rbm34	147.636364	0	1188	0	252	0	184	0	0	0	0	0	0
Pdzd11	147.636364	0	906	0	322	0	259	137	0	0	0	0	0
Mrps18a	147.636364	0	1340	0	167	0	0	117	0	0	0	0	0
Mis18bp1	147.636364	0	1537	0	0	0	0	87	0	0	0	0	0
Kif4	147.636364	0	906	0	322	0	259	137	0	0	0	0	0
Drg1	147.636364	0	1069	0	259	0	195	101	0	0	0	0	0
Ctsl	147.636364	0	1019	0	435	0	170	0	0	0	0	0	0
Arid3b	147.636364	0	816	0	407	0	252	149	0	0	0	0	0
Ankrd11	147.636364	0	840	0	121	0	479	184	0	0	0	0	0
Vipas39	147.545455	0	1020	0	491	0	0	112	0	0	0	0	0
Tmem175	147.545455	0	964	0	348	0	119	192	0	0	0	0	0
Supt6	147.545455	0	1125	0	297	0	78	123	0	0	0	0	0
Sdf2	147.545455	0	1125	0	297	0	78	123	0	0	0	0	0
Nipa2	147.545455	0	993	0	294	0	167	169	0	0	0	0	0
Lcorl	147.545455	0	1103	0	262	0	129	129	0	0	0	0	0
Gak	147.545455	0	964	0	348	0	119	192	0	0	0	0	0
Ddx42	147.545455	0	896	0	346	0	203	178	0	0	0	0	0
Ccni	147.545455	0	999	0	380	0	0	244	0	0	0	0	0
Ahsa1	147.545455	0	1020	0	491	0	0	112	0	0	0	0	0
Acox3	147.545455	0	1087	0	255	0	281	0	0	0	0	0	0
2010109A12Rik	147.545455	0	999	0	380	0	0	244	0	0	0	0	0
Zswim4	147.454545	0	876	0	154	0	381	211	0	0	0	0	0
Zfp286	147.454545	0	1064	0	246	0	194	118	0	0	0	0	0
Tusc3	147.454545	0	1067	0	281	0	128	146	0	0	0	0	0
Tufm	147.454545	0	888	0	179	0	370	86	0	0	0	99	0
Spdl1	147.454545	0	1231	0	391	0	0	0	0	0	0	0	0
Slx1b	147.454545	0	1124	0	0	0	498	0	0	0	0	0	0
Pgm2	147.454545	0	1099	0	176	0	347	0	0	0	0	0	0
Nf1	147.454545	0	1151	0	150	0	126	195	0	0	0	0	0
Cisd2	147.454545	0	1123	0	408	0	0	91	0	0	0	0	0
Ccdc62	147.454545	0	1068	0	178	0	266	110	0	0	0	0	0
Bola2	147.454545	0	1124	0	0	0	498	0	0	0	0	0	0
Ubtd1	147.363636	0	910	0	305	0	406	0	0	0	0	0	0
Tasor2	147.363636	0	1006	0	477	0	0	138	0	0	0	0	0
Mms19	147.363636	0	910	0	305	0	406	0	0	0	0	0	0
Gbp7	147.363636	0	1144	0	390	0	0	0	0	0	87	0	0
Ap3b1	147.363636	0	1079	0	376	0	0	166	0	0	0	0	0
Zfp120	147.272727	0	1148	0	325	0	0	147	0	0	0	0	0
Tpd52	147.272727	0	1245	0	375	0	0	0	0	0	0	0	0
C2cd2l	147.272727	0	915	0	129	0	464	112	0	0	0	0	0
Upf3b	147.181818	0	1045	0	488	0	86	0	0	0	0	0	0
Tbk1	147.181818	0	1226	0	393	0	0	0	0	0	0	0	0
Surf6	147.181818	0	1065	0	195	0	239	120	0	0	0	0	0
Lbh	147.181818	0	767	0	101	0	287	338	0	0	0	126	0
Kin	147.181818	0	1098	0	318	0	203	0	0	0	0	0	0
Ddx1	147.181818	0	1366	0	253	0	0	0	0	0	0	0	0
Atp5c1	147.181818	0	1098	0	318	0	203	0	0	0	0	0	0
Vti1b	147.090909	0	1208	0	164	0	135	111	0	0	0	0	0
Srp72	147.090909	0	1184	0	261	0	0	173	0	0	0	0	0
Slc39a1	147.090909	0	1350	0	268	0	0	0	0	0	0	0	0
Phf1	147.090909	0	1379	0	146	0	93	0	0	0	0	0	0
Fam8a1	147.090909	0	822	0	446	0	189	161	0	0	0	0	0
Ddx21	147.090909	0	1154	0	303	0	0	161	0	0	0	0	0
Bzw1	147.090909	0	687	0	183	0	113	635	0	0	0	0	0
Zfp622	147.000000	0	952	0	290	0	251	124	0	0	0	0	0
Zfp53	147.000000	0	857	0	312	0	298	150	0	0	0	0	0
Tnfsf9	147.000000	0	1264	0	353	0	0	0	0	0	0	0	0
Tatdn3	147.000000	0	1103	0	259	0	110	145	0	0	0	0	0
Rfx5	147.000000	0	1207	0	295	0	0	115	0	0	0	0	0
Nsl1	147.000000	0	1103	0	259	0	110	145	0	0	0	0	0
Uqcc3	146.909091	0	1344	0	272	0	0	0	0	0	0	0	0
Tmem126a	146.909091	0	1024	0	228	0	199	165	0	0	0	0	0
Rab7	146.909091	0	1129	0	259	0	228	0	0	0	0	0	0
Pbxip1	146.909091	0	1179	0	212	0	0	225	0	0	0	0	0
Nmnat1	146.909091	0	1245	0	371	0	0	0	0	0	0	0	0
Ncoa3	146.909091	0	975	0	426	0	215	0	0	0	0	0	0
Naca	146.909091	0	869	0	301	0	321	125	0	0	0	0	0
Lzic	146.909091	0	1245	0	371	0	0	0	0	0	0	0	0
Cox18	146.909091	0	977	0	0	0	332	307	0	0	0	0	0
Wdr13	146.818182	0	1309	0	164	0	0	142	0	0	0	0	0
Vps13c	146.818182	0	1349	0	266	0	0	0	0	0	0	0	0
Tmem198	146.818182	0	794	0	0	0	587	234	0	0	0	0	0
Slc25a12	146.818182	0	1106	0	240	0	102	167	0	0	0	0	0
Senp3	146.818182	0	903	0	224	0	488	0	0	0	0	0	0
Rpia	146.818182	0	835	0	284	0	350	146	0	0	0	0	0
Pon2	146.818182	0	1235	0	308	0	0	72	0	0	0	0	0
Hic2	146.818182	0	807	0	132	0	676	0	0	0	0	0	0
Gpcpd1	146.818182	0	912	0	261	0	442	0	0	0	0	0	0
Chpf	146.818182	0	794	0	0	0	587	234	0	0	0	0	0
Ccdc30	146.818182	0	843	0	163	0	343	266	0	0	0	0	0
Caap1	146.818182	0	1108	0	0	0	217	290	0	0	0	0	0
Als2	146.818182	0	775	0	244	0	465	131	0	0	0	0	0
Tpgs2	146.727273	0	1047	0	295	0	272	0	0	0	0	0	0
Taok3	146.727273	0	781	0	296	0	537	0	0	0	0	0	0
Pdia6	146.727273	0	1080	0	302	0	232	0	0	0	0	0	0
Eif2s2	146.727273	0	1220	0	246	0	0	148	0	0	0	0	0
Ebpl	146.727273	0	1016	0	150	0	350	98	0	0	0	0	0
AW554918	146.727273	0	1047	0	295	0	272	0	0	0	0	0	0
Sf3a1	146.636364	0	1141	0	212	0	105	155	0	0	0	0	0
Ptcd1	146.636364	0	1002	0	205	0	297	109	0	0	0	0	0
Oat	146.636364	0	1145	0	176	0	173	119	0	0	0	0	0
Hint1	146.636364	0	1199	0	161	0	109	144	0	0	0	0	0
Cpsf4	146.636364	0	1002	0	205	0	297	109	0	0	0	0	0
Ccdc157	146.636364	0	1141	0	212	0	105	155	0	0	0	0	0
Zfp182	146.545455	0	1120	0	492	0	0	0	0	0	0	0	0
Tcerg1	146.545455	0	1343	0	152	0	0	117	0	0	0	0	0
Srrm1	146.545455	0	1010	0	237	0	365	0	0	0	0	0	0
Serf2	146.545455	0	792	0	170	0	566	84	0	0	0	0	0
Rab11a	146.545455	0	1165	0	312	0	0	135	0	0	0	0	0
Ppm1f	146.545455	0	1218	0	197	0	197	0	0	0	0	0	0
Pdp1	146.545455	0	1047	0	210	0	261	94	0	0	0	0	0
Pdk2	146.545455	0	977	0	222	0	281	132	0	0	0	0	0
Vdac1	146.454545	0	924	0	158	0	376	153	0	0	0	0	0
Timm9	146.454545	0	1099	0	388	0	0	124	0	0	0	0	0
Snd1	146.454545	0	883	0	196	0	397	135	0	0	0	0	0
Rrp1b	146.454545	0	1068	0	231	0	129	183	0	0	0	0	0
Get3	146.454545	0	792	0	219	0	0	600	0	0	0	0	0
Ankrd10	146.454545	0	913	0	141	0	333	224	0	0	0	0	0
2700049A03Rik	146.454545	0	1099	0	388	0	0	124	0	0	0	0	0
Ppp2r1b	146.363636	0	1096	0	152	0	362	0	0	0	0	0	0
Pigs	146.363636	0	1056	0	247	0	307	0	0	0	0	0	0
Nfyc	146.363636	0	1017	0	271	0	127	195	0	0	0	0	0
Kif22	146.363636	0	1271	0	177	0	162	0	0	0	0	0	0
Gne	146.363636	0	1115	0	235	0	134	126	0	0	0	0	0
Dynlt1f	146.363636	0	648	0	173	0	611	178	0	0	0	0	0
Dynlt1c	146.363636	0	648	0	173	0	611	178	0	0	0	0	0
Clk1	146.363636	0	1222	0	228	0	160	0	0	0	0	0	0
Cers5	146.363636	0	977	0	239	0	394	0	0	0	0	0	0
Arih1	146.363636	0	686	0	418	0	285	221	0	0	0	0	0
Tmem29	146.272727	0	1013	0	394	0	0	202	0	0	0	0	0
Thoc6	146.272727	0	1291	0	227	0	91	0	0	0	0	0	0
Scaf4	146.272727	0	878	0	201	0	530	0	0	0	0	0	0
Nfrkb	146.272727	0	879	0	391	0	339	0	0	0	0	0	0
Mettl8	146.272727	0	1024	0	214	0	252	119	0	0	0	0	0
Kpnb1	146.272727	0	858	0	393	0	227	131	0	0	0	0	0
Hcfc1r1	146.272727	0	1291	0	227	0	91	0	0	0	0	0	0
Dcaf17	146.272727	0	1024	0	214	0	252	119	0	0	0	0	0
Crls1	146.272727	0	1298	0	186	0	0	125	0	0	0	0	0
Tmem256	146.181818	0	785	0	0	0	712	111	0	0	0	0	0
Rasa1	146.181818	0	726	0	585	0	174	123	0	0	0	0	0
Nlgn2	146.181818	0	785	0	0	0	712	111	0	0	0	0	0
Fam13b	146.181818	0	962	0	273	0	227	146	0	0	0	0	0
Cmpk1	146.181818	0	1082	0	389	0	0	137	0	0	0	0	0
Wdr1	146.090909	0	839	0	290	0	350	128	0	0	0	0	0
Uqcrfs1	146.090909	0	1063	0	202	0	196	146	0	0	0	0	0
Taok1	146.090909	0	979	0	249	0	263	116	0	0	0	0	0
Scnm1	146.090909	0	990	0	215	0	285	117	0	0	0	0	0
Ripk3	146.090909	0	1261	0	346	0	0	0	0	0	0	0	0
Rbm26	146.090909	0	1091	0	345	0	0	171	0	0	0	0	0
Lysmd1	146.090909	0	990	0	215	0	285	117	0	0	0	0	0
Exoc6b	146.090909	0	1007	0	264	0	176	160	0	0	0	0	0
C1galt1c1	146.090909	0	996	0	217	0	192	202	0	0	0	0	0
Atxn3	146.090909	0	1078	0	267	0	262	0	0	0	0	0	0
Zdhhc12	146.000000	0	1152	0	207	0	247	0	0	0	0	0	0
Txndc16	146.000000	0	833	0	529	0	244	0	0	0	0	0	0
Mtmr9	146.000000	0	969	0	380	0	81	176	0	0	0	0	0
Meaf6	146.000000	0	1119	0	280	0	207	0	0	0	0	0	0
Gtpbp8	146.000000	0	1137	0	300	0	169	0	0	0	0	0	0
Gpr137c	146.000000	0	833	0	529	0	244	0	0	0	0	0	0
Dhx30	146.000000	0	1302	0	304	0	0	0	0	0	0	0	0
Trim34a	145.909091	0	1224	0	381	0	0	0	0	0	0	0	0
Saxo2	145.909091	0	1034	0	418	0	0	153	0	0	0	0	0
Rpl24	145.909091	0	1003	0	275	0	178	149	0	0	0	0	0
Ppil3	145.909091	0	1151	0	222	0	126	106	0	0	0	0	0
Nif3l1	145.909091	0	1151	0	222	0	126	106	0	0	0	0	0
Nfat5	145.909091	0	953	0	209	0	347	96	0	0	0	0	0
Klhdc9	145.909091	0	1194	0	210	0	114	87	0	0	0	0	0
Efl1	145.909091	0	1034	0	418	0	0	153	0	0	0	0	0
Bloc1s2	145.909091	0	1157	0	224	0	108	116	0	0	0	0	0
Zswim9	145.818182	0	1311	0	177	0	0	116	0	0	0	0	0
Stard5	145.818182	0	867	0	0	0	737	0	0	0	0	0	0
Mob1a	145.818182	0	995	0	258	0	160	191	0	0	0	0	0
Lig1	145.818182	0	1311	0	177	0	0	116	0	0	0	0	0
Kif13b	145.818182	0	1420	0	184	0	0	0	0	0	0	0	0
Chfr	145.818182	0	1053	0	253	0	197	101	0	0	0	0	0
Tfrc	145.727273	0	709	0	292	0	385	217	0	0	0	0	0
Rfx1	145.727273	0	998	0	141	0	323	141	0	0	0	0	0
Zfp184	145.636364	0	1062	0	260	0	280	0	0	0	0	0	0
Tmx3	145.636364	0	959	0	551	0	0	92	0	0	0	0	0
Stpg2	145.636364	0	1143	0	181	0	189	89	0	0	0	0	0
Rgl1	145.636364	0	867	0	165	0	346	224	0	0	0	0	0
Rab5b	145.636364	0	959	0	100	0	398	145	0	0	0	0	0
Neurl4	145.636364	0	889	0	192	0	317	204	0	0	0	0	0
Mfsd1	145.636364	0	1240	0	217	0	0	145	0	0	0	0	0
Immp1l	145.636364	0	1171	0	343	0	0	88	0	0	0	0	0
Gpatch2l	145.636364	0	923	0	264	0	263	152	0	0	0	0	0
Elp4	145.636364	0	1171	0	343	0	0	88	0	0	0	0	0
Cfap298	145.636364	0	959	0	135	0	388	120	0	0	0	0	0
Bcl7b	145.636364	0	1025	0	151	0	285	141	0	0	0	0	0
Atp5j2	145.636364	0	1170	0	306	0	126	0	0	0	0	0	0
Arpc5	145.636364	0	867	0	165	0	346	224	0	0	0	0	0
Alkbh5	145.636364	0	873	0	216	0	286	227	0	0	0	0	0
2810408A11Rik	145.636364	0	889	0	192	0	317	204	0	0	0	0	0
Tulp3	145.545455	0	887	0	211	0	373	130	0	0	0	0	0
Trim24	145.545455	0	734	0	193	0	674	0	0	0	0	0	0
Tmem18	145.545455	0	1309	0	292	0	0	0	0	0	0	0	0
Kctd2	145.545455	0	1051	0	232	0	160	158	0	0	0	0	0
Ipo13	145.545455	0	1174	0	348	0	0	79	0	0	0	0	0
Fam174c	145.545455	0	1243	0	183	0	175	0	0	0	0	0	0
Edem2	145.545455	0	1205	0	113	0	194	89	0	0	0	0	0
Dhcr24	145.545455	0	936	0	155	0	258	252	0	0	0	0	0
Cd200	145.545455	0	1217	0	384	0	0	0	0	0	0	0	0
Atp5h	145.545455	0	1051	0	232	0	160	158	0	0	0	0	0
Atp5g3	145.545455	0	897	0	402	0	178	124	0	0	0	0	0
Vps35	145.454545	0	1162	0	364	0	74	0	0	0	0	0	0
Polrmt	145.454545	0	1263	0	194	0	143	0	0	0	0	0	0
Orc6	145.454545	0	1162	0	364	0	74	0	0	0	0	0	0
Dph5	145.454545	0	976	0	373	0	77	174	0	0	0	0	0
Ubr1	145.363636	0	989	0	473	0	0	137	0	0	0	0	0
Rhot2	145.363636	0	1135	0	182	0	282	0	0	0	0	0	0
Pcbp2	145.363636	0	1149	0	239	0	211	0	0	0	0	0	0
Herc2	145.363636	0	857	0	321	0	255	166	0	0	0	0	0
Dhx33	145.363636	0	975	0	213	0	247	164	0	0	0	0	0
Ddx17	145.363636	0	887	0	225	0	330	157	0	0	0	0	0
Acap2	145.363636	0	822	0	264	0	513	0	0	0	0	0	0
Zfp90	145.272727	0	1181	0	0	0	208	209	0	0	0	0	0
Traf3ip1	145.272727	0	980	0	270	0	348	0	0	0	0	0	0
Ppox	145.272727	0	1121	0	317	0	160	0	0	0	0	0	0
Pik3r4	145.272727	0	1479	0	119	0	0	0	0	0	0	0	0
C1qbp	145.272727	0	1220	0	237	0	141	0	0	0	0	0	0
Zfp40	145.181818	0	1244	0	353	0	0	0	0	0	0	0	0
Htra2	145.181818	0	880	0	164	0	361	192	0	0	0	0	0
Cplane1	145.181818	0	934	0	323	0	340	0	0	0	0	0	0
Acp1	145.181818	0	1230	0	367	0	0	0	0	0	0	0	0
Tbc1d15	145.090909	0	869	0	267	0	335	125	0	0	0	0	0
Slc35b3	145.090909	0	1182	0	125	0	170	119	0	0	0	0	0
Sec22c	145.090909	0	1202	0	242	0	0	152	0	0	0	0	0
Pard6a	145.090909	0	1150	0	179	0	133	134	0	0	0	0	0
Dusp5	145.090909	0	590	0	130	0	723	153	0	0	0	0	0
Cdk20	145.090909	0	1086	0	221	0	133	156	0	0	0	0	0
Calr	145.090909	0	894	0	217	0	341	144	0	0	0	0	0
Acd	145.090909	0	1150	0	179	0	133	134	0	0	0	0	0
Zmynd12	145.000000	0	934	0	222	0	354	85	0	0	0	0	0
Zfp106	145.000000	0	969	0	275	0	351	0	0	0	0	0	0
Ttc32	145.000000	0	1126	0	233	0	0	236	0	0	0	0	0
Tmem222	145.000000	0	1025	0	232	0	199	139	0	0	0	0	0
Tcf25	145.000000	0	1071	0	130	0	228	166	0	0	0	0	0
Swap70	145.000000	0	1212	0	289	0	94	0	0	0	0	0	0
Ppcs	145.000000	0	934	0	222	0	354	85	0	0	0	0	0
Mrps24	145.000000	0	1143	0	192	0	260	0	0	0	0	0	0
Mob1b	145.000000	0	1115	0	294	0	95	91	0	0	0	0	0
Hexb	145.000000	0	1240	0	0	0	282	73	0	0	0	0	0
Dhx16	145.000000	0	1108	0	107	0	163	217	0	0	0	0	0
Cherp	145.000000	0	989	0	131	0	215	260	0	0	0	0	0
Aqr	145.000000	0	1201	0	280	0	114	0	0	0	0	0	0
Yipf6	144.909091	0	986	0	477	0	131	0	0	0	0	0	0
Psd	144.909091	0	1212	0	0	0	114	268	0	0	0	0	0
Prpf4b	144.909091	0	857	0	563	0	174	0	0	0	0	0	0
Ppp3cb	144.909091	0	1084	0	234	0	157	119	0	0	0	0	0
Phkg2	144.909091	0	932	0	244	0	289	129	0	0	0	0	0
Mknk2	144.909091	0	649	0	200	0	605	140	0	0	0	0	0
Kif18a	144.909091	0	954	0	280	0	199	161	0	0	0	0	0
Cox5a	144.909091	0	771	0	262	0	364	197	0	0	0	0	0
Atp5l	144.909091	0	992	0	251	0	0	351	0	0	0	0	0
Zfp668	144.818182	0	939	0	305	0	147	202	0	0	0	0	0
Zfp646	144.818182	0	939	0	305	0	147	202	0	0	0	0	0
Srsf11	144.818182	0	927	0	374	0	174	118	0	0	0	0	0
Rnf20	144.818182	0	1168	0	306	0	119	0	0	0	0	0	0
Rbm6	144.818182	0	929	0	394	0	163	107	0	0	0	0	0
Pea15a	144.818182	0	1334	0	259	0	0	0	0	0	0	0	0
Mettl6	144.818182	0	1151	0	442	0	0	0	0	0	0	0	0
Lsm10	144.818182	0	969	0	174	0	348	102	0	0	0	0	0
Lrrc40	144.818182	0	927	0	374	0	174	118	0	0	0	0	0
Gm10130	144.818182	0	1205	0	388	0	0	0	0	0	0	0	0
Eaf1	144.818182	0	1151	0	442	0	0	0	0	0	0	0	0
Agl	144.818182	0	660	0	189	0	539	205	0	0	0	0	0
Wdr12	144.727273	0	923	0	440	0	134	95	0	0	0	0	0
Mrm1	144.727273	0	956	0	285	0	240	111	0	0	0	0	0
Carf	144.727273	0	923	0	440	0	134	95	0	0	0	0	0
Ubxn11	144.636364	0	1324	0	0	0	267	0	0	0	0	0	0
Tmem86a	144.636364	0	752	0	184	0	578	77	0	0	0	0	0
Spata13	144.636364	0	1238	0	174	0	0	179	0	0	0	0	0
Sike1	144.636364	0	1472	0	0	0	0	119	0	0	0	0	0
Senp5	144.636364	0	935	0	263	0	250	143	0	0	0	0	0
Nfkbia	144.636364	0	780	0	323	0	201	287	0	0	0	0	0
Gm6710	144.636364	0	1134	0	320	0	137	0	0	0	0	0	0
Gm14391	144.636364	0	1134	0	320	0	137	0	0	0	0	0	0
Eif4a1	144.636364	0	1006	0	0	0	440	145	0	0	0	0	0
Ccdc134	144.636364	0	1068	0	230	0	169	124	0	0	0	0	0
Abca7	144.636364	0	795	0	275	0	521	0	0	0	0	0	0
Washc1	144.545455	0	1013	0	158	0	279	140	0	0	0	0	0
Vps4b	144.545455	0	1029	0	168	0	250	143	0	0	0	0	0
Ublcp1	144.545455	0	989	0	380	0	106	115	0	0	0	0	0
Slc30a5	144.545455	0	872	0	247	0	329	142	0	0	0	0	0
Prorp	144.545455	0	1012	0	414	0	91	73	0	0	0	0	0
Man1c1	144.545455	0	359	0	0	0	1058	173	0	0	0	0	0
Hdac4	144.545455	0	1013	0	225	0	352	0	0	0	0	0	0
Dnajc13	144.545455	0	932	0	178	0	480	0	0	0	0	0	0
Adi1	144.545455	0	1310	0	280	0	0	0	0	0	0	0	0
Trim27	144.454545	0	927	0	246	0	225	191	0	0	0	0	0
Ticam1	144.454545	0	1058	0	180	0	225	126	0	0	0	0	0
Sucla2	144.454545	0	1173	0	89	0	220	107	0	0	0	0	0
Polb	144.454545	0	1164	0	325	0	0	100	0	0	0	0	0
Nek8	144.454545	0	1050	0	215	0	324	0	0	0	0	0	0
Casp6	144.454545	0	1258	0	228	0	103	0	0	0	0	0	0
Acsl1	144.454545	0	592	0	0	0	997	0	0	0	0	0	0
Trappc1	144.363636	0	868	0	137	0	454	129	0	0	0	0	0
Rgl2	144.363636	0	637	0	162	0	613	176	0	0	0	0	0
Prorsd1	144.363636	0	1119	0	469	0	0	0	0	0	0	0	0
Pnrc1	144.363636	0	734	0	0	0	726	128	0	0	0	0	0
Osbpl8	144.363636	0	830	0	204	0	554	0	0	0	0	0	0
Nipal1	144.363636	0	1102	0	371	0	0	115	0	0	0	0	0
Ngly1	144.363636	0	1070	0	273	0	113	132	0	0	0	0	0
Hs1bp3	144.363636	0	1289	0	206	0	93	0	0	0	0	0	0
Dguok	144.363636	0	1110	0	0	0	249	229	0	0	0	0	0
Cntrob	144.363636	0	868	0	137	0	454	129	0	0	0	0	0
Park7	144.272727	0	1049	0	0	0	331	207	0	0	0	0	0
Mfsd9	144.272727	0	1027	0	298	0	262	0	0	0	0	0	0
Ehd4	144.272727	0	964	0	331	0	292	0	0	0	0	0	0
B3gat3	144.272727	0	1104	0	344	0	139	0	0	0	0	0	0
Znrd1as	144.181818	0	1011	0	252	0	147	176	0	0	0	0	0
Znrd1	144.181818	0	1011	0	252	0	147	176	0	0	0	0	0
Zc3h11a	144.181818	0	1051	0	323	0	138	74	0	0	0	0	0
Zbed6	144.181818	0	1051	0	323	0	138	74	0	0	0	0	0
Wdr4	144.181818	0	1103	0	130	0	153	200	0	0	0	0	0
Tnfrsf22	144.181818	0	944	0	347	0	186	109	0	0	0	0	0
Scly	144.181818	0	1193	0	224	0	169	0	0	0	0	0	0
Med28	144.181818	0	1293	0	293	0	0	0	0	0	0	0	0
Med17	144.181818	0	1021	0	291	0	97	177	0	0	0	0	0
Zfp84	144.090909	0	1239	0	346	0	0	0	0	0	0	0	0
Zfp639	144.090909	0	715	0	241	0	629	0	0	0	0	0	0
Trappc10	144.090909	0	893	0	390	0	219	83	0	0	0	0	0
Tmtc4	144.090909	0	1051	0	245	0	146	143	0	0	0	0	0
Sod1	144.090909	0	848	0	320	0	278	139	0	0	0	0	0
Smc2	144.090909	0	1156	0	188	0	103	138	0	0	0	0	0
Rpl9	144.090909	0	908	0	265	0	267	145	0	0	0	0	0
Psmb3	144.090909	0	994	0	374	0	217	0	0	0	0	0	0
Lias	144.090909	0	908	0	265	0	267	145	0	0	0	0	0
Gpank1	144.090909	0	890	0	194	0	395	106	0	0	0	0	0
Ddx27	144.090909	0	1116	0	223	0	246	0	0	0	0	0	0
Csnk2b	144.090909	0	890	0	194	0	395	106	0	0	0	0	0
Ate1	144.090909	0	1059	0	264	0	160	102	0	0	0	0	0
Api5	144.090909	0	961	0	177	0	339	108	0	0	0	0	0
Stx4a	144.000000	0	1145	0	340	0	0	99	0	0	0	0	0
Rprd1a	144.000000	0	1225	0	178	0	181	0	0	0	0	0	0
Rnf138	144.000000	0	789	0	315	0	480	0	0	0	0	0	0
Pinx1	144.000000	0	1246	0	190	0	0	148	0	0	0	0	0
Neil1	144.000000	0	1061	0	193	0	182	148	0	0	0	0	0
Mrps21	144.000000	0	1073	0	288	0	98	125	0	0	0	0	0
Gm2004	144.000000	0	1113	0	281	0	190	0	0	0	0	0	0
Fut10	144.000000	0	900	0	167	0	170	347	0	0	0	0	0
Eps15l1	144.000000	0	903	0	119	0	446	116	0	0	0	0	0
Eif3a	144.000000	0	983	0	230	0	185	186	0	0	0	0	0
Ebna1bp2	144.000000	0	1178	0	287	0	119	0	0	0	0	0	0
Cfap57	144.000000	0	1178	0	287	0	119	0	0	0	0	0	0
Abhd8	144.000000	0	865	0	266	0	343	110	0	0	0	0	0
Zfp219	143.909091	0	774	0	203	0	0	606	0	0	0	0	0
Stmn1	143.909091	0	714	0	101	0	365	191	0	0	0	212	0
Smn1	143.909091	0	1207	0	251	0	0	125	0	0	0	0	0
Ddost	143.909091	0	1039	0	0	0	428	116	0	0	0	0	0
Arhgef39	143.909091	0	850	0	0	0	626	107	0	0	0	0	0
Trp53inp2	143.818182	0	1122	0	185	0	275	0	0	0	0	0	0
Smim12	143.818182	0	1328	0	0	0	169	85	0	0	0	0	0
Slc30a9	143.818182	0	954	0	357	0	271	0	0	0	0	0	0
Sipa1	143.818182	0	1024	0	227	0	211	120	0	0	0	0	0
Naa20	143.818182	0	1141	0	151	0	145	145	0	0	0	0	0
Mettl4	143.818182	0	1186	0	304	0	0	92	0	0	0	0	0
Med15	143.818182	0	1348	0	234	0	0	0	0	0	0	0	0
Lrwd1	143.818182	0	927	0	301	0	221	133	0	0	0	0	0
Cyren	143.818182	0	1002	0	179	0	268	133	0	0	0	0	0
Cdkl2	143.818182	0	1182	0	400	0	0	0	0	0	0	0	0
Alkbh4	143.818182	0	927	0	301	0	221	133	0	0	0	0	0
Txnl1	143.727273	0	961	0	362	0	108	150	0	0	0	0	0
Tmem183a	143.727273	0	1039	0	214	0	111	217	0	0	0	0	0
Spsb3	143.727273	0	1158	0	239	0	184	0	0	0	0	0	0
Nubp2	143.727273	0	1158	0	239	0	184	0	0	0	0	0	0
Clns1a	143.727273	0	1001	0	320	0	146	114	0	0	0	0	0
Hnrnpa1	143.636364	0	843	0	298	0	295	144	0	0	0	0	0
Hmgcl	143.636364	0	990	0	299	0	291	0	0	0	0	0	0
Castor2	143.636364	0	1193	0	182	0	0	205	0	0	0	0	0
Timm17b	143.545455	0	745	0	263	0	0	571	0	0	0	0	0
Pqbp1	143.545455	0	745	0	263	0	0	571	0	0	0	0	0
Jrk	143.545455	0	1303	0	146	0	0	130	0	0	0	0	0
Fbxo7	143.545455	0	1334	0	245	0	0	0	0	0	0	0	0
Ctss	143.545455	0	1065	0	514	0	0	0	0	0	0	0	0
Bptf	143.545455	0	1102	0	290	0	187	0	0	0	0	0	0
Zc3h15	143.454545	0	765	0	349	0	264	200	0	0	0	0	0
Strn	143.454545	0	886	0	254	0	438	0	0	0	0	0	0
Gm13212	143.454545	0	1190	0	388	0	0	0	0	0	0	0	0
Dus3l	143.454545	0	1263	0	315	0	0	0	0	0	0	0	0
Dhrs7	143.454545	0	991	0	244	0	103	240	0	0	0	0	0
Abracl	143.454545	0	1314	0	264	0	0	0	0	0	0	0	0
Rpl23a	143.363636	0	1242	0	207	0	128	0	0	0	0	0	0
Ctnna3	143.363636	0	1187	0	218	0	0	111	0	0	0	61	0
Atp6v0d1	143.363636	0	837	0	224	0	354	162	0	0	0	0	0
Trmo	143.272727	0	1036	0	190	0	0	268	0	0	0	82	0
Plekha1	143.272727	0	1113	0	135	0	328	0	0	0	0	0	0
Utp3	143.181818	0	1128	0	307	0	140	0	0	0	0	0	0
Rock1	143.181818	0	878	0	329	0	368	0	0	0	0	0	0
Rnps1	143.181818	0	946	0	313	0	164	152	0	0	0	0	0
Prim2	143.181818	0	1099	0	361	0	115	0	0	0	0	0	0
Phkb	143.181818	0	1020	0	317	0	99	139	0	0	0	0	0
Mrto4	143.181818	0	1092	0	268	0	120	95	0	0	0	0	0
Itfg1	143.181818	0	1020	0	317	0	99	139	0	0	0	0	0
Emc1	143.181818	0	1092	0	268	0	120	95	0	0	0	0	0
Cds2	143.181818	0	986	0	325	0	264	0	0	0	0	0	0
Togaram1	143.090909	0	861	0	298	0	267	148	0	0	0	0	0
Ssr2	143.090909	0	1218	0	168	0	188	0	0	0	0	0	0
Smap1	143.090909	0	1065	0	218	0	291	0	0	0	0	0	0
Slc25a28	143.090909	0	713	0	272	0	481	108	0	0	0	0	0
Klhl28	143.090909	0	861	0	298	0	267	148	0	0	0	0	0
Gnai2	143.090909	0	578	0	240	0	756	0	0	0	0	0	0
Gm5617	143.090909	0	1119	0	326	0	0	129	0	0	0	0	0
Fignl1	143.090909	0	1096	0	310	0	0	168	0	0	0	0	0
Dkc1	143.090909	0	766	0	464	0	253	91	0	0	0	0	0
Ddi2	143.090909	0	860	0	186	0	402	126	0	0	0	0	0
Thoc5	143.000000	0	1166	0	253	0	0	154	0	0	0	0	0
Synj2bp	143.000000	0	1203	0	370	0	0	0	0	0	0	0	0
Rab5a	143.000000	0	833	0	243	0	342	155	0	0	0	0	0
Gm20498	143.000000	0	1203	0	370	0	0	0	0	0	0	0	0
1810009A15Rik	143.000000	0	990	0	299	0	143	141	0	0	0	0	0
Vps33b	142.909091	0	1132	0	236	0	204	0	0	0	0	0	0
Afmid	142.909091	0	1223	0	110	0	239	0	0	0	0	0	0
Tmem245	142.818182	0	858	0	108	0	507	98	0	0	0	0	0
Tatdn2	142.818182	0	775	0	147	0	454	195	0	0	0	0	0
Shc1	142.818182	0	1080	0	278	0	213	0	0	0	0	0	0
Ptpn18	142.818182	0	1293	0	278	0	0	0	0	0	0	0	0
Hmgcr	142.818182	0	767	0	430	0	247	127	0	0	0	0	0
Ctbp1	142.818182	0	1143	0	192	0	115	121	0	0	0	0	0
Wdr82	142.727273	0	1104	0	466	0	0	0	0	0	0	0	0
Stx8	142.727273	0	1211	0	275	0	0	84	0	0	0	0	0
Mapk9	142.727273	0	908	0	142	0	433	87	0	0	0	0	0
Kansl1	142.727273	0	845	0	476	0	153	96	0	0	0	0	0
Dock9	142.727273	0	781	0	202	0	421	166	0	0	0	0	0
Dgat1	142.727273	0	702	0	137	0	538	193	0	0	0	0	0
Cfap52	142.727273	0	1211	0	275	0	0	84	0	0	0	0	0
Zkscan14	142.636364	0	1189	0	380	0	0	0	0	0	0	0	0
Vapa	142.636364	0	797	0	363	0	268	141	0	0	0	0	0
Tmcc1	142.636364	0	729	0	373	0	352	115	0	0	0	0	0
Stip1	142.636364	0	756	0	242	0	421	150	0	0	0	0	0
Rpf1	142.636364	0	1154	0	136	0	160	119	0	0	0	0	0
Rbm39	142.636364	0	760	0	374	0	161	274	0	0	0	0	0
Npm1	142.636364	0	906	0	205	0	208	171	0	0	0	79	0
Elof1	142.636364	0	1147	0	159	0	140	123	0	0	0	0	0
Diaph1	142.636364	0	906	0	203	0	206	254	0	0	0	0	0
Chd4	142.636364	0	577	0	0	0	148	844	0	0	0	0	0
Bnip2	142.636364	0	998	0	210	0	203	158	0	0	0	0	0
Anxa11	142.636364	0	1245	0	324	0	0	0	0	0	0	0	0
Tmem192	142.545455	0	1056	0	165	0	226	121	0	0	0	0	0
Gnb1l	142.545455	0	973	0	152	0	277	166	0	0	0	0	0
Dync1h1	142.545455	0	1001	0	123	0	444	0	0	0	0	0	0
Clk4	142.545455	0	1075	0	211	0	282	0	0	0	0	0	0
BC049762	142.545455	0	1075	0	211	0	282	0	0	0	0	0	0
Arl14ep	142.545455	0	996	0	375	0	0	197	0	0	0	0	0
Slc39a11	142.454545	0	1254	0	313	0	0	0	0	0	0	0	0
Rbm19	142.454545	0	1029	0	268	0	270	0	0	0	0	0	0
Mrps31	142.454545	0	1237	0	330	0	0	0	0	0	0	0	0
Gtf3c4	142.454545	0	1190	0	224	0	0	153	0	0	0	0	0
Ftsj1	142.454545	0	1101	0	466	0	0	0	0	0	0	0	0
Ddx31	142.454545	0	1190	0	224	0	0	153	0	0	0	0	0
Wdr6	142.363636	0	1234	0	103	0	99	130	0	0	0	0	0
Gid4	142.363636	0	904	0	251	0	306	105	0	0	0	0	0
Ddx41	142.363636	0	1092	0	0	0	284	190	0	0	0	0	0
Trip11	142.272727	0	1105	0	275	0	0	185	0	0	0	0	0
Tecpr1	142.272727	0	1157	0	243	0	165	0	0	0	0	0	0
Sigmar1	142.272727	0	802	0	186	0	216	361	0	0	0	0	0
Gm10033	142.272727	0	1039	0	392	0	134	0	0	0	0	0	0
Cit	142.272727	0	1172	0	196	0	197	0	0	0	0	0	0
BC003965	142.272727	0	897	0	305	0	180	183	0	0	0	0	0
Zfp871	142.181818	0	1358	0	134	0	72	0	0	0	0	0	0
Uhrf1bp1l	142.181818	0	973	0	307	0	284	0	0	0	0	0	0
Rbm27	142.181818	0	995	0	340	0	117	112	0	0	0	0	0
Pip4p2	142.181818	0	845	0	365	0	135	219	0	0	0	0	0
Krcc1	142.181818	0	964	0	255	0	345	0	0	0	0	0	0
Zpr1	142.090909	0	1160	0	237	0	166	0	0	0	0	0	0
Rps15	142.090909	0	1083	0	148	0	332	0	0	0	0	0	0
Rnpc3	142.090909	0	1042	0	254	0	113	154	0	0	0	0	0
Pbrm1	142.090909	0	1014	0	274	0	182	93	0	0	0	0	0
Pabpc1	142.090909	0	720	0	310	0	428	105	0	0	0	0	0
Med7	142.090909	0	1094	0	304	0	165	0	0	0	0	0	0
Kdm5a	142.090909	0	1003	0	428	0	0	132	0	0	0	0	0
Gfm1	142.090909	0	1361	0	202	0	0	0	0	0	0	0	0
Dnajc12	142.090909	0	992	0	299	0	204	68	0	0	0	0	0
Cep164	142.090909	0	1213	0	236	0	114	0	0	0	0	0	0
Asnsd1	142.090909	0	1054	0	352	0	0	157	0	0	0	0	0
Asdurf	142.090909	0	1054	0	352	0	0	157	0	0	0	0	0
Snapc2	142.000000	0	1211	0	163	0	188	0	0	0	0	0	0
Phc2	142.000000	0	752	0	363	0	447	0	0	0	0	0	0
Nudt6	142.000000	0	705	0	201	0	402	254	0	0	0	0	0
Kat5	142.000000	0	1129	0	232	0	0	201	0	0	0	0	0
Fh1	142.000000	0	757	0	214	0	459	132	0	0	0	0	0
C2cd5	142.000000	0	1285	0	129	0	148	0	0	0	0	0	0
Arl5b	142.000000	0	964	0	208	0	390	0	0	0	0	0	0
Gpx1	141.909091	0	1086	0	270	0	0	205	0	0	0	0	0
Dnttip2	141.909091	0	1202	0	194	0	165	0	0	0	0	0	0
Ccdc43	141.909091	0	1122	0	310	0	0	129	0	0	0	0	0
4833439L19Rik	141.909091	0	984	0	321	0	89	167	0	0	0	0	0
Hmgb2	141.818182	0	935	0	163	0	462	0	0	0	0	0	0
Bckdk	141.818182	0	1033	0	136	0	278	113	0	0	0	0	0
Abcd4	141.818182	0	1211	0	247	0	102	0	0	0	0	0	0
Zfp654	141.727273	0	527	0	281	0	579	172	0	0	0	0	0
Ube4b	141.727273	0	1018	0	225	0	209	107	0	0	0	0	0
Nfatc2	141.727273	0	604	0	224	0	480	251	0	0	0	0	0
Lrba	141.727273	0	903	0	439	0	91	126	0	0	0	0	0
Ciart	141.727273	0	292	0	0	0	443	824	0	0	0	0	0
Cggbp1	141.727273	0	527	0	281	0	579	172	0	0	0	0	0
Ccnc	141.727273	0	958	0	368	0	120	113	0	0	0	0	0
Alyref2	141.727273	0	1025	0	344	0	0	0	0	0	0	190	0
Zfp24	141.636364	0	857	0	226	0	316	159	0	0	0	0	0
Uba2	141.636364	0	1041	0	254	0	138	125	0	0	0	0	0
Sbf1	141.636364	0	686	0	143	0	573	156	0	0	0	0	0
Psmd11	141.636364	0	1073	0	208	0	171	106	0	0	0	0	0
Lemd2	141.636364	0	800	0	0	0	615	143	0	0	0	0	0
Fuca1	141.636364	0	1200	0	171	0	187	0	0	0	0	0	0
Eif3l	141.636364	0	1167	0	234	0	0	157	0	0	0	0	0
Btg1	141.545455	0	386	0	205	0	601	138	0	0	0	227	0
Trp53	141.454545	0	723	0	242	0	214	377	0	0	0	0	504
Wrap53	141.454545	0	723	0	242	0	214	377	0	0	0	0	0
Vta1	141.454545	0	1281	0	275	0	0	0	0	0	0	0	0
Tor1aip2	141.454545	0	824	0	253	0	324	155	0	0	0	0	0
Stx17	141.454545	0	986	0	152	0	418	0	0	0	0	0	0
Slfn3	141.454545	0	1100	0	456	0	0	0	0	0	0	0	0
Gpr137	141.454545	0	1036	0	249	0	271	0	0	0	0	0	0
Bad	141.454545	0	1036	0	249	0	271	0	0	0	0	0	0
Atp5k	141.454545	0	1325	0	231	0	0	0	0	0	0	0	0
Rps27a	141.363636	0	989	0	333	0	84	149	0	0	0	0	0
Pus3	141.363636	0	1076	0	479	0	0	0	0	0	0	0	0
Ptov1	141.363636	0	444	0	0	0	446	665	0	0	0	0	0
Psmb10	141.363636	0	1034	0	350	0	0	171	0	0	0	0	0
Pld3	141.363636	0	913	0	153	0	336	153	0	0	0	0	0
Dot1l	141.363636	0	640	0	148	0	492	275	0	0	0	0	0
Crebl2	141.363636	0	912	0	316	0	201	126	0	0	0	0	0
Clhc1	141.363636	0	989	0	333	0	84	149	0	0	0	0	0
Aars	141.363636	0	1098	0	238	0	0	219	0	0	0	0	0
2310022A10Rik	141.363636	0	913	0	153	0	336	153	0	0	0	0	0
Wdsub1	141.272727	0	1304	0	144	0	106	0	0	0	0	0	0
Smpd1	141.272727	0	1166	0	151	0	237	0	0	0	0	0	0
Rassf1	141.272727	0	832	0	184	0	421	117	0	0	0	0	0
Pih1d2	141.272727	0	1131	0	238	0	0	185	0	0	0	0	0
Phykpl	141.272727	0	1021	0	0	0	446	87	0	0	0	0	0
Nkapd1	141.272727	0	1131	0	238	0	0	185	0	0	0	0	0
Chkb	141.272727	0	985	0	265	0	139	165	0	0	0	0	0
Brk1	141.272727	0	1056	0	363	0	0	135	0	0	0	0	0
Pop4	141.181818	0	1028	0	406	0	0	119	0	0	0	0	0
Nudt7	141.181818	0	1210	0	343	0	0	0	0	0	0	0	0
Msh2	141.181818	0	1002	0	383	0	168	0	0	0	0	0	0
Mri1	141.181818	0	1040	0	245	0	150	118	0	0	0	0	0
Mink1	141.181818	0	796	0	231	0	238	288	0	0	0	0	0
Klf11	141.181818	0	838	0	165	0	428	122	0	0	0	0	0
Glmp	141.181818	0	1156	0	397	0	0	0	0	0	0	0	0
Dbnl	141.181818	0	1035	0	257	0	261	0	0	0	0	0	0
Cln3	141.181818	0	1446	0	107	0	0	0	0	0	0	0	0
Apobr	141.181818	0	1446	0	107	0	0	0	0	0	0	0	0
Zfp607a	141.090909	0	1267	0	285	0	0	0	0	0	0	0	0
Zfp26	141.090909	0	1077	0	373	0	0	102	0	0	0	0	0
Vamp2	141.090909	0	1106	0	258	0	188	0	0	0	0	0	0
Slirp	141.090909	0	1154	0	398	0	0	0	0	0	0	0	0
Rpl41	141.090909	0	977	0	176	0	277	122	0	0	0	0	0
Nup93	141.090909	0	1102	0	0	0	450	0	0	0	0	0	0
Nrp	141.090909	0	1154	0	398	0	0	0	0	0	0	0	0
Cks2	141.090909	0	873	0	189	0	343	147	0	0	0	0	0
Arl15	141.090909	0	913	0	214	0	120	305	0	0	0	0	0
Alkbh1	141.090909	0	1154	0	398	0	0	0	0	0	0	0	0
Ubqln1	141.000000	0	1086	0	205	0	117	143	0	0	0	0	0
Tecpr2	141.000000	0	876	0	300	0	247	128	0	0	0	0	0
Serp1	141.000000	0	824	0	369	0	239	119	0	0	0	0	0
Rps21	141.000000	0	864	0	164	0	376	147	0	0	0	0	0
Jagn1	141.000000	0	1264	0	194	0	0	93	0	0	0	0	0
Eif2a	141.000000	0	824	0	369	0	239	119	0	0	0	0	0
Cinp	141.000000	0	876	0	300	0	247	128	0	0	0	0	0
Atp7a	141.000000	0	1004	0	303	0	244	0	0	0	0	0	0
Mtmr2	140.909091	0	895	0	347	0	195	113	0	0	0	0	0
Kif11	140.909091	0	932	0	359	0	103	156	0	0	0	0	0
Hectd4	140.909091	0	914	0	0	0	527	109	0	0	0	0	0
Fuca2	140.909091	0	1272	0	278	0	0	0	0	0	0	0	0
Fas	140.909091	0	1182	0	368	0	0	0	0	0	0	0	0
2610301B20Rik	140.909091	0	1055	0	278	0	84	133	0	0	0	0	0
Tex30	140.818182	0	973	0	346	0	123	107	0	0	0	0	0
Ppm1a	140.818182	0	930	0	203	0	181	235	0	0	0	0	0
Pgghg	140.818182	0	1253	0	145	0	0	151	0	0	0	0	0
Pex11b	140.818182	0	1026	0	238	0	175	110	0	0	0	0	0
Lin7c	140.818182	0	998	0	417	0	0	134	0	0	0	0	0
Ino80e	140.818182	0	1017	0	310	0	110	112	0	0	0	0	0
Hirip3	140.818182	0	1017	0	310	0	110	112	0	0	0	0	0
Higd1a	140.818182	0	842	0	222	0	485	0	0	0	0	0	0
Sun1	140.727273	0	710	0	0	0	838	0	0	0	0	0	0
Styx	140.727273	0	972	0	271	0	305	0	0	0	0	0	0
Smim20	140.727273	0	1169	0	230	0	149	0	0	0	0	0	0
Rnf214	140.727273	0	1013	0	247	0	125	163	0	0	0	0	0
Pcsk7	140.727273	0	1013	0	247	0	125	163	0	0	0	0	0
Leprot	140.727273	0	963	0	180	0	405	0	0	0	0	0	0
Eif2b5	140.727273	0	877	0	317	0	202	152	0	0	0	0	0
Dym	140.727273	0	1106	0	132	0	119	191	0	0	0	0	0
Baz1b	140.727273	0	907	0	225	0	213	203	0	0	0	0	0
Zfp593	140.636364	0	972	0	204	0	288	83	0	0	0	0	0
Topors	140.636364	0	980	0	206	0	161	200	0	0	0	0	0
Tent4a	140.636364	0	831	0	0	0	716	0	0	0	0	0	0
Smim27	140.636364	0	980	0	206	0	161	200	0	0	0	0	0
Slf1	140.636364	0	1134	0	318	0	0	95	0	0	0	0	0
Pfn4	140.636364	0	1288	0	142	0	117	0	0	0	0	0	0
Mterf4	140.636364	0	1069	0	349	0	0	129	0	0	0	0	0
Eif4g2	140.636364	0	758	0	411	0	227	151	0	0	0	0	0
2210408I21Rik	140.636364	0	1134	0	318	0	0	95	0	0	0	0	0
Rnf146	140.545455	0	882	0	405	0	119	140	0	0	0	0	0
Naxe	140.454545	0	1234	0	156	0	155	0	0	0	0	0	0
Med1	140.454545	0	1163	0	177	0	106	99	0	0	0	0	0
Kctd7	140.454545	0	881	0	187	0	259	218	0	0	0	0	0
Jpt2	140.454545	0	969	0	263	0	236	77	0	0	0	0	0
Vps39	140.363636	0	1117	0	285	0	142	0	0	0	0	0	0
Rexo1	140.363636	0	1240	0	304	0	0	0	0	0	0	0	0
Far1	140.363636	0	807	0	250	0	385	102	0	0	0	0	0
Ero1a	140.363636	0	790	0	559	0	195	0	0	0	0	0	0
Creld2	140.363636	0	1156	0	0	0	282	106	0	0	0	0	0
Alg12	140.363636	0	1156	0	0	0	282	106	0	0	0	0	0
Acot9	140.363636	0	1159	0	266	0	0	119	0	0	0	0	0
Zfp85	140.272727	0	1129	0	414	0	0	0	0	0	0	0	0
Slc35a4	140.272727	0	1072	0	127	0	188	156	0	0	0	0	0
Mcrip2	140.272727	0	671	0	157	0	715	0	0	0	0	0	0
Itpripl1	140.272727	0	1078	0	273	0	0	192	0	0	0	0	0
Apbb3	140.272727	0	1072	0	127	0	188	156	0	0	0	0	0
Xab2	140.181818	0	904	0	349	0	86	203	0	0	0	0	0
Pet100	140.181818	0	904	0	349	0	86	203	0	0	0	0	0
Npc1	140.181818	0	920	0	157	0	382	83	0	0	0	0	0
Gbp2	140.181818	0	987	0	555	0	0	0	0	0	0	0	0
Ech1	140.181818	0	1018	0	408	0	0	116	0	0	0	0	0
Atp8b2	140.181818	0	910	0	166	0	466	0	0	0	0	0	0
Ubap2l	140.090909	0	866	0	472	0	203	0	0	0	0	0	0
Ttbk2	140.090909	0	668	0	394	0	368	111	0	0	0	0	0
Trmu	140.090909	0	1047	0	247	0	96	151	0	0	0	0	0
Tmem41a	140.090909	0	1033	0	239	0	185	84	0	0	0	0	0
Thap7	140.090909	0	934	0	311	0	190	106	0	0	0	0	0
Plbd2	140.090909	0	705	0	0	0	836	0	0	0	0	0	0
Mob4	140.090909	0	900	0	299	0	212	130	0	0	0	0	0
4933434E20Rik	140.090909	0	866	0	472	0	203	0	0	0	0	0	0
Psmb4	140.000000	0	1171	0	244	0	0	125	0	0	0	0	0
Pank2	140.000000	0	822	0	361	0	191	166	0	0	0	0	0
Lhpp	140.000000	0	1069	0	175	0	155	141	0	0	0	0	0
Kbtbd2	140.000000	0	944	0	308	0	188	100	0	0	0	0	0
Ice1	140.000000	0	815	0	231	0	274	220	0	0	0	0	0
Galt	140.000000	0	1260	0	280	0	0	0	0	0	0	0	0
Fbxo31	140.000000	0	1101	0	214	0	225	0	0	0	0	0	0
Abcb9	140.000000	0	374	0	0	0	1166	0	0	0	0	0	0
Zfp984	139.909091	0	1078	0	461	0	0	0	0	0	0	0	0
Tfip11	139.909091	0	1042	0	161	0	336	0	0	0	0	0	0
Nufip2	139.909091	0	726	0	435	0	226	152	0	0	0	0	0
Mturn	139.909091	0	1051	0	324	0	164	0	0	0	0	0	0
Mpc1	139.909091	0	792	0	302	0	317	128	0	0	0	0	0
Micall2	139.909091	0	106	0	0	0	1433	0	0	0	0	0	0
Gnai3	139.909091	0	1141	0	285	0	0	113	0	0	0	0	0
Cep128	139.909091	0	1022	0	358	0	0	159	0	0	0	0	0
Zfp637	139.818182	0	1239	0	173	0	0	126	0	0	0	0	0
Mapk1	139.818182	0	922	0	247	0	250	119	0	0	0	0	0
Lztr1	139.818182	0	1168	0	277	0	93	0	0	0	0	0	0
Clcn4	139.818182	0	798	0	230	0	354	0	0	0	156	0	0
Ccdc66	139.818182	0	1093	0	243	0	97	105	0	0	0	0	0
Actr3	139.818182	0	699	0	389	0	230	220	0	0	0	0	0
Usp32	139.727273	0	748	0	338	0	315	136	0	0	0	0	0
Trappc12	139.727273	0	1132	0	269	0	136	0	0	0	0	0	0
Sdcbp	139.727273	0	1050	0	356	0	0	131	0	0	0	0	0
Ppp2r2d	139.727273	0	1030	0	338	0	169	0	0	0	0	0	0
Mapk1ip1	139.727273	0	1030	0	338	0	169	0	0	0	0	0	0
Gcc1	139.727273	0	751	0	0	0	680	106	0	0	0	0	0
Cwc22	139.727273	0	1208	0	212	0	0	117	0	0	0	0	0
Cdan1	139.727273	0	1019	0	162	0	231	125	0	0	0	0	0
Capns1	139.727273	0	1188	0	349	0	0	0	0	0	0	0	0
Copb1	139.636364	0	1067	0	325	0	144	0	0	0	0	0	0
Alas1	139.636364	0	949	0	177	0	186	224	0	0	0	0	0
Vps51	139.545455	0	1047	0	166	0	117	205	0	0	0	0	0
Vbp1	139.545455	0	972	0	472	0	0	91	0	0	0	0	0
Ubox5	139.545455	0	1122	0	271	0	0	142	0	0	0	0	0
Tsc1	139.545455	0	932	0	237	0	110	256	0	0	0	0	0
Sergef	139.545455	0	874	0	202	0	368	91	0	0	0	0	0
Herpud1	139.545455	0	827	0	291	0	271	146	0	0	0	0	0
Fastkd5	139.545455	0	1122	0	271	0	0	142	0	0	0	0	0
Ube2j2	139.454545	0	753	0	218	0	440	123	0	0	0	0	0
Terf2	139.454545	0	1174	0	228	0	132	0	0	0	0	0	0
Polr2c	139.454545	0	1139	0	252	0	143	0	0	0	0	0	0
Pgp	139.454545	0	1143	0	198	0	78	115	0	0	0	0	0
Larp4b	139.454545	0	1315	0	219	0	0	0	0	0	0	0	0
Ints12	139.454545	0	891	0	312	0	234	97	0	0	0	0	0
Gstcd	139.454545	0	891	0	312	0	234	97	0	0	0	0	0
Fubp3	139.454545	0	1019	0	170	0	203	142	0	0	0	0	0
Capn7	139.454545	0	861	0	179	0	366	128	0	0	0	0	0
Capg	139.454545	0	772	0	142	0	456	164	0	0	0	0	0
Ap2s1	139.454545	0	1129	0	0	0	210	195	0	0	0	0	0
Ptges2	139.363636	0	736	0	121	0	502	174	0	0	0	0	0
Zfp974	139.272727	0	1325	0	207	0	0	0	0	0	0	0	0
Topbp1	139.272727	0	896	0	210	0	261	165	0	0	0	0	0
Sik1	139.272727	0	1056	0	121	0	281	74	0	0	0	0	0
Selenoh	139.272727	0	988	0	273	0	154	117	0	0	0	0	0
Rbl2	139.272727	0	1161	0	252	0	119	0	0	0	0	0	0
Papola	139.272727	0	1076	0	239	0	0	217	0	0	0	0	0
Gna12	139.272727	0	670	0	177	0	685	0	0	0	0	0	0
Fnbp4	139.272727	0	897	0	321	0	184	130	0	0	0	0	0
Fam71e1	139.272727	0	1086	0	137	0	146	163	0	0	0	0	0
Emc10	139.272727	0	1086	0	137	0	146	163	0	0	0	0	0
Actr10	139.272727	0	1169	0	231	0	132	0	0	0	0	0	0
Zc3h6	139.181818	0	1013	0	389	0	0	129	0	0	0	0	0
Snrnp70	139.181818	0	1096	0	187	0	104	144	0	0	0	0	0
Prmt9	139.181818	0	1201	0	330	0	0	0	0	0	0	0	0
Phip	139.181818	0	1086	0	445	0	0	0	0	0	0	0	0
Mto1	139.181818	0	1104	0	284	0	143	0	0	0	0	0	0
Ift74	139.181818	0	1209	0	322	0	0	0	0	0	0	0	0
Zmynd19	139.090909	0	592	0	142	0	714	82	0	0	0	0	0
Smurf1	139.090909	0	913	0	283	0	195	139	0	0	0	0	0
Sesn3	139.090909	0	603	0	320	0	490	117	0	0	0	0	0
Selenof	139.090909	0	898	0	190	0	300	142	0	0	0	0	0
Rfc5	139.090909	0	1120	0	123	0	152	135	0	0	0	0	0
Pik3ca	139.090909	0	817	0	304	0	261	148	0	0	0	0	0
Imp3	139.090909	0	1043	0	204	0	203	80	0	0	0	0	0
Hs2st1	139.090909	0	898	0	190	0	300	142	0	0	0	0	0
Cdk5rap2	139.090909	0	1379	0	151	0	0	0	0	0	0	0	0
Casc3	139.090909	0	833	0	211	0	486	0	0	0	0	0	0
Ado	139.090909	0	987	0	358	0	185	0	0	0	0	0	0
Wdyhv1	139.000000	0	1247	0	130	0	152	0	0	0	0	0	0
Vcpkmt	139.000000	0	1137	0	181	0	118	93	0	0	0	0	0
Tagap1	139.000000	0	837	0	0	0	692	0	0	0	0	0	0
Rpl37	139.000000	0	892	0	222	0	415	0	0	0	0	0	0
Rpgr	139.000000	0	1194	0	238	0	97	0	0	0	0	0	0
Rae1	139.000000	0	982	0	114	0	303	130	0	0	0	0	0
Plekhm1	139.000000	0	1082	0	338	0	109	0	0	0	0	0	0
Ndufv2	139.000000	0	964	0	216	0	220	129	0	0	0	0	0
Mapre3	139.000000	0	1100	0	0	0	124	305	0	0	0	0	0
Hsf1	139.000000	0	1067	0	130	0	332	0	0	0	0	0	0
Drosha	139.000000	0	954	0	347	0	126	102	0	0	0	0	0
Ccdc25	139.000000	0	1260	0	269	0	0	0	0	0	0	0	0
Bop1	139.000000	0	1067	0	130	0	332	0	0	0	0	0	0
Aldh3a2	139.000000	0	1140	0	264	0	0	125	0	0	0	0	0
6030458C11Rik	139.000000	0	954	0	347	0	126	102	0	0	0	0	0
Uggt1	138.909091	0	1051	0	142	0	205	130	0	0	0	0	0
Srp14	138.909091	0	1035	0	205	0	176	112	0	0	0	0	0
Slc7a5	138.909091	0	905	0	293	0	330	0	0	0	0	0	0
Mdm2	138.909091	0	1140	0	191	0	197	0	0	0	0	0	0
Impa1	138.909091	0	1273	0	164	0	0	91	0	0	0	0	0
H4c14	138.909091	0	755	0	202	0	237	216	0	0	0	118	0
Fam32a	138.909091	0	1102	0	156	0	154	116	0	0	0	0	0
Erich1	138.909091	0	1042	0	289	0	197	0	0	0	0	0	0
Diablo	138.909091	0	734	0	117	0	491	186	0	0	0	0	0
Card11	138.909091	0	991	0	537	0	0	0	0	0	0	0	0
Borcs5	138.909091	0	1095	0	205	0	228	0	0	0	0	0	0
Atl2	138.909091	0	985	0	225	0	233	85	0	0	0	0	0
Wdr77	138.818182	0	1032	0	215	0	280	0	0	0	0	0	0
Tomm40	138.818182	0	928	0	117	0	482	0	0	0	0	0	0
Tmem50b	138.818182	0	714	0	266	0	547	0	0	0	0	0	0
Slc9a9	138.818182	0	1117	0	410	0	0	0	0	0	0	0	0
Ncdn	138.818182	0	1088	0	182	0	130	127	0	0	0	0	0
Mif	138.818182	0	888	0	182	0	225	232	0	0	0	0	0
Large1	138.818182	0	620	0	131	0	776	0	0	0	0	0	0
Gpat4	138.818182	0	956	0	331	0	240	0	0	0	0	0	0
Ect2	138.818182	0	1095	0	164	0	168	100	0	0	0	0	0
Donson	138.818182	0	881	0	331	0	315	0	0	0	0	0	0
Atp5pb	138.818182	0	1032	0	215	0	280	0	0	0	0	0	0
Atg10	138.818182	0	1217	0	166	0	0	144	0	0	0	0	0
Appl1	138.818182	0	1073	0	321	0	133	0	0	0	0	0	0
AU040320	138.818182	0	1088	0	182	0	130	127	0	0	0	0	0
Spcs1	138.727273	0	1165	0	245	0	0	116	0	0	0	0	0
Sipa1l2	138.727273	0	635	0	225	0	666	0	0	0	0	0	0
Pheta1	138.727273	0	583	0	104	0	839	0	0	0	0	0	0
Kdm4d	138.727273	0	1144	0	227	0	155	0	0	0	0	0	0
Ipo7	138.727273	0	1140	0	264	0	122	0	0	0	0	0	0
Glt8d1	138.727273	0	1165	0	245	0	0	116	0	0	0	0	0
E2f4	138.727273	0	914	0	213	0	319	80	0	0	0	0	0
Disp1	138.727273	0	1075	0	292	0	0	159	0	0	0	0	0
Cwc15	138.727273	0	1144	0	227	0	155	0	0	0	0	0	0
Abca3	138.727273	0	1066	0	135	0	167	158	0	0	0	0	0
Usp21	138.636364	0	1075	0	0	0	342	108	0	0	0	0	0
Tsg101	138.636364	0	1077	0	282	0	166	0	0	0	0	0	0
Slc2a9	138.636364	0	1226	0	299	0	0	0	0	0	0	0	0
Sharpin	138.636364	0	1039	0	229	0	170	87	0	0	0	0	0
Resf1	138.636364	0	1014	0	150	0	115	246	0	0	0	0	0
Mthfd2	138.636364	0	1204	0	121	0	0	200	0	0	0	0	0
Maf1	138.636364	0	1039	0	229	0	170	87	0	0	0	0	0
Lsm2	138.636364	0	1033	0	221	0	136	135	0	0	0	0	0
Asb13	138.636364	0	1176	0	248	0	0	101	0	0	0	0	0
Arfip1	138.636364	0	891	0	325	0	140	169	0	0	0	0	0
Ube3a	138.545455	0	739	0	391	0	237	157	0	0	0	0	0
Nifk	138.545455	0	1060	0	326	0	0	138	0	0	0	0	0
Mars1	138.545455	0	890	0	304	0	154	176	0	0	0	0	0
Exosc4	138.545455	0	936	0	152	0	257	179	0	0	0	0	0
Desi2	138.545455	0	872	0	258	0	319	75	0	0	0	0	0
Ddx52	138.545455	0	1188	0	130	0	206	0	0	0	0	0	0
AU041133	138.545455	0	1148	0	227	0	0	149	0	0	0	0	0
Zfp672	138.454545	0	1039	0	260	0	224	0	0	0	0	0	0
Zfp266	138.454545	0	1134	0	285	0	0	104	0	0	0	0	0
Zc3h10	138.454545	0	977	0	176	0	235	135	0	0	0	0	0
Yipf3	138.454545	0	1051	0	273	0	199	0	0	0	0	0	0
Stag1	138.454545	0	713	0	336	0	299	175	0	0	0	0	0
Rps14	138.454545	0	972	0	286	0	0	265	0	0	0	0	0
Rpl7l1	138.454545	0	1141	0	382	0	0	0	0	0	0	0	0
Polr1c	138.454545	0	1051	0	273	0	199	0	0	0	0	0	0
Nus1	138.454545	0	1032	0	232	0	171	88	0	0	0	0	0
Mnd1	138.454545	0	501	0	185	0	745	92	0	0	0	0	0
Mfsd5	138.454545	0	891	0	109	0	418	105	0	0	0	0	0
Dus4l	138.454545	0	1071	0	294	0	0	158	0	0	0	0	0
Cog5	138.454545	0	1071	0	294	0	0	158	0	0	0	0	0
Atl3	138.454545	0	955	0	197	0	250	121	0	0	0	0	0
Uqcrc2	138.363636	0	1069	0	237	0	103	113	0	0	0	0	0
Tnpo3	138.363636	0	1003	0	262	0	117	140	0	0	0	0	0
Peak1	138.363636	0	762	0	353	0	288	119	0	0	0	0	0
Lysmd3	138.363636	0	752	0	298	0	472	0	0	0	0	0	0
Hmgxb3	138.363636	0	1058	0	228	0	103	133	0	0	0	0	0
Hif1a	138.363636	0	763	0	199	0	390	170	0	0	0	0	0
Atp13a1	138.363636	0	1137	0	385	0	0	0	0	0	0	0	0
Atf1	138.363636	0	1256	0	266	0	0	0	0	0	0	0	0
Trp53rka	138.272727	0	790	0	212	0	326	193	0	0	0	0	0
Tbcel	138.272727	0	997	0	90	0	218	216	0	0	0	0	0
Strip1	138.272727	0	928	0	252	0	157	184	0	0	0	0	0
Stam	138.272727	0	1016	0	353	0	0	152	0	0	0	0	0
Slc39a9	138.272727	0	1040	0	481	0	0	0	0	0	0	0	0
Rnf4	138.272727	0	877	0	313	0	232	99	0	0	0	0	0
Prr12	138.272727	0	582	0	0	0	755	184	0	0	0	0	0
Ppp1r10	138.272727	0	935	0	263	0	203	120	0	0	0	0	0
Phactr4	138.272727	0	922	0	286	0	223	90	0	0	0	0	0
Mrps18b	138.272727	0	935	0	263	0	203	120	0	0	0	0	0
Erh	138.272727	0	1040	0	481	0	0	0	0	0	0	0	0
Dele1	138.272727	0	1188	0	254	0	79	0	0	0	0	0	0
Zranb2	138.181818	0	1040	0	212	0	133	135	0	0	0	0	0
Tspan17	138.181818	0	229	0	0	0	1045	246	0	0	0	0	0
Son	138.181818	0	1009	0	299	0	212	0	0	0	0	0	0
Nsdhl	138.181818	0	1118	0	205	0	97	100	0	0	0	0	0
Gdi2	138.181818	0	1222	0	298	0	0	0	0	0	0	0	0
Gart	138.181818	0	1009	0	299	0	212	0	0	0	0	0	0
Eif3m	138.181818	0	1162	0	220	0	138	0	0	0	0	0	0
Cetn2	138.181818	0	1118	0	205	0	97	100	0	0	0	0	0
Szt2	138.090909	0	1127	0	248	0	0	144	0	0	0	0	0
Rnf187	138.090909	0	871	0	126	0	378	144	0	0	0	0	0
Mettl1	138.090909	0	959	0	0	0	255	305	0	0	0	0	0
Med8	138.090909	0	1127	0	248	0	0	144	0	0	0	0	0
Eif3d	138.090909	0	1014	0	168	0	228	109	0	0	0	0	0
Eef1akmt3	138.090909	0	959	0	0	0	255	305	0	0	0	0	0
Ddx50	138.090909	0	992	0	231	0	296	0	0	0	0	0	0
Heatr6	138.000000	0	1087	0	318	0	0	113	0	0	0	0	0
Frmd6	138.000000	0	785	0	223	0	510	0	0	0	0	0	0
Tmem80	137.909091	0	1159	0	145	0	0	136	0	0	0	77	0
Tbc1d22a	137.909091	0	1070	0	246	0	108	93	0	0	0	0	0
Sap130	137.909091	0	988	0	205	0	324	0	0	0	0	0	0
Magi3	137.909091	0	793	0	320	0	287	117	0	0	0	0	0
Hps5	137.909091	0	968	0	280	0	136	133	0	0	0	0	0
Gtf2h1	137.909091	0	968	0	280	0	136	133	0	0	0	0	0
Dlec1	137.909091	0	967	0	236	0	160	154	0	0	0	0	0
Deaf1	137.909091	0	1159	0	145	0	0	136	0	0	0	77	0
Tyw5	137.818182	0	1267	0	249	0	0	0	0	0	0	0	0
Rab35	137.818182	0	1186	0	140	0	190	0	0	0	0	0	0
Maip1	137.818182	0	1267	0	249	0	0	0	0	0	0	0	0
Elp5	137.818182	0	735	0	199	0	390	192	0	0	0	0	0
Dffb	137.818182	0	1055	0	176	0	0	117	0	0	0	168	0
Ctdnep1	137.818182	0	735	0	199	0	390	192	0	0	0	0	0
Cep104	137.818182	0	1055	0	176	0	0	117	0	0	0	168	0
Ccdc181	137.818182	0	993	0	216	0	138	169	0	0	0	0	0
Aldh9a1	137.818182	0	1158	0	150	0	208	0	0	0	0	0	0
Ubr2	137.727273	0	969	0	224	0	141	181	0	0	0	0	0
Tmf1	137.727273	0	963	0	217	0	141	194	0	0	0	0	0
Ssna1	137.727273	0	984	0	122	0	409	0	0	0	0	0	0
Sh3bp2	137.727273	0	1073	0	179	0	263	0	0	0	0	0	0
Sco2	137.727273	0	1203	0	204	0	0	108	0	0	0	0	0
Rtn3	137.727273	0	990	0	231	0	157	137	0	0	0	0	0
Pigh	137.727273	0	1333	0	182	0	0	0	0	0	0	0	0
Anapc2	137.727273	0	984	0	122	0	409	0	0	0	0	0	0
Zpbp	137.636364	0	1084	0	430	0	0	0	0	0	0	0	0
Yipf5	137.636364	0	899	0	221	0	258	136	0	0	0	0	0
Usp15	137.636364	0	1061	0	357	0	96	0	0	0	0	0	0
Prdx4	137.636364	0	1047	0	215	0	252	0	0	0	0	0	0
Nubp1	137.636364	0	985	0	137	0	159	233	0	0	0	0	0
Kif20b	137.636364	0	1206	0	308	0	0	0	0	0	0	0	0
Chrnb1	137.636364	0	979	0	0	0	535	0	0	0	0	0	0
Ccnl1	137.636364	0	1035	0	262	0	217	0	0	0	0	0	0
Zfp142	137.545455	0	827	0	271	0	296	119	0	0	0	0	0
Ube2v2	137.545455	0	1032	0	272	0	133	76	0	0	0	0	0
Ttc21a	137.545455	0	969	0	248	0	180	116	0	0	0	0	0
Tmem140	137.545455	0	1068	0	445	0	0	0	0	0	0	0	0
Ticrr	137.545455	0	642	0	191	0	478	202	0	0	0	0	0
Stx18	137.545455	0	1224	0	289	0	0	0	0	0	0	0	0
Gorasp1	137.545455	0	969	0	248	0	180	116	0	0	0	0	0
Dolpp1	137.545455	0	1180	0	0	0	169	164	0	0	0	0	0
Bcs1l	137.545455	0	827	0	271	0	296	119	0	0	0	0	0
Zfp810	137.454545	0	1133	0	253	0	0	126	0	0	0	0	0
Ric8b	137.454545	0	1025	0	223	0	115	149	0	0	0	0	0
Psmb5	137.454545	0	1228	0	195	0	89	0	0	0	0	0	0
Ppid	137.454545	0	1062	0	291	0	0	159	0	0	0	0	0
Eid2b	137.454545	0	1512	0	0	0	0	0	0	0	0	0	0
Clptm1	137.454545	0	933	0	236	0	190	153	0	0	0	0	0
Cldn34c1	137.454545	0	905	0	177	0	274	156	0	0	0	0	0
Scaper	137.363636	0	1020	0	491	0	0	0	0	0	0	0	0
Rsph3a	137.363636	0	869	0	248	0	217	177	0	0	0	0	0
Rida	137.363636	0	1070	0	441	0	0	0	0	0	0	0	0
Pskh1	137.363636	0	1064	0	154	0	293	0	0	0	0	0	0
Pop1	137.363636	0	1070	0	441	0	0	0	0	0	0	0	0
Mmaa	137.363636	0	931	0	211	0	222	147	0	0	0	0	0
Ifit2	137.363636	0	1272	0	239	0	0	0	0	0	0	0	0
Ap2b1	137.363636	0	966	0	214	0	195	136	0	0	0	0	0
Zfp975	137.272727	0	986	0	385	0	0	139	0	0	0	0	0
Utp6	137.272727	0	1111	0	274	0	0	125	0	0	0	0	0
Tomm34	137.272727	0	548	0	0	0	962	0	0	0	0	0	0
Snx4	137.272727	0	955	0	415	0	140	0	0	0	0	0	0
Slc19a1	137.272727	0	949	0	242	0	319	0	0	0	0	0	0
Runx1	137.272727	0	814	0	365	0	212	119	0	0	0	0	0
Mex3c	137.272727	0	680	0	141	0	689	0	0	0	0	0	0
Limk2	137.272727	0	820	0	201	0	489	0	0	0	0	0	0
Fxr2	137.272727	0	855	0	232	0	232	191	0	0	0	0	0
Cdk4	137.272727	0	647	0	144	0	495	224	0	0	0	0	0
Arl6ip5	137.272727	0	1065	0	277	0	168	0	0	0	0	0	0
Map3k4	137.181818	0	932	0	301	0	118	158	0	0	0	0	0
Ckap5	137.181818	0	1095	0	216	0	198	0	0	0	0	0	0
Ivns1abp	137.090909	0	861	0	262	0	385	0	0	0	0	0	0
Cluap1	137.090909	0	975	0	197	0	143	193	0	0	0	0	0
1700037C18Rik	137.090909	0	975	0	197	0	143	193	0	0	0	0	0
Vps37c	137.000000	0	1111	0	192	0	204	0	0	0	0	0	0
Ttf1	137.000000	0	1009	0	395	0	0	103	0	0	0	0	0
Slc25a30	137.000000	0	1007	0	157	0	242	101	0	0	0	0	0
Rnf13	137.000000	0	983	0	315	0	69	140	0	0	0	0	0
Ppan	137.000000	0	1140	0	187	0	180	0	0	0	0	0	0
Grn	137.000000	0	800	0	0	0	539	168	0	0	0	0	0
Fahd2a	137.000000	0	1207	0	184	0	0	116	0	0	0	0	0
Dennd4a	137.000000	0	936	0	120	0	451	0	0	0	0	0	0
Ddhd1	137.000000	0	764	0	142	0	601	0	0	0	0	0	0
Atp5g2	137.000000	0	1056	0	206	0	153	92	0	0	0	0	0
Zfp54	136.909091	0	928	0	578	0	0	0	0	0	0	0	0
Tdp1	136.909091	0	825	0	313	0	368	0	0	0	0	0	0
Ppp1r16a	136.909091	0	1041	0	0	0	465	0	0	0	0	0	0
Poli	136.909091	0	857	0	230	0	264	155	0	0	0	0	0
Ncaph2	136.909091	0	1123	0	170	0	213	0	0	0	0	0	0
Mogs	136.909091	0	980	0	443	0	0	83	0	0	0	0	0
Lmf2	136.909091	0	1123	0	170	0	213	0	0	0	0	0	0
Ibtk	136.909091	0	1017	0	332	0	0	157	0	0	0	0	0
Fancc	136.909091	0	843	0	316	0	212	135	0	0	0	0	0
Slc41a3	136.818182	0	908	0	216	0	381	0	0	0	0	0	0
Pafah1b2	136.818182	0	930	0	249	0	205	121	0	0	0	0	0
Hspa1l	136.818182	0	801	0	135	0	358	211	0	0	0	0	0
Hspa1a	136.818182	0	801	0	135	0	358	211	0	0	0	0	0
Cutc	136.818182	0	974	0	249	0	116	166	0	0	0	0	0
Cox15	136.818182	0	974	0	249	0	116	166	0	0	0	0	0
Abraxas1	136.818182	0	1102	0	182	0	221	0	0	0	0	0	0
Srsf6	136.727273	0	1120	0	206	0	0	178	0	0	0	0	0
Lsm8	136.727273	0	712	0	387	0	306	99	0	0	0	0	0
Gmeb2	136.727273	0	993	0	327	0	184	0	0	0	0	0	0
Gars	136.727273	0	1056	0	291	0	74	83	0	0	0	0	0
Ddhd2	136.727273	0	883	0	172	0	298	151	0	0	0	0	0
Zfp664	136.636364	0	603	0	167	0	612	121	0	0	0	0	0
Telo2	136.636364	0	995	0	234	0	130	144	0	0	0	0	0
Nudt14	136.636364	0	1310	0	193	0	0	0	0	0	0	0	0
Epb41	136.636364	0	850	0	214	0	271	168	0	0	0	0	0
Eif2s1	136.636364	0	820	0	222	0	184	277	0	0	0	0	0
Cpox	136.636364	0	1211	0	219	0	73	0	0	0	0	0	0
Cks1b	136.636364	0	1080	0	278	0	145	0	0	0	0	0	0
Atp6v1d	136.636364	0	820	0	222	0	184	277	0	0	0	0	0
Abca1	136.636364	0	834	0	142	0	437	90	0	0	0	0	0
Ndufaf6	136.545455	0	1125	0	227	0	150	0	0	0	0	0	0
Mrps25	136.545455	0	1348	0	154	0	0	0	0	0	0	0	0
Etfa	136.545455	0	1049	0	212	0	241	0	0	0	0	0	0
Dmwd	136.545455	0	326	0	0	0	1054	122	0	0	0	0	0
Akap11	136.545455	0	851	0	176	0	150	325	0	0	0	0	0
Akap1	136.545455	0	864	0	135	0	329	174	0	0	0	0	0
Spr	136.454545	0	1128	0	223	0	150	0	0	0	0	0	0
Snrnp48	136.454545	0	1159	0	242	0	0	100	0	0	0	0	0
Rnf135	136.454545	0	1051	0	289	0	161	0	0	0	0	0	0
Rad21	136.454545	0	840	0	336	0	325	0	0	0	0	0	0
Nt5c	136.454545	0	1096	0	205	0	0	200	0	0	0	0	0
Apbb2	136.454545	0	849	0	157	0	310	185	0	0	0	0	0
2210418O10Rik	136.454545	0	985	0	361	0	155	0	0	0	0	0	0
Wwp1	136.363636	0	771	0	189	0	444	96	0	0	0	0	0
Romo1	136.363636	0	887	0	363	0	175	75	0	0	0	0	0
Ptpn23	136.363636	0	1182	0	182	0	136	0	0	0	0	0	0
Nr2c2	136.363636	0	689	0	176	0	472	163	0	0	0	0	0
Nfs1	136.363636	0	887	0	363	0	175	75	0	0	0	0	0
Lss	136.363636	0	605	0	184	0	565	146	0	0	0	0	0
Jpt1	136.363636	0	1008	0	169	0	103	220	0	0	0	0	0
Hsd17b4	136.363636	0	1189	0	214	0	97	0	0	0	0	0	0
Cep44	136.363636	0	1072	0	260	0	0	168	0	0	0	0	0
Cbx1	136.363636	0	1118	0	293	0	0	89	0	0	0	0	0
Ubqln4	136.272727	0	897	0	243	0	221	138	0	0	0	0	0
Stpg1	136.272727	0	1499	0	0	0	0	0	0	0	0	0	0
Sf3a2	136.272727	0	959	0	273	0	174	93	0	0	0	0	0
Rnf123	136.272727	0	1138	0	145	0	123	93	0	0	0	0	0
Plekhj1	136.272727	0	959	0	273	0	174	93	0	0	0	0	0
Lrrc63	136.272727	0	989	0	247	0	263	0	0	0	0	0	0
Lcp1	136.272727	0	989	0	247	0	263	0	0	0	0	0	0
Lamtor2	136.272727	0	897	0	243	0	221	138	0	0	0	0	0
Hnrnpab	136.272727	0	752	0	276	0	190	129	0	0	0	152	0
Esyt1	136.272727	0	814	0	186	0	313	186	0	0	0	0	0
Bub3	136.272727	0	1227	0	272	0	0	0	0	0	0	0	0
Bnip3l	136.272727	0	931	0	147	0	264	157	0	0	0	0	0
Akr1e1	136.272727	0	1175	0	324	0	0	0	0	0	0	0	0
Zfp397	136.181818	0	1070	0	342	0	0	86	0	0	0	0	0
Tspan14	136.181818	0	715	0	208	0	575	0	0	0	0	0	0
Syt11	136.181818	0	399	0	0	0	713	386	0	0	0	0	0
Sec11a	136.181818	0	1074	0	328	0	0	96	0	0	0	0	0
Scyl2	136.181818	0	1171	0	176	0	151	0	0	0	0	0	0
Prelid2	136.181818	0	1279	0	219	0	0	0	0	0	0	0	0
Pkmyt1	136.181818	0	895	0	143	0	343	117	0	0	0	0	0
Pacrgl	136.181818	0	926	0	214	0	111	247	0	0	0	0	0
Intu	136.181818	0	1329	0	169	0	0	0	0	0	0	0	0
Vps26b	136.090909	0	1001	0	353	0	0	143	0	0	0	0	0
Rad51d	136.090909	0	1218	0	279	0	0	0	0	0	0	0	0
Pusl1	136.090909	0	974	0	0	0	523	0	0	0	0	0	0
Ncapd3	136.090909	0	1001	0	353	0	0	143	0	0	0	0	0
Iqcd	136.090909	0	838	0	179	0	480	0	0	0	0	0	0
Hnrnpr	136.090909	0	675	0	243	0	461	118	0	0	0	0	0
Acap3	136.090909	0	974	0	0	0	523	0	0	0	0	0	0
9130019O22Rik	136.090909	0	1292	0	205	0	0	0	0	0	0	0	0
Trafd1	136.000000	0	1022	0	197	0	277	0	0	0	0	0	0
Tmem186	136.000000	0	1167	0	329	0	0	0	0	0	0	0	0
Rab11fip5	136.000000	0	884	0	210	0	402	0	0	0	0	0	0
Pmm2	136.000000	0	1167	0	329	0	0	0	0	0	0	0	0
Ntpcr	136.000000	0	1090	0	122	0	284	0	0	0	0	0	0
Nap1l4	136.000000	0	925	0	176	0	238	157	0	0	0	0	0
Itch	136.000000	0	1220	0	276	0	0	0	0	0	0	0	0
Cacfd1	136.000000	0	1047	0	196	0	147	106	0	0	0	0	0
Atp5b	136.000000	0	984	0	312	0	200	0	0	0	0	0	0
Tmem120b	135.909091	0	698	0	145	0	531	121	0	0	0	0	0
Thtpa	135.909091	0	1187	0	308	0	0	0	0	0	0	0	0
Rnf130	135.909091	0	1324	0	171	0	0	0	0	0	0	0	0
Phc3	135.909091	0	1292	0	203	0	0	0	0	0	0	0	0
Mbip	135.909091	0	924	0	422	0	0	149	0	0	0	0	0
Knop1	135.909091	0	1085	0	246	0	0	164	0	0	0	0	0
Jmjd1c	135.909091	0	742	0	489	0	161	103	0	0	0	0	0
Iqck	135.909091	0	1085	0	246	0	0	164	0	0	0	0	0
Epb41l5	135.909091	0	811	0	104	0	477	103	0	0	0	0	0
Zfpl1	135.818182	0	831	0	0	0	364	299	0	0	0	0	0
Zfp965	135.818182	0	1060	0	295	0	139	0	0	0	0	0	0
Trit1	135.818182	0	1080	0	251	0	163	0	0	0	0	0	0
Maff	135.818182	0	1048	0	109	0	159	178	0	0	0	0	0
Gatad2b	135.818182	0	873	0	166	0	326	129	0	0	0	0	0
Cdt1	135.818182	0	807	0	135	0	293	259	0	0	0	0	0
Cdca5	135.818182	0	831	0	0	0	364	299	0	0	0	0	0
Arsa	135.818182	0	1226	0	268	0	0	0	0	0	0	0	0
Strn3	135.727273	0	847	0	233	0	223	190	0	0	0	0	0
Slc30a7	135.727273	0	888	0	315	0	201	89	0	0	0	0	0
Mrpl53	135.727273	0	997	0	168	0	188	140	0	0	0	0	0
Extl2	135.727273	0	888	0	315	0	201	89	0	0	0	0	0
Ccdc47	135.727273	0	896	0	216	0	203	178	0	0	0	0	0
Tmed3	135.636364	0	824	0	245	0	255	168	0	0	0	0	0
Taf2	135.636364	0	902	0	362	0	228	0	0	0	0	0	0
Map3k14	135.636364	0	520	0	296	0	556	120	0	0	0	0	0
Ubxn2b	135.545455	0	892	0	298	0	129	172	0	0	0	0	0
Thumpd2	135.545455	0	1250	0	150	0	0	91	0	0	0	0	0
Shq1	135.545455	0	1157	0	141	0	0	193	0	0	0	0	0
Phax	135.545455	0	990	0	370	0	0	131	0	0	0	0	0
Glipr1	135.545455	0	987	0	504	0	0	0	0	0	0	0	0
Aldh7a1	135.545455	0	990	0	370	0	0	131	0	0	0	0	0
Npcd	135.454545	0	816	0	161	0	274	239	0	0	0	0	0
Lrp8	135.454545	0	454	0	251	0	409	376	0	0	0	0	0
Crbn	135.454545	0	1113	0	256	0	121	0	0	0	0	0	0
Cbx6	135.454545	0	816	0	161	0	274	239	0	0	0	0	0
Arrdc1	135.454545	0	1072	0	211	0	207	0	0	0	0	0	0
9530068E07Rik	135.454545	0	1218	0	139	0	133	0	0	0	0	0	0
Tnfrsf12a	135.363636	0	662	0	205	0	351	271	0	0	0	0	0
Ralgapb	135.363636	0	958	0	211	0	320	0	0	0	0	0	0
Prdm15	135.363636	0	1169	0	320	0	0	0	0	0	0	0	0
Pdlim5	135.363636	0	670	0	462	0	357	0	0	0	0	0	0
Gaa	135.363636	0	1268	0	137	0	0	84	0	0	0	0	0
Chordc1	135.363636	0	1085	0	269	0	135	0	0	0	0	0	0
Cfap77	135.363636	0	759	0	123	0	0	607	0	0	0	0	0
Phtf1	135.272727	0	1070	0	418	0	0	0	0	0	0	0	0
Hexim1	135.272727	0	617	0	184	0	263	424	0	0	0	0	0
Gadd45b	135.272727	0	595	0	0	0	588	305	0	0	0	0	0
Fam76b	135.272727	0	794	0	347	0	251	96	0	0	0	0	0
Cfl2	135.272727	0	1036	0	452	0	0	0	0	0	0	0	0
Cep57	135.272727	0	794	0	347	0	251	96	0	0	0	0	0
2510002D24Rik	135.272727	0	1320	0	168	0	0	0	0	0	0	0	0
Zfp991	135.181818	0	893	0	594	0	0	0	0	0	0	0	0
Ralgps1	135.181818	0	1402	0	85	0	0	0	0	0	0	0	0
Mbd3	135.181818	0	890	0	0	0	597	0	0	0	0	0	0
Depdc1a	135.181818	0	901	0	327	0	133	126	0	0	0	0	0
Dclre1b	135.181818	0	1052	0	284	0	151	0	0	0	0	0	0
Cc2d1b	135.181818	0	970	0	285	0	232	0	0	0	0	0	0
Ap4b1	135.181818	0	1052	0	284	0	151	0	0	0	0	0	0
Wdr75	135.090909	0	970	0	349	0	0	167	0	0	0	0	0
Uqcc1	135.090909	0	987	0	289	0	67	143	0	0	0	0	0
Snap47	135.090909	0	1206	0	172	0	108	0	0	0	0	0	0
Skil	135.090909	0	585	0	141	0	633	127	0	0	0	0	0
Prdm4	135.090909	0	820	0	148	0	438	80	0	0	0	0	0
Ncl	135.090909	0	785	0	199	0	347	155	0	0	0	0	0
Jmjd4	135.090909	0	1206	0	172	0	108	0	0	0	0	0	0
Ccdc124	135.090909	0	1132	0	0	0	84	270	0	0	0	0	0
Cbl	135.090909	0	816	0	270	0	270	130	0	0	0	0	0
Actb	135.090909	0	525	0	202	0	381	270	0	0	0	108	0
Zfp251	135.000000	0	1012	0	153	0	196	124	0	0	0	0	0
Smc5	135.000000	0	1041	0	222	0	222	0	0	0	0	0	0
Gpatch3	135.000000	0	919	0	279	0	162	125	0	0	0	0	0
Aifm1	135.000000	0	1105	0	241	0	0	139	0	0	0	0	0
Zfp951	134.909091	0	1124	0	360	0	0	0	0	0	0	0	0
Tatdn1	134.909091	0	1054	0	318	0	0	112	0	0	0	0	0
Ndufb9	134.909091	0	1054	0	318	0	0	112	0	0	0	0	0
Selenot	134.818182	0	1123	0	216	0	144	0	0	0	0	0	0
Mon2	134.818182	0	807	0	171	0	397	108	0	0	0	0	0
Mis12	134.818182	0	896	0	253	0	177	157	0	0	0	0	0
Gtf3c3	134.818182	0	959	0	258	0	0	149	0	0	0	117	0
Eef1a1	134.818182	0	777	0	148	0	212	173	0	0	0	173	0
Derl2	134.818182	0	896	0	253	0	177	157	0	0	0	0	0
Tnks	134.727273	0	616	0	256	0	610	0	0	0	0	0	0
Ranbp3	134.727273	0	860	0	0	0	491	131	0	0	0	0	0
Rab10	134.727273	0	712	0	229	0	455	86	0	0	0	0	0
Nnt	134.727273	0	1028	0	229	0	111	114	0	0	0	0	0
Mtpn	134.727273	0	1044	0	244	0	72	122	0	0	0	0	0
Gskip	134.727273	0	883	0	275	0	324	0	0	0	0	0	0
Fkbp4	134.727273	0	872	0	152	0	458	0	0	0	0	0	0
Cry1	134.727273	0	821	0	340	0	0	321	0	0	0	0	0
Atg2b	134.727273	0	883	0	275	0	324	0	0	0	0	0	0
Zbtb5	134.636364	0	932	0	301	0	248	0	0	0	0	0	0
Mrpl54	134.636364	0	1155	0	0	0	198	128	0	0	0	0	0
Map1lc3b	134.636364	0	878	0	173	0	329	101	0	0	0	0	0
Eri3	134.636364	0	1356	0	0	0	125	0	0	0	0	0	0
Caprin1	134.636364	0	879	0	322	0	0	280	0	0	0	0	0
Bphl	134.636364	0	1247	0	0	0	130	104	0	0	0	0	0
Asb6	134.636364	0	1166	0	185	0	130	0	0	0	0	0	0
Timm10	134.545455	0	869	0	269	0	226	116	0	0	0	0	0
Nup35	134.545455	0	1151	0	239	0	0	90	0	0	0	0	0
Naa25	134.545455	0	919	0	134	0	352	75	0	0	0	0	0
Mrpl34	134.545455	0	798	0	229	0	343	110	0	0	0	0	0
Homer3	134.545455	0	723	0	138	0	478	141	0	0	0	0	0
Epas1	134.545455	0	629	0	259	0	409	183	0	0	0	0	0
Ccnl2	134.545455	0	935	0	280	0	113	152	0	0	0	0	0
Ccdc85c	134.545455	0	650	0	0	0	570	260	0	0	0	0	0
Atic	134.545455	0	921	0	246	0	201	112	0	0	0	0	0
Ap1s3	134.545455	0	1137	0	343	0	0	0	0	0	0	0	0
Tacc1	134.454545	0	911	0	307	0	146	115	0	0	0	0	0
Ostm1	134.454545	0	926	0	252	0	188	113	0	0	0	0	0
Lrch4	134.454545	0	814	0	125	0	397	143	0	0	0	0	0
Comtd1	134.454545	0	1051	0	181	0	168	79	0	0	0	0	0
Zfp617	134.363636	0	1193	0	285	0	0	0	0	0	0	0	0
Ube2n	134.363636	0	1131	0	0	0	240	107	0	0	0	0	0
Rpl32	134.363636	0	1146	0	332	0	0	0	0	0	0	0	0
Pigg	134.363636	0	954	0	388	0	0	136	0	0	0	0	0
Pi4k2a	134.363636	0	837	0	172	0	469	0	0	0	0	0	0
Otulinl	134.363636	0	935	0	393	0	150	0	0	0	0	0	0
Ndufs7	134.363636	0	959	0	206	0	161	152	0	0	0	0	0
Cep57l1	134.363636	0	741	0	362	0	284	91	0	0	0	0	0
Cd151	134.363636	0	967	0	283	0	137	91	0	0	0	0	0
Apc	134.363636	0	824	0	172	0	238	244	0	0	0	0	0
Acer3	134.363636	0	949	0	223	0	306	0	0	0	0	0	0
Zfp68	134.272727	0	1143	0	193	0	141	0	0	0	0	0	0
Zfc3h1	134.272727	0	878	0	368	0	231	0	0	0	0	0	0
Upf3a	134.272727	0	915	0	142	0	226	194	0	0	0	0	0
Thap2	134.272727	0	878	0	368	0	231	0	0	0	0	0	0
Rtl8a	134.272727	0	997	0	309	0	171	0	0	0	0	0	0
Rogdi	134.272727	0	652	0	140	0	568	117	0	0	0	0	0
Rgcc	134.272727	0	877	0	188	0	176	236	0	0	0	0	0
Hdhd2	134.272727	0	1166	0	198	0	0	113	0	0	0	0	0
Tpk1	134.181818	0	1124	0	220	0	0	132	0	0	0	0	0
Prdx6	134.181818	0	1089	0	387	0	0	0	0	0	0	0	0
Ppt1	134.181818	0	1102	0	292	0	0	82	0	0	0	0	0
Pithd1	134.181818	0	1026	0	201	0	249	0	0	0	0	0	0
Mthfd1l	134.181818	0	931	0	136	0	318	91	0	0	0	0	0
Mib1	134.181818	0	1064	0	159	0	253	0	0	0	0	0	0
Lrrcc1	134.181818	0	905	0	316	0	136	119	0	0	0	0	0
Fam160a2	134.181818	0	784	0	212	0	480	0	0	0	0	0	0
Drap1	134.181818	0	996	0	205	0	275	0	0	0	0	0	0
Daxx	134.181818	0	834	0	274	0	239	129	0	0	0	0	0
AI837181	134.181818	0	996	0	205	0	275	0	0	0	0	0	0
Wdr5	134.090909	0	797	0	205	0	385	88	0	0	0	0	0
Uck1	134.090909	0	1073	0	159	0	156	87	0	0	0	0	0
Tmtc2	134.090909	0	481	0	250	0	567	177	0	0	0	0	0
Mecp2	134.090909	0	716	0	240	0	519	0	0	0	0	0	0
Fam104a	134.090909	0	968	0	213	0	206	88	0	0	0	0	0
D11Wsu47e	134.090909	0	968	0	213	0	206	88	0	0	0	0	0
Wdr70	134.000000	0	1240	0	234	0	0	0	0	0	0	0	0
Ube2c	134.000000	0	1036	0	170	0	154	114	0	0	0	0	0
Smarcb1	134.000000	0	1058	0	182	0	0	234	0	0	0	0	0
Skp1	134.000000	0	814	0	359	0	0	197	0	0	0	104	0
Ppip5k2	134.000000	0	827	0	423	0	133	91	0	0	0	0	0
Pold3	134.000000	0	821	0	259	0	202	192	0	0	0	0	0
Mrpl20	134.000000	0	983	0	210	0	173	108	0	0	0	0	0
Gin1	134.000000	0	827	0	423	0	133	91	0	0	0	0	0
Acads	134.000000	0	1016	0	109	0	349	0	0	0	0	0	0
Stx16	133.909091	0	861	0	218	0	96	150	0	0	0	148	0
Slc26a2	133.909091	0	925	0	164	0	230	154	0	0	0	0	0
Rnf11	133.909091	0	960	0	307	0	107	99	0	0	0	0	0
Lrrc8b	133.909091	0	962	0	124	0	231	156	0	0	0	0	0
Lipa	133.909091	0	1075	0	398	0	0	0	0	0	0	0	0
Ercc6l	133.909091	0	1043	0	233	0	197	0	0	0	0	0	0
Dpf2	133.909091	0	972	0	209	0	160	132	0	0	0	0	0
Dipk1a	133.909091	0	871	0	382	0	0	220	0	0	0	0	0
Anln	133.909091	0	1001	0	290	0	182	0	0	0	0	0	0
Zfp873	133.818182	0	1167	0	152	0	0	153	0	0	0	0	0
Snx19	133.818182	0	1141	0	203	0	128	0	0	0	0	0	0
Slc25a38	133.818182	0	1182	0	209	0	0	81	0	0	0	0	0
Ostf1	133.818182	0	885	0	203	0	277	107	0	0	0	0	0
Nmrk1	133.818182	0	885	0	203	0	277	107	0	0	0	0	0
Mrps36	133.818182	0	990	0	141	0	195	146	0	0	0	0	0
Khdrbs1	133.818182	0	837	0	174	0	245	216	0	0	0	0	0
Hspa1b	133.818182	0	871	0	176	0	183	242	0	0	0	0	0
Gorasp2	133.818182	0	861	0	270	0	218	123	0	0	0	0	0
Dennd10	133.818182	0	1171	0	183	0	118	0	0	0	0	0	0
Sptssa	133.727273	0	1011	0	249	0	211	0	0	0	0	0	0
Slc25a10	133.727273	0	799	0	178	0	351	143	0	0	0	0	0
Ruvbl1	133.727273	0	1054	0	207	0	210	0	0	0	0	0	0
Rad18	133.727273	0	975	0	291	0	100	105	0	0	0	0	0
Nup50	133.727273	0	894	0	150	0	225	202	0	0	0	0	0
Naa16	133.727273	0	998	0	233	0	143	97	0	0	0	0	0
Mybl2	133.727273	0	636	0	158	0	524	153	0	0	0	0	0
Mcm6	133.727273	0	1003	0	206	0	262	0	0	0	0	0	0
Hap1	133.727273	0	405	0	0	0	0	1066	0	0	0	0	0
Zkscan1	133.636364	0	1259	0	211	0	0	0	0	0	0	0	0
Zfp324	133.636364	0	1079	0	317	0	0	74	0	0	0	0	0
Tma16	133.636364	0	1118	0	247	0	105	0	0	0	0	0	0
Incenp	133.636364	0	905	0	191	0	278	96	0	0	0	0	0
Gm14296	133.636364	0	985	0	361	0	124	0	0	0	0	0	0
Gm14288	133.636364	0	996	0	307	0	167	0	0	0	0	0	0
Snx2	133.545455	0	1039	0	321	0	109	0	0	0	0	0	0
Mrps10	133.545455	0	1056	0	293	0	0	120	0	0	0	0	0
Kpna4	133.545455	0	774	0	392	0	202	101	0	0	0	0	0
Kmt2b	133.545455	0	776	0	267	0	229	197	0	0	0	0	0
Cep83	133.545455	0	876	0	245	0	231	117	0	0	0	0	0
Snrpd3	133.454545	0	788	0	196	0	341	143	0	0	0	0	0
Sfxn2	133.454545	0	941	0	206	0	321	0	0	0	0	0	0
Rcc1	133.454545	0	1314	0	154	0	0	0	0	0	0	0	0
Ppp1r12c	133.454545	0	1019	0	266	0	183	0	0	0	0	0	0
Nsmce3	133.454545	0	1073	0	137	0	258	0	0	0	0	0	0
Nrbp1	133.454545	0	830	0	190	0	448	0	0	0	0	0	0
Mms22l	133.454545	0	1006	0	327	0	135	0	0	0	0	0	0
Gucd1	133.454545	0	788	0	196	0	341	143	0	0	0	0	0
Arl3	133.454545	0	941	0	206	0	321	0	0	0	0	0	0
Arl2	133.454545	0	1059	0	208	0	0	201	0	0	0	0	0
Tom1l2	133.363636	0	909	0	165	0	244	149	0	0	0	0	0
Tnrc6b	133.363636	0	965	0	238	0	126	138	0	0	0	0	0
Rnasek	133.363636	0	712	0	203	0	0	552	0	0	0	0	0
Ranbp6	133.363636	0	1104	0	363	0	0	0	0	0	0	0	0
Pdcd7	133.363636	0	959	0	148	0	256	104	0	0	0	0	0
Nek7	133.363636	0	802	0	665	0	0	0	0	0	0	0	0
Gtpbp2	133.363636	0	542	0	154	0	543	228	0	0	0	0	0
Fam168b	133.363636	0	1025	0	205	0	237	0	0	0	0	0	0
Drc3	133.363636	0	909	0	165	0	244	149	0	0	0	0	0
Agpat4	133.363636	0	880	0	304	0	150	133	0	0	0	0	0
Zdhhc6	133.272727	0	1056	0	287	0	0	123	0	0	0	0	0
Vti1a	133.272727	0	1056	0	287	0	0	123	0	0	0	0	0
Rnf19b	133.272727	0	691	0	313	0	366	96	0	0	0	0	0
Rbm12b2	133.272727	0	962	0	386	0	118	0	0	0	0	0	0
Rbm12b1	133.272727	0	1104	0	362	0	0	0	0	0	0	0	0
Grap	133.272727	0	1131	0	335	0	0	0	0	0	0	0	0
Yeats4	133.181818	0	1140	0	186	0	0	139	0	0	0	0	0
Twistnb	133.181818	0	1124	0	191	0	0	150	0	0	0	0	0
Tpm3	133.181818	0	887	0	169	0	409	0	0	0	0	0	0
Supt16	133.181818	0	1215	0	250	0	0	0	0	0	0	0	0
Spdye4b	133.181818	0	875	0	129	0	240	221	0	0	0	0	0
Snx3	133.181818	0	872	0	250	0	202	141	0	0	0	0	0
Rbak	133.181818	0	875	0	129	0	240	221	0	0	0	0	0
Prps1l3	133.181818	0	964	0	392	0	109	0	0	0	0	0	0
Mipol1	133.181818	0	964	0	392	0	109	0	0	0	0	0	0
Fam122a	133.181818	0	838	0	361	0	157	109	0	0	0	0	0
Mfsd14b	133.090909	0	1102	0	246	0	116	0	0	0	0	0	0
Hdhd3	133.090909	0	1060	0	264	0	140	0	0	0	0	0	0
Tmem203	133.000000	0	1021	0	218	0	0	224	0	0	0	0	0
Srrt	133.000000	0	904	0	348	0	211	0	0	0	0	0	0
Srgap2	133.000000	0	848	0	164	0	451	0	0	0	0	0	0
Snapc4	133.000000	0	1078	0	242	0	143	0	0	0	0	0	0
Ppp4r2	133.000000	0	1007	0	163	0	137	156	0	0	0	0	0
Otud4	133.000000	0	684	0	233	0	428	118	0	0	0	0	0
Ndor1	133.000000	0	1021	0	218	0	0	224	0	0	0	0	0
Mrs2	133.000000	0	1014	0	289	0	160	0	0	0	0	0	0
Fam72a	133.000000	0	848	0	164	0	451	0	0	0	0	0	0
Tbc1d9b	132.909091	0	1178	0	284	0	0	0	0	0	0	0	0
Tap2	132.909091	0	1178	0	284	0	0	0	0	0	0	0	0
Slc12a9	132.909091	0	1005	0	183	0	274	0	0	0	0	0	0
Pyurf	132.909091	0	1311	0	151	0	0	0	0	0	0	0	0
Prmt7	132.909091	0	849	0	211	0	268	134	0	0	0	0	0
Manea	132.909091	0	916	0	255	0	162	129	0	0	0	0	0
Herc4	132.909091	0	992	0	209	0	261	0	0	0	0	0	0
Gltp	132.909091	0	1108	0	144	0	210	0	0	0	0	0	0
Frrs1	132.909091	0	1011	0	451	0	0	0	0	0	0	0	0
Dcaf7	132.909091	0	1056	0	225	0	181	0	0	0	0	0	0
Atrip	132.909091	0	1055	0	261	0	0	146	0	0	0	0	0
Arl5a	132.909091	0	943	0	256	0	263	0	0	0	0	0	0
Zfp558	132.818182	0	1090	0	262	0	109	0	0	0	0	0	0
Otud7b	132.818182	0	1119	0	159	0	183	0	0	0	0	0	0
Nip7	132.818182	0	940	0	145	0	192	184	0	0	0	0	0
Hadh	132.818182	0	1093	0	220	0	148	0	0	0	0	0	0
Cog8	132.818182	0	940	0	145	0	192	184	0	0	0	0	0
Brd4	132.818182	0	969	0	405	0	0	87	0	0	0	0	0
Araf	132.818182	0	1208	0	253	0	0	0	0	0	0	0	0
Zfp30	132.727273	0	1248	0	212	0	0	0	0	0	0	0	0
Vps13d	132.727273	0	1105	0	264	0	0	91	0	0	0	0	0
Tubd1	132.727273	0	790	0	181	0	196	293	0	0	0	0	0
Sbno2	132.727273	0	1175	0	114	0	171	0	0	0	0	0	0
Rps6kb1	132.727273	0	790	0	181	0	196	293	0	0	0	0	0
Ddx60	132.727273	0	1046	0	414	0	0	0	0	0	0	0	0
Dctn1	132.727273	0	884	0	299	0	157	120	0	0	0	0	0
Ankle2	132.727273	0	1069	0	278	0	0	113	0	0	0	0	0
Zhx1	132.636364	0	718	0	151	0	590	0	0	0	0	0	0
Zbtb43	132.636364	0	959	0	181	0	319	0	0	0	0	0	0
Wdr78	132.636364	0	985	0	207	0	267	0	0	0	0	0	0
Oxr1	132.636364	0	695	0	311	0	96	357	0	0	0	0	0
Nisch	132.636364	0	1063	0	300	0	0	96	0	0	0	0	0
Nf2	132.636364	0	919	0	328	0	212	0	0	0	0	0	0
Msto1	132.636364	0	918	0	226	0	193	122	0	0	0	0	0
Mier1	132.636364	0	985	0	207	0	267	0	0	0	0	0	0
Glg1	132.636364	0	788	0	207	0	354	110	0	0	0	0	0
Dpm1	132.636364	0	1114	0	142	0	0	203	0	0	0	0	0
Csrnp2	132.636364	0	804	0	162	0	175	318	0	0	0	0	0
2610008E11Rik	132.636364	0	1152	0	307	0	0	0	0	0	0	0	0
Znhit6	132.545455	0	818	0	239	0	204	197	0	0	0	0	0
Pgm2l1	132.545455	0	816	0	227	0	211	204	0	0	0	0	0
Mocs3	132.545455	0	1114	0	141	0	0	203	0	0	0	0	0
Dynll1	132.545455	0	762	0	138	0	480	78	0	0	0	0	0
Dsn1	132.545455	0	1031	0	316	0	111	0	0	0	0	0	0
Arcn1	132.454545	0	1068	0	293	0	0	96	0	0	0	0	0
Pik3c2a	132.363636	0	698	0	173	0	472	113	0	0	0	0	0
Nagk	132.363636	0	923	0	219	0	183	131	0	0	0	0	0
Frmd4a	132.363636	0	945	0	248	0	263	0	0	0	0	0	0
Ebp	132.363636	0	1182	0	201	0	0	73	0	0	0	0	0
Dnaja3	132.363636	0	1024	0	300	0	132	0	0	0	0	0	0
Dennd1a	132.363636	0	1029	0	300	0	127	0	0	0	0	0	0
Arpc1a	132.363636	0	1178	0	278	0	0	0	0	0	0	0	0
Usp1	132.272727	0	948	0	306	0	201	0	0	0	0	0	0
Trim33	132.272727	0	1083	0	188	0	0	184	0	0	0	0	0
Ninj1	132.272727	0	898	0	129	0	329	99	0	0	0	0	0
Mcph1	132.272727	0	1162	0	156	0	0	137	0	0	0	0	0
Calcrl	132.272727	0	743	0	533	0	0	179	0	0	0	0	0
Vezt	132.181818	0	983	0	235	0	236	0	0	0	0	0	0
Ubxn4	132.181818	0	948	0	344	0	0	162	0	0	0	0	0
Tollip	132.181818	0	1132	0	158	0	164	0	0	0	0	0	0
Rps13	132.181818	0	943	0	313	0	198	0	0	0	0	0	0
Rdh11	132.181818	0	1002	0	452	0	0	0	0	0	0	0	0
Rab1a	132.181818	0	794	0	262	0	259	139	0	0	0	0	0
Ppp4r3b	132.181818	0	869	0	473	0	0	112	0	0	0	0	0
Pim1	132.181818	0	474	0	240	0	740	0	0	0	0	0	0
Fgd6	132.181818	0	983	0	235	0	236	0	0	0	0	0	0
Csgalnact2	132.181818	0	746	0	189	0	316	203	0	0	0	0	0
Zxdc	132.090909	0	801	0	151	0	382	119	0	0	0	0	0
Tmsb15l	132.090909	0	1005	0	448	0	0	0	0	0	0	0	0
Tmsb15b1	132.090909	0	1005	0	448	0	0	0	0	0	0	0	0
Rnf166	132.090909	0	671	0	163	0	356	263	0	0	0	0	0
Rint1	132.090909	0	1025	0	189	0	158	81	0	0	0	0	0
Pcid2	132.090909	0	892	0	239	0	322	0	0	0	0	0	0
Ing1	132.090909	0	617	0	128	0	411	136	0	0	0	161	0
Ehhadh	132.090909	0	1199	0	254	0	0	0	0	0	0	0	0
Ctu2	132.090909	0	671	0	163	0	356	263	0	0	0	0	0
Trappc8	132.000000	0	842	0	263	0	258	89	0	0	0	0	0
Secisbp2	132.000000	0	1045	0	197	0	98	112	0	0	0	0	0
Ppp1r7	132.000000	0	738	0	406	0	184	124	0	0	0	0	0
Pask	132.000000	0	738	0	406	0	184	124	0	0	0	0	0
Mia3	132.000000	0	856	0	204	0	256	136	0	0	0	0	0
Mapre1	132.000000	0	963	0	167	0	245	77	0	0	0	0	0
Dnajc19	132.000000	0	1087	0	259	0	0	106	0	0	0	0	0
Arpc2	132.000000	0	831	0	264	0	256	101	0	0	0	0	0
Tmem216	131.909091	0	1024	0	320	0	0	107	0	0	0	0	0
Mapkapk3	131.909091	0	930	0	275	0	246	0	0	0	0	0	0
Irgm2	131.909091	0	1155	0	296	0	0	0	0	0	0	0	0
Dpagt1	131.909091	0	1152	0	214	0	0	85	0	0	0	0	0
Dnajb4	131.909091	0	837	0	311	0	212	91	0	0	0	0	0
Cblb	131.909091	0	913	0	227	0	197	114	0	0	0	0	0
Zfp341	131.818182	0	1061	0	182	0	98	109	0	0	0	0	0
Tmem19	131.818182	0	947	0	280	0	223	0	0	0	0	0	0
Tcea1	131.818182	0	989	0	345	0	116	0	0	0	0	0	0
Tbc1d19	131.818182	0	1062	0	288	0	0	100	0	0	0	0	0
Oxld1	131.818182	0	1113	0	235	0	0	102	0	0	0	0	0
Map3k3	131.818182	0	720	0	207	0	378	145	0	0	0	0	0
Ccdc137	131.818182	0	1113	0	235	0	0	102	0	0	0	0	0
Borcs6	131.818182	0	785	0	303	0	362	0	0	0	0	0	0
Utp4	131.727273	0	1069	0	380	0	0	0	0	0	0	0	0
Use1	131.727273	0	1146	0	233	0	70	0	0	0	0	0	0
Tmem38b	131.727273	0	1162	0	287	0	0	0	0	0	0	0	0
Prodh	131.727273	0	628	0	0	0	821	0	0	0	0	0	0
Ocel1	131.727273	0	1123	0	0	0	240	86	0	0	0	0	0
Nop14	131.727273	0	851	0	179	0	309	110	0	0	0	0	0
Hpcal1	131.727273	0	949	0	134	0	366	0	0	0	0	0	0
Grk4	131.727273	0	851	0	179	0	309	110	0	0	0	0	0
Dtwd2	131.727273	0	840	0	315	0	132	162	0	0	0	0	0
Derpc	131.727273	0	1069	0	380	0	0	0	0	0	0	0	0
Chtf8	131.727273	0	1069	0	380	0	0	0	0	0	0	0	0
Tesk1	131.636364	0	801	0	171	0	290	186	0	0	0	0	0
Snf8	131.636364	0	1085	0	217	0	0	146	0	0	0	0	0
Slain2	131.636364	0	639	0	188	0	621	0	0	0	0	0	0
Rnf113a2	131.636364	0	1217	0	177	0	54	0	0	0	0	0	0
Reep4	131.636364	0	1026	0	160	0	262	0	0	0	0	0	0
Klc1	131.636364	0	972	0	143	0	202	131	0	0	0	0	0
Agk	131.636364	0	1292	0	156	0	0	0	0	0	0	0	0
Rpsa	131.545455	0	1142	0	168	0	0	137	0	0	0	0	0
Nufip1	131.545455	0	1015	0	270	0	0	162	0	0	0	0	0
Mrpl37	131.545455	0	1093	0	187	0	167	0	0	0	0	0	0
Lrrc45	131.545455	0	853	0	169	0	354	71	0	0	0	0	0
Kctd20	131.545455	0	1013	0	203	0	137	94	0	0	0	0	0
Htt	131.545455	0	927	0	319	0	201	0	0	0	0	0	0
Gpalpp1	131.545455	0	1015	0	270	0	0	162	0	0	0	0	0
Cyb5rl	131.545455	0	1093	0	187	0	167	0	0	0	0	0	0
Cenpx	131.545455	0	853	0	169	0	354	71	0	0	0	0	0
Alad	131.545455	0	982	0	153	0	166	146	0	0	0	0	0
Tmem35b	131.454545	0	1168	0	172	0	106	0	0	0	0	0	0
Nt5c3b	131.454545	0	1109	0	139	0	198	0	0	0	0	0	0
Klhl10	131.454545	0	1109	0	139	0	198	0	0	0	0	0	0
Flt3l	131.454545	0	811	0	328	0	164	143	0	0	0	0	0
Commd7	131.454545	0	1153	0	293	0	0	0	0	0	0	0	0
Bach1	131.454545	0	995	0	306	0	145	0	0	0	0	0	0
Abraxas2	131.454545	0	1223	0	223	0	0	0	0	0	0	0	0
Trio	131.363636	0	916	0	0	0	432	97	0	0	0	0	0
Rnf139	131.363636	0	850	0	290	0	202	103	0	0	0	0	0
Nqo2	131.363636	0	951	0	348	0	0	0	0	0	146	0	0
Ncoa7	131.363636	0	1000	0	379	0	0	66	0	0	0	0	0
Ube2f	131.272727	0	799	0	278	0	162	205	0	0	0	0	0
Spg7	131.272727	0	914	0	229	0	169	132	0	0	0	0	0
Sh2b3	131.272727	0	551	0	86	0	807	0	0	0	0	0	0
Ddit4	131.272727	0	696	0	198	0	335	215	0	0	0	0	0
Cd9	131.272727	0	1194	0	250	0	0	0	0	0	0	0	0
Utp14b	131.181818	0	674	0	162	0	336	143	0	0	0	128	0
Unc45a	131.181818	0	1046	0	232	0	165	0	0	0	0	0	0
Ubn1	131.181818	0	806	0	333	0	234	70	0	0	0	0	0
Tram2	131.181818	0	982	0	271	0	190	0	0	0	0	0	0
Tesk2	131.181818	0	924	0	206	0	313	0	0	0	0	0	0
Ssbp1	131.181818	0	978	0	169	0	143	153	0	0	0	0	0
Rexo2	131.181818	0	1001	0	247	0	109	86	0	0	0	0	0
Hlf	131.181818	0	130	0	0	0	1313	0	0	0	0	0	0
Glyr1	131.181818	0	806	0	333	0	234	70	0	0	0	0	0
Flnb	131.181818	0	957	0	224	0	148	114	0	0	0	0	0
Acsl3	131.181818	0	674	0	162	0	336	143	0	0	0	128	0
Vamp9	131.090909	0	1171	0	138	0	133	0	0	0	0	0	0
Tmem106b	131.090909	0	932	0	241	0	0	269	0	0	0	0	0
Rspry1	131.090909	0	801	0	244	0	238	159	0	0	0	0	0
Psme3ip1	131.090909	0	801	0	244	0	238	159	0	0	0	0	0
Efcab11	131.090909	0	825	0	249	0	368	0	0	0	0	0	0
Dsel	131.090909	0	570	0	192	0	568	112	0	0	0	0	0
Dcaf5	131.090909	0	805	0	354	0	164	119	0	0	0	0	0
Card6	131.090909	0	936	0	506	0	0	0	0	0	0	0	0
Zfp653	131.000000	0	999	0	0	0	442	0	0	0	0	0	0
Txnip	131.000000	0	673	0	280	0	0	488	0	0	0	0	0
Rpl8	131.000000	0	748	0	114	0	579	0	0	0	0	0	0
Yae1d1	130.909091	0	1160	0	280	0	0	0	0	0	0	0	0
Soat1	130.909091	0	931	0	127	0	382	0	0	0	0	0	0
Psmf1	130.909091	0	1170	0	151	0	0	119	0	0	0	0	0
Pggt1b	130.909091	0	1022	0	323	0	0	95	0	0	0	0	0
Pcgf3	130.909091	0	764	0	153	0	406	117	0	0	0	0	0
Zfp335	130.818182	0	958	0	154	0	178	149	0	0	0	0	0
Rmnd1	130.818182	0	1058	0	167	0	115	99	0	0	0	0	0
Nup62	130.818182	0	923	0	204	0	198	114	0	0	0	0	0
Il4i1b	130.818182	0	923	0	204	0	198	114	0	0	0	0	0
Hinfp	130.818182	0	905	0	0	0	389	145	0	0	0	0	0
Dync1li2	130.818182	0	1130	0	172	0	137	0	0	0	0	0	0
Bola3	130.818182	0	988	0	285	0	166	0	0	0	0	0	0
Armt1	130.818182	0	1058	0	167	0	115	99	0	0	0	0	0
Tmem9	130.727273	0	1060	0	248	0	0	130	0	0	0	0	0
Selenoo	130.727273	0	861	0	234	0	197	146	0	0	0	0	0
Rras	130.727273	0	458	0	158	0	604	218	0	0	0	0	0
Atp6v0a2	130.727273	0	913	0	219	0	306	0	0	0	0	0	0
Ykt6	130.636364	0	994	0	222	0	221	0	0	0	0	0	0
Tubgcp3	130.636364	0	792	0	172	0	206	267	0	0	0	0	0
Trps1	130.636364	0	990	0	447	0	0	0	0	0	0	0	0
Pfkfb1	130.636364	0	1052	0	385	0	0	0	0	0	0	0	0
Matr3	130.636364	0	1078	0	267	0	92	0	0	0	0	0	0
Lonp1	130.636364	0	797	0	0	0	394	246	0	0	0	0	0
Ccdc71l	130.636364	0	974	0	174	0	184	105	0	0	0	0	0
Catsperd	130.636364	0	797	0	0	0	394	246	0	0	0	0	0
Apex2	130.636364	0	1052	0	385	0	0	0	0	0	0	0	0
Zfp667	130.545455	0	842	0	260	0	334	0	0	0	0	0	0
Zbtb49	130.545455	0	930	0	182	0	202	122	0	0	0	0	0
Zbtb11	130.545455	0	839	0	246	0	257	94	0	0	0	0	0
Snx27	130.545455	0	928	0	244	0	264	0	0	0	0	0	0
Rrbp1	130.545455	0	851	0	0	0	585	0	0	0	0	0	0
Mtarc2	130.545455	0	884	0	229	0	323	0	0	0	0	0	0
Lyar	130.545455	0	930	0	182	0	202	122	0	0	0	0	0
Lrrc51	130.545455	0	754	0	289	0	210	183	0	0	0	0	0
Zzef1	130.454545	0	903	0	209	0	199	124	0	0	0	0	0
Sptlc2	130.454545	0	638	0	254	0	543	0	0	0	0	0	0
Pycr2	130.454545	0	1097	0	252	0	0	86	0	0	0	0	0
Gtf2a2	130.454545	0	1004	0	254	0	177	0	0	0	0	0	0
Gm3604	130.454545	0	1104	0	331	0	0	0	0	0	0	0	0
Dpp9	130.454545	0	759	0	153	0	172	351	0	0	0	0	0
Cyb5d2	130.454545	0	903	0	209	0	199	124	0	0	0	0	0
Cep350	130.454545	0	916	0	211	0	93	215	0	0	0	0	0
Stard6	130.363636	0	1016	0	418	0	0	0	0	0	0	0	0
Sh3bgrl	130.363636	0	879	0	405	0	0	150	0	0	0	0	0
Lage3	130.363636	0	1132	0	302	0	0	0	0	0	0	0	0
Dpy30	130.363636	0	1110	0	189	0	0	135	0	0	0	0	0
Dnajc3	130.363636	0	948	0	125	0	361	0	0	0	0	0	0
Cd37	130.363636	0	1124	0	310	0	0	0	0	0	0	0	0
4930503L19Rik	130.363636	0	1016	0	418	0	0	0	0	0	0	0	0
1810013L24Rik	130.363636	0	776	0	232	0	426	0	0	0	0	0	0
Sumo1	130.272727	0	1153	0	280	0	0	0	0	0	0	0	0
Slc25a51	130.272727	0	990	0	303	0	0	140	0	0	0	0	0
Sec24d	130.272727	0	916	0	275	0	87	155	0	0	0	0	0
Rsl1	130.272727	0	1083	0	350	0	0	0	0	0	0	0	0
Rbm43	130.272727	0	956	0	375	0	0	102	0	0	0	0	0
Nckap1l	130.272727	0	1070	0	363	0	0	0	0	0	0	0	0
Gcc2	130.272727	0	897	0	250	0	146	140	0	0	0	0	0
Ccdc186	130.272727	0	1190	0	0	0	243	0	0	0	0	0	0
Stt3b	130.181818	0	570	0	263	0	502	97	0	0	0	0	0
Sass6	130.181818	0	1006	0	237	0	84	105	0	0	0	0	0
Rpusd4	130.181818	0	1182	0	250	0	0	0	0	0	0	0	0
Kif23	130.181818	0	814	0	298	0	219	101	0	0	0	0	0
Fam118b	130.181818	0	1182	0	250	0	0	0	0	0	0	0	0
Fabp5	130.181818	0	752	0	177	0	354	149	0	0	0	0	0
Capn15	130.181818	0	851	0	194	0	167	220	0	0	0	0	0
Abhd17c	130.181818	0	731	0	172	0	529	0	0	0	0	0	0
Sumo2	130.090909	0	863	0	165	0	299	104	0	0	0	0	0
Slc35f5	130.090909	0	655	0	284	0	357	135	0	0	0	0	0
Rabgap1l	130.090909	0	636	0	301	0	257	237	0	0	0	0	0
Plekhb2	130.090909	0	1302	0	129	0	0	0	0	0	0	0	0
Oaz2	130.090909	0	787	0	190	0	454	0	0	0	0	0	0
Naxd	130.090909	0	1068	0	208	0	0	155	0	0	0	0	0
Ipo5	130.090909	0	520	0	211	0	700	0	0	0	0	0	0
Gm20939	130.090909	0	1035	0	396	0	0	0	0	0	0	0	0
Fxn	130.090909	0	957	0	370	0	0	104	0	0	0	0	0
Flii	130.090909	0	779	0	208	0	444	0	0	0	0	0	0
Dtd1	130.090909	0	1040	0	180	0	122	89	0	0	0	0	0
Dlst	130.090909	0	947	0	232	0	0	252	0	0	0	0	0
Ythdc2	130.000000	0	1139	0	223	0	0	68	0	0	0	0	0
Paqr3	130.000000	0	693	0	326	0	411	0	0	0	0	0	0
Il3ra	130.000000	0	1160	0	270	0	0	0	0	0	0	0	0
Hmg20b	130.000000	0	671	0	0	0	665	94	0	0	0	0	0
Fbxl3	130.000000	0	844	0	217	0	369	0	0	0	0	0	0
Entpd6	130.000000	0	894	0	0	0	392	144	0	0	0	0	0
Ahctf1	130.000000	0	763	0	0	0	537	130	0	0	0	0	0
Zfand2b	129.909091	0	915	0	224	0	177	113	0	0	0	0	0
Tmem217	129.909091	0	894	0	244	0	291	0	0	0	0	0	0
Tbc1d22b	129.909091	0	894	0	244	0	291	0	0	0	0	0	0
Rpl14	129.909091	0	846	0	317	0	141	125	0	0	0	0	0
Rad51ap1	129.909091	0	940	0	383	0	0	106	0	0	0	0	0
Ppm1b	129.909091	0	723	0	304	0	402	0	0	0	0	0	0
Osbpl11	129.909091	0	1107	0	144	0	178	0	0	0	0	0	0
Naglu	129.909091	0	983	0	166	0	280	0	0	0	0	0	0
Gmip	129.909091	0	1139	0	290	0	0	0	0	0	0	0	0
Dlat	129.909091	0	855	0	256	0	140	178	0	0	0	0	0
Dap	129.909091	0	826	0	133	0	344	126	0	0	0	0	0
D6Wsu163e	129.909091	0	940	0	383	0	0	106	0	0	0	0	0
Zscan25	129.818182	0	1178	0	250	0	0	0	0	0	0	0	0
Ubr5	129.818182	0	794	0	247	0	387	0	0	0	0	0	0
Spg20	129.818182	0	1066	0	153	0	99	110	0	0	0	0	0
Scpep1	129.818182	0	597	0	229	0	442	160	0	0	0	0	0
Mrpl52	129.818182	0	1036	0	236	0	0	156	0	0	0	0	0
Mettl26	129.818182	0	1014	0	216	0	88	110	0	0	0	0	0
Cog7	129.818182	0	1288	0	140	0	0	0	0	0	0	0	0
Trim23	129.727273	0	956	0	390	0	0	81	0	0	0	0	0
Trappc13	129.727273	0	956	0	390	0	0	81	0	0	0	0	0
Tex22	129.727273	0	1068	0	359	0	0	0	0	0	0	0	0
Tarbp2	129.727273	0	609	0	241	0	458	119	0	0	0	0	0
Stk38l	129.727273	0	728	0	172	0	432	95	0	0	0	0	0
Snrpa1	129.727273	0	935	0	288	0	103	101	0	0	0	0	0
Shld3	129.727273	0	956	0	390	0	0	81	0	0	0	0	0
Paqr4	129.727273	0	555	0	128	0	744	0	0	0	0	0	0
Mov10	129.727273	0	951	0	368	0	0	108	0	0	0	0	0
Exosc3	129.727273	0	1035	0	172	0	76	144	0	0	0	0	0
Dnlz	129.727273	0	1008	0	199	0	220	0	0	0	0	0	0
Atxn7l3	129.727273	0	579	0	145	0	571	132	0	0	0	0	0
Unc93b1	129.636364	0	1137	0	289	0	0	0	0	0	0	0	0
Ubald2	129.636364	0	1037	0	151	0	238	0	0	0	0	0	0
Tsen15	129.636364	0	838	0	205	0	203	94	0	0	0	86	0
Leng9	129.636364	0	1066	0	283	0	0	77	0	0	0	0	0
Ccdc112	129.636364	0	748	0	177	0	501	0	0	0	0	0	0
Trmt10c	129.545455	0	1016	0	273	0	0	136	0	0	0	0	0
P4hb	129.545455	0	746	0	136	0	380	163	0	0	0	0	0
Ncbp3	129.545455	0	921	0	256	0	248	0	0	0	0	0	0
Gm14440	129.545455	0	996	0	262	0	167	0	0	0	0	0	0
Chchd5	129.545455	0	867	0	310	0	147	101	0	0	0	0	0
Ubac2	129.454545	0	940	0	126	0	229	129	0	0	0	0	0
Slc39a14	129.454545	0	1134	0	170	0	0	120	0	0	0	0	0
Rpp25l	129.454545	0	1167	0	257	0	0	0	0	0	0	0	0
Lancl2	129.454545	0	957	0	244	0	0	223	0	0	0	0	0
Gadd45a	129.454545	0	897	0	146	0	249	132	0	0	0	0	0
6720489N17Rik	129.454545	0	1045	0	379	0	0	0	0	0	0	0	0
Zkscan7	129.363636	0	1177	0	246	0	0	0	0	0	0	0	0
Zbed4	129.363636	0	831	0	151	0	325	116	0	0	0	0	0
Vwa8	129.363636	0	1081	0	213	0	0	129	0	0	0	0	0
Thada	129.363636	0	960	0	243	0	132	88	0	0	0	0	0
Spata32	129.363636	0	1181	0	242	0	0	0	0	0	0	0	0
Smad5	129.363636	0	1120	0	124	0	0	179	0	0	0	0	0
Map3k10	129.363636	0	1112	0	203	0	0	108	0	0	0	0	0
Lrch3	129.363636	0	1033	0	390	0	0	0	0	0	0	0	0
Loxl3	129.363636	0	1182	0	241	0	0	0	0	0	0	0	0
Dok1	129.363636	0	1182	0	241	0	0	0	0	0	0	0	0
Agpat5	129.363636	0	850	0	335	0	118	120	0	0	0	0	0
Zbtb18	129.272727	0	596	0	199	0	627	0	0	0	0	0	0
Wdr93	129.272727	0	1069	0	100	0	171	82	0	0	0	0	0
Tubb4b	129.272727	0	817	0	240	0	216	149	0	0	0	0	0
Snx29	129.272727	0	930	0	268	0	224	0	0	0	0	0	0
Rufy1	129.272727	0	1088	0	334	0	0	0	0	0	0	0	0
Pex11a	129.272727	0	1069	0	100	0	171	82	0	0	0	0	0
Pelp1	129.272727	0	906	0	104	0	230	182	0	0	0	0	0
Ip6k1	129.272727	0	829	0	331	0	129	133	0	0	0	0	0
Cdc37l1	129.272727	0	872	0	257	0	293	0	0	0	0	0	0
Becn1	129.272727	0	1104	0	202	0	0	116	0	0	0	0	0
Tango2	129.181818	0	930	0	195	0	296	0	0	0	0	0	0
Ndufb3	129.181818	0	1043	0	378	0	0	0	0	0	0	0	0
Man2b2	129.181818	0	1207	0	214	0	0	0	0	0	0	0	0
Fam126b	129.181818	0	1043	0	378	0	0	0	0	0	0	0	0
Zfp1	129.090909	0	1125	0	0	0	145	150	0	0	0	0	0
Zdhhc13	129.090909	0	976	0	204	0	240	0	0	0	0	0	0
Ubxn1	129.090909	0	938	0	181	0	210	91	0	0	0	0	0
Sp1	129.090909	0	867	0	0	0	383	170	0	0	0	0	0
Rnf170	129.090909	0	1118	0	177	0	125	0	0	0	0	0	0
Ilkap	129.090909	0	954	0	155	0	311	0	0	0	0	0	0
Hook3	129.090909	0	1118	0	177	0	125	0	0	0	0	0	0
Homer1	129.090909	0	856	0	314	0	132	118	0	0	0	0	0
Gsn	129.090909	0	1236	0	98	0	86	0	0	0	0	0	0
Gmeb1	129.090909	0	923	0	339	0	158	0	0	0	0	0	0
Fkbp8	129.090909	0	921	0	367	0	132	0	0	0	0	0	0
Cat	129.090909	0	1015	0	295	0	0	110	0	0	0	0	0
Ubn2	129.000000	0	805	0	135	0	297	182	0	0	0	0	0
Nsf	129.000000	0	1092	0	203	0	124	0	0	0	0	0	0
Haus7	129.000000	0	719	0	326	0	247	127	0	0	0	0	0
Fbxo28	129.000000	0	954	0	465	0	0	0	0	0	0	0	0
Zfp553	128.909091	0	782	0	338	0	180	118	0	0	0	0	0
Myh14	128.909091	0	0	0	0	0	1007	411	0	0	0	0	0
Kbtbd8	128.909091	0	926	0	177	0	188	127	0	0	0	0	0
H2az2	128.909091	0	649	0	287	0	252	230	0	0	0	0	0
Fbxo30	128.909091	0	1049	0	184	0	0	185	0	0	0	0	0
Abcb6	128.909091	0	759	0	216	0	278	165	0	0	0	0	0
Zfp708	128.818182	0	1060	0	357	0	0	0	0	0	0	0	0
Tsc22d4	128.818182	0	620	0	165	0	233	399	0	0	0	0	0
Suz12	128.818182	0	739	0	321	0	201	156	0	0	0	0	0
Smim13	128.818182	0	849	0	222	0	157	189	0	0	0	0	0
Mns1	128.818182	0	673	0	397	0	138	209	0	0	0	0	0
Man2c1	128.818182	0	1052	0	237	0	128	0	0	0	0	0	0
Dcakd	128.818182	0	907	0	0	0	319	191	0	0	0	0	0
Wdr35	128.727273	0	1061	0	217	0	0	138	0	0	0	0	0
Rfc3	128.727273	0	863	0	286	0	119	148	0	0	0	0	0
Egr1	128.727273	0	761	0	266	0	163	226	0	0	0	0	0
Ankrd40	128.727273	0	919	0	169	0	328	0	0	0	0	0	0
A430005L14Rik	128.727273	0	912	0	207	0	174	123	0	0	0	0	0
Gtf3c1	128.636364	0	993	0	183	0	129	110	0	0	0	0	0
D430042O09Rik	128.636364	0	993	0	183	0	129	110	0	0	0	0	0
Arl2bp	128.636364	0	1048	0	254	0	113	0	0	0	0	0	0
Ankrd6	128.636364	0	617	0	0	0	499	299	0	0	0	0	0
Zfp551	128.545455	0	1037	0	377	0	0	0	0	0	0	0	0
Tmem94	128.545455	0	1017	0	111	0	163	123	0	0	0	0	0
S100a10	128.545455	0	841	0	408	0	0	165	0	0	0	0	0
Prrc2c	128.545455	0	781	0	351	0	187	95	0	0	0	0	0
Oma1	128.545455	0	1020	0	189	0	205	0	0	0	0	0	0
Eif3e	128.545455	0	1019	0	194	0	201	0	0	0	0	0	0
Arhgef4	128.545455	0	954	0	95	0	256	109	0	0	0	0	0
Tob1	128.454545	0	497	0	200	0	504	0	0	0	0	212	0
Tfb2m	128.454545	0	782	0	219	0	273	139	0	0	0	0	0
Ppp2r3a	128.454545	0	390	0	0	0	1023	0	0	0	0	0	0
Fam207a	128.454545	0	871	0	216	0	219	107	0	0	0	0	0
Cnst	128.454545	0	782	0	219	0	273	139	0	0	0	0	0
Adprh	128.454545	0	948	0	200	0	157	108	0	0	0	0	0
Wiz	128.363636	0	846	0	286	0	280	0	0	0	0	0	0
Ttll4	128.363636	0	1182	0	118	0	0	112	0	0	0	0	0
Rcc2	128.363636	0	979	0	291	0	142	0	0	0	0	0	0
Cipc	128.363636	0	802	0	151	0	267	192	0	0	0	0	0
Atp6v1g1	128.363636	0	1167	0	154	0	91	0	0	0	0	0	0
Zfp800	128.272727	0	818	0	347	0	246	0	0	0	0	0	0
Ythdf1	128.272727	0	929	0	205	0	277	0	0	0	0	0	0
Xrcc4	128.272727	0	788	0	377	0	107	139	0	0	0	0	0
Tmem167	128.272727	0	788	0	377	0	107	139	0	0	0	0	0
Scoc	128.272727	0	708	0	203	0	280	220	0	0	0	0	0
Pvr	128.272727	0	1227	0	184	0	0	0	0	0	0	0	0
Kansl1l	128.272727	0	1187	0	224	0	0	0	0	0	0	0	0
A930007A09Rik	128.272727	0	1202	0	123	0	86	0	0	0	0	0	0
Supt4a	128.181818	0	862	0	197	0	240	111	0	0	0	0	0
Smim14	128.181818	0	767	0	236	0	237	170	0	0	0	0	0
Isoc1	128.181818	0	1073	0	337	0	0	0	0	0	0	0	0
Gpr107	128.181818	0	926	0	178	0	179	127	0	0	0	0	0
Dusp23	128.181818	0	970	0	135	0	176	129	0	0	0	0	0
Coq9	128.181818	0	1050	0	221	0	139	0	0	0	0	0	0
Ciapin1	128.181818	0	1050	0	221	0	139	0	0	0	0	0	0
Ccar2	128.181818	0	780	0	197	0	205	228	0	0	0	0	0
Arhgap30	128.181818	0	1058	0	352	0	0	0	0	0	0	0	0
Zbtb7b	128.090909	0	370	0	181	0	858	0	0	0	0	0	0
Zbtb17	128.090909	0	1085	0	0	0	168	156	0	0	0	0	0
Rnf125	128.090909	0	1098	0	311	0	0	0	0	0	0	0	0
Ppig	128.090909	0	972	0	270	0	0	167	0	0	0	0	0
Osbpl2	128.090909	0	584	0	184	0	519	122	0	0	0	0	0
Nmd3	128.090909	0	1005	0	404	0	0	0	0	0	0	0	0
Ing3	128.090909	0	1022	0	152	0	109	126	0	0	0	0	0
Cebpzos	128.090909	0	990	0	276	0	0	143	0	0	0	0	0
Smc1a	128.000000	0	858	0	220	0	147	183	0	0	0	0	0
Selenoi	128.000000	0	912	0	164	0	332	0	0	0	0	0	0
Rsbn1l	128.000000	0	960	0	347	0	0	101	0	0	0	0	0
Ribc1	128.000000	0	858	0	220	0	147	183	0	0	0	0	0
Rfc1	128.000000	0	938	0	185	0	138	147	0	0	0	0	0
Med13	128.000000	0	1088	0	219	0	0	101	0	0	0	0	0
Hnrnpf	128.000000	0	860	0	240	0	202	106	0	0	0	0	0
Zfand5	127.909091	0	698	0	204	0	397	108	0	0	0	0	0
Ttyh3	127.909091	0	661	0	225	0	521	0	0	0	0	0	0
Tmem17	127.909091	0	824	0	236	0	206	141	0	0	0	0	0
Sgk3	127.909091	0	1040	0	367	0	0	0	0	0	0	0	0
Psme4	127.909091	0	880	0	376	0	151	0	0	0	0	0	0
Pnpla6	127.909091	0	1009	0	261	0	0	137	0	0	0	0	0
Lrguk	127.909091	0	880	0	392	0	0	135	0	0	0	0	0
Kctd18	127.909091	0	1004	0	216	0	187	0	0	0	0	0	0
Ppp3ca	127.818182	0	679	0	261	0	466	0	0	0	0	0	0
Pak4	127.818182	0	652	0	0	0	754	0	0	0	0	0	0
Ift140	127.818182	0	577	0	196	0	355	278	0	0	0	0	0
Gon4l	127.818182	0	1252	0	154	0	0	0	0	0	0	0	0
Fbl	127.818182	0	788	0	206	0	244	168	0	0	0	0	0
Cuedc2	127.818182	0	965	0	126	0	188	127	0	0	0	0	0
Bfar	127.818182	0	850	0	471	0	0	85	0	0	0	0	0
Rbm11	127.727273	0	923	0	179	0	303	0	0	0	0	0	0
Ctdp1	127.727273	0	1009	0	188	0	0	208	0	0	0	0	0
Arid5a	127.727273	0	848	0	219	0	338	0	0	0	0	0	0
Zfp281	127.636364	0	580	0	291	0	431	102	0	0	0	0	0
Tmem128	127.636364	0	1155	0	249	0	0	0	0	0	0	0	0
Slc16a10	127.636364	0	776	0	318	0	310	0	0	0	0	0	0
Setd2	127.636364	0	809	0	196	0	258	141	0	0	0	0	0
Scfd2	127.636364	0	1052	0	157	0	0	195	0	0	0	0	0
Rnf115	127.636364	0	876	0	253	0	275	0	0	0	0	0	0
Polr3c	127.636364	0	876	0	253	0	275	0	0	0	0	0	0
Lin9	127.636364	0	1045	0	194	0	165	0	0	0	0	0	0
Fkbp5	127.636364	0	646	0	254	0	504	0	0	0	0	0	0
Cers6	127.636364	0	916	0	341	0	0	147	0	0	0	0	0
Bcl2l1	127.636364	0	911	0	279	0	98	116	0	0	0	0	0
Traf5	127.545455	0	915	0	198	0	290	0	0	0	0	0	0
Taf1	127.545455	0	883	0	137	0	213	170	0	0	0	0	0
Sat1	127.545455	0	898	0	195	0	195	115	0	0	0	0	0
Parl	127.545455	0	1122	0	281	0	0	0	0	0	0	0	0
Cabcoco1	127.545455	0	1045	0	358	0	0	0	0	0	0	0	0
Zfp62	127.454545	0	800	0	307	0	295	0	0	0	0	0	0
Tbca	127.454545	0	953	0	184	0	183	82	0	0	0	0	0
Nacc2	127.454545	0	96	0	0	0	1034	272	0	0	0	0	0
Map7d1	127.454545	0	553	0	0	0	0	849	0	0	0	0	0
Haus5	127.454545	0	868	0	216	0	169	149	0	0	0	0	0
Faap20	127.454545	0	874	0	132	0	258	138	0	0	0	0	0
Cenpe	127.454545	0	795	0	228	0	108	271	0	0	0	0	0
Zfp384	127.363636	0	710	0	161	0	393	137	0	0	0	0	0
Slco4a1	127.363636	0	1056	0	208	0	137	0	0	0	0	0	0
Slc52a2	127.363636	0	850	0	191	0	360	0	0	0	0	0	0
Fbxl6	127.363636	0	850	0	191	0	360	0	0	0	0	0	0
Cotl1	127.363636	0	640	0	250	0	313	198	0	0	0	0	0
Cd46	127.363636	0	1110	0	291	0	0	0	0	0	0	0	0
Sh3glb1	127.272727	0	906	0	311	0	183	0	0	0	0	0	0
Map1a	127.272727	0	745	0	255	0	294	106	0	0	0	0	0
Grk6	127.272727	0	587	0	298	0	515	0	0	0	0	0	0
Gcfc2	127.272727	0	1090	0	310	0	0	0	0	0	0	0	0
Eif1ad	127.272727	0	1260	0	0	0	140	0	0	0	0	0	0
Eef1g	127.272727	0	846	0	272	0	169	113	0	0	0	0	0
Chmp7	127.272727	0	1019	0	0	0	157	224	0	0	0	0	0
Ccdc91	127.272727	0	1047	0	211	0	0	142	0	0	0	0	0
Banf1	127.272727	0	1260	0	0	0	140	0	0	0	0	0	0
Wdr45	127.181818	0	1206	0	193	0	0	0	0	0	0	0	0
Spata6	127.181818	0	733	0	197	0	380	89	0	0	0	0	0
Smg8	127.181818	0	1084	0	175	0	140	0	0	0	0	0	0
Rpl12	127.181818	0	691	0	172	0	536	0	0	0	0	0	0
Nanp	127.181818	0	879	0	294	0	103	123	0	0	0	0	0
Lrsam1	127.181818	0	691	0	172	0	536	0	0	0	0	0	0
Ireb2	127.181818	0	798	0	170	0	337	94	0	0	0	0	0
Gpr18	127.181818	0	1025	0	374	0	0	0	0	0	0	0	0
Eif4h	127.181818	0	907	0	301	0	191	0	0	0	0	0	0
Zbtb9	127.090909	0	804	0	154	0	303	137	0	0	0	0	0
Vamp8	127.090909	0	1070	0	328	0	0	0	0	0	0	0	0
Trap1	127.090909	0	1028	0	233	0	0	137	0	0	0	0	0
Smyd5	127.090909	0	1106	0	176	0	116	0	0	0	0	0	0
Kmt2c	127.090909	0	608	0	159	0	438	193	0	0	0	0	0
9930021J03Rik	127.090909	0	721	0	346	0	331	0	0	0	0	0	0
Zfp456	127.000000	0	992	0	405	0	0	0	0	0	0	0	0
Zfp354c	127.000000	0	1173	0	224	0	0	0	0	0	0	0	0
Rsl1d1	127.000000	0	1042	0	218	0	137	0	0	0	0	0	0
Mef2a	127.000000	0	1014	0	196	0	0	187	0	0	0	0	0
Cox7b	127.000000	0	985	0	412	0	0	0	0	0	0	0	0
Atp2a2	127.000000	0	832	0	168	0	155	242	0	0	0	0	0
Zfp69	126.909091	0	922	0	160	0	314	0	0	0	0	0	0
Traf3ip2	126.909091	0	1051	0	345	0	0	0	0	0	0	0	0
Ptpn2	126.909091	0	1213	0	0	0	0	183	0	0	0	0	0
Gm33989	126.909091	0	985	0	278	0	133	0	0	0	0	0	0
Dbr1	126.909091	0	1062	0	170	0	0	164	0	0	0	0	0
Coq10a	126.909091	0	871	0	188	0	242	95	0	0	0	0	0
Cops7a	126.909091	0	1232	0	0	0	88	76	0	0	0	0	0
Thbs3	126.818182	0	1315	0	0	0	0	80	0	0	0	0	0
Puf60	126.818182	0	1106	0	131	0	158	0	0	0	0	0	0
Mrps18c	126.818182	0	901	0	375	0	0	119	0	0	0	0	0
Mpp5	126.818182	0	941	0	262	0	192	0	0	0	0	0	0
Mmgt2	126.818182	0	1059	0	336	0	0	0	0	0	0	0	0
Lrrc75a	126.818182	0	1059	0	336	0	0	0	0	0	0	0	0
Helq	126.818182	0	901	0	375	0	0	119	0	0	0	0	0
Reep6	126.727273	0	212	0	0	0	1082	100	0	0	0	0	0
Ralgps2	126.727273	0	832	0	292	0	0	270	0	0	0	0	0
Rab27a	126.727273	0	1137	0	257	0	0	0	0	0	0	0	0
Pcsk4	126.727273	0	212	0	0	0	1082	100	0	0	0	0	0
Pbx4	126.727273	0	762	0	0	0	385	247	0	0	0	0	0
Lgals9	126.727273	0	957	0	437	0	0	0	0	0	0	0	0
Fads1	126.727273	0	981	0	275	0	138	0	0	0	0	0	0
Enox2	126.727273	0	1185	0	209	0	0	0	0	0	0	0	0
Zmym5	126.636364	0	653	0	167	0	573	0	0	0	0	0	0
Taf4	126.636364	0	957	0	0	0	113	160	0	0	0	163	0
Plin2	126.636364	0	1153	0	240	0	0	0	0	0	0	0	0
Pdpk1	126.636364	0	989	0	236	0	168	0	0	0	0	0	0
Kctd9	126.636364	0	1057	0	221	0	115	0	0	0	0	0	0
Gna11	126.636364	0	807	0	205	0	381	0	0	0	0	0	0
Cdca2	126.636364	0	1057	0	221	0	115	0	0	0	0	0	0
AI429214	126.636364	0	1081	0	312	0	0	0	0	0	0	0	0
Usp14	126.545455	0	958	0	320	0	114	0	0	0	0	0	0
Rmdn1	126.545455	0	800	0	221	0	196	175	0	0	0	0	0
Prpf38b	126.545455	0	942	0	279	0	0	171	0	0	0	0	0
Pfdn2	126.545455	0	1097	0	295	0	0	0	0	0	0	0	0
Nit1	126.545455	0	1097	0	295	0	0	0	0	0	0	0	0
Mob3c	126.545455	0	1072	0	187	0	0	133	0	0	0	0	0
Tex10	126.454545	0	811	0	243	0	208	129	0	0	0	0	0
Srpk2	126.454545	0	780	0	238	0	0	373	0	0	0	0	0
Slc66a1	126.454545	0	836	0	133	0	422	0	0	0	0	0	0
Rbm45	126.454545	0	1099	0	292	0	0	0	0	0	0	0	0
Pola1	126.454545	0	987	0	404	0	0	0	0	0	0	0	0
Mrps16	126.454545	0	849	0	204	0	249	89	0	0	0	0	0
Id3	126.454545	0	732	0	120	0	539	0	0	0	0	0	0
Akr7a5	126.454545	0	836	0	133	0	422	0	0	0	0	0	0
Abca17	126.454545	0	1066	0	0	0	167	158	0	0	0	0	0
Ttpal	126.363636	0	1079	0	190	0	0	121	0	0	0	0	0
Rpusd3	126.363636	0	957	0	223	0	210	0	0	0	0	0	0
Prkab2	126.363636	0	712	0	162	0	516	0	0	0	0	0	0
Gm3325	126.363636	0	1072	0	318	0	0	0	0	0	0	0	0
Endog	126.363636	0	934	0	0	0	270	186	0	0	0	0	0
Brms1	126.363636	0	661	0	182	0	331	216	0	0	0	0	0
Alg6	126.363636	0	525	0	158	0	539	168	0	0	0	0	0
Pla2g12a	126.272727	0	1023	0	268	0	98	0	0	0	0	0	0
Hcls1	126.272727	0	963	0	426	0	0	0	0	0	0	0	0
Hccs	126.272727	0	906	0	142	0	341	0	0	0	0	0	0
H2-T23	126.272727	0	1050	0	339	0	0	0	0	0	0	0	0
Gm15246	126.272727	0	906	0	142	0	341	0	0	0	0	0	0
Tm9sf3	126.181818	0	944	0	232	0	212	0	0	0	0	0	0
Sfxn4	126.181818	0	918	0	257	0	213	0	0	0	0	0	0
Pcbd2	126.181818	0	1104	0	284	0	0	0	0	0	0	0	0
Nrm	126.181818	0	906	0	0	0	482	0	0	0	0	0	0
Kti12	126.181818	0	1100	0	168	0	0	120	0	0	0	0	0
Clint1	126.181818	0	738	0	536	0	114	0	0	0	0	0	0
Trnau1ap	126.090909	0	859	0	213	0	192	123	0	0	0	0	0
Tmem143	126.090909	0	741	0	256	0	254	136	0	0	0	0	0
Syngr4	126.090909	0	741	0	256	0	254	136	0	0	0	0	0
Spata1	126.090909	0	909	0	190	0	288	0	0	0	0	0	0
Nagpa	126.090909	0	1219	0	168	0	0	0	0	0	0	0	0
Gng5	126.090909	0	909	0	190	0	288	0	0	0	0	0	0
Armh3	126.090909	0	893	0	161	0	221	112	0	0	0	0	0
2310022B05Rik	126.090909	0	837	0	191	0	359	0	0	0	0	0	0
Rrad	126.000000	0	1000	0	386	0	0	0	0	0	0	0	0
Reep3	126.000000	0	791	0	299	0	296	0	0	0	0	0	0
Rcan3	126.000000	0	992	0	161	0	233	0	0	0	0	0	0
Rab6a	126.000000	0	705	0	147	0	341	193	0	0	0	0	0
Id1	126.000000	0	170	0	90	0	953	173	0	0	0	0	0
Huwe1	126.000000	0	714	0	371	0	181	120	0	0	0	0	0
Extl3	126.000000	0	1050	0	189	0	147	0	0	0	0	0	0
Etv3	126.000000	0	944	0	235	0	0	207	0	0	0	0	0
Crkl	126.000000	0	819	0	270	0	192	105	0	0	0	0	0
Ckap2	126.000000	0	971	0	160	0	137	118	0	0	0	0	0
Tmem70	125.909091	0	1194	0	191	0	0	0	0	0	0	0	0
Pptc7	125.909091	0	920	0	192	0	273	0	0	0	0	0	0
Pip5k1a	125.909091	0	960	0	194	0	231	0	0	0	0	0	0
Naa35	125.909091	0	795	0	183	0	320	87	0	0	0	0	0
Mief2	125.909091	0	941	0	0	0	444	0	0	0	0	0	0
Map4k1	125.909091	0	808	0	248	0	174	155	0	0	0	0	0
Exoc2	125.909091	0	924	0	241	0	0	220	0	0	0	0	0
Zfp383	125.818182	0	988	0	396	0	0	0	0	0	0	0	0
Trappc5	125.818182	0	1074	0	224	0	86	0	0	0	0	0	0
Tmem116	125.818182	0	948	0	137	0	197	102	0	0	0	0	0
Slc6a9	125.818182	0	775	0	132	0	377	100	0	0	0	0	0
Rdh14	125.818182	0	1050	0	230	0	0	104	0	0	0	0	0
Poll	125.818182	0	1051	0	179	0	154	0	0	0	0	0	0
Lnpep	125.818182	0	674	0	208	0	369	133	0	0	0	0	0
Fnip2	125.818182	0	1079	0	0	0	170	135	0	0	0	0	0
Erp29	125.818182	0	948	0	137	0	197	102	0	0	0	0	0
Dpcd	125.818182	0	1051	0	179	0	154	0	0	0	0	0	0
Cdk13	125.818182	0	652	0	317	0	255	160	0	0	0	0	0
Zdhhc7	125.727273	0	1090	0	181	0	0	112	0	0	0	0	0
Uhrf1	125.727273	0	1037	0	159	0	187	0	0	0	0	0	0
Trip12	125.727273	0	944	0	317	0	122	0	0	0	0	0	0
Pmpca	125.727273	0	1001	0	110	0	272	0	0	0	0	0	0
Lcmt2	125.727273	0	1097	0	173	0	0	113	0	0	0	0	0
Fbxo36	125.727273	0	944	0	317	0	122	0	0	0	0	0	0
Entr1	125.727273	0	1001	0	110	0	272	0	0	0	0	0	0
Adal	125.727273	0	1097	0	173	0	0	113	0	0	0	0	0
Zfp207	125.636364	0	1129	0	253	0	0	0	0	0	0	0	0
Tsfm	125.636364	0	1089	0	0	0	157	136	0	0	0	0	0
Smndc1	125.636364	0	796	0	142	0	205	239	0	0	0	0	0
Rps6ka1	125.636364	0	1002	0	256	0	0	124	0	0	0	0	0
Mllt10	125.636364	0	780	0	249	0	353	0	0	0	0	0	0
Snrpf	125.545455	0	1047	0	334	0	0	0	0	0	0	0	0
Ska3	125.545455	0	1103	0	278	0	0	0	0	0	0	0	0
Ndrg3	125.545455	0	946	0	435	0	0	0	0	0	0	0	0
Mrpl57	125.545455	0	1103	0	278	0	0	0	0	0	0	0	0
Dpy19l4	125.545455	0	808	0	242	0	119	0	0	0	0	212	0
Zswim7	125.454545	0	918	0	176	0	151	135	0	0	0	0	0
Zfp994	125.454545	0	1014	0	366	0	0	0	0	0	0	0	0
Zfp574	125.454545	0	627	0	176	0	426	151	0	0	0	0	0
Ttc19	125.454545	0	918	0	176	0	151	135	0	0	0	0	0
Slc25a4	125.454545	0	823	0	185	0	245	127	0	0	0	0	0
Pigbos1	125.454545	0	1087	0	193	0	0	100	0	0	0	0	0
Pigb	125.454545	0	1087	0	193	0	0	100	0	0	0	0	0
Morc2a	125.454545	0	711	0	298	0	371	0	0	0	0	0	0
Fam91a1	125.454545	0	631	0	422	0	327	0	0	0	0	0	0
Ddx20	125.454545	0	794	0	249	0	217	120	0	0	0	0	0
Arhgap35	125.454545	0	1103	0	132	0	145	0	0	0	0	0	0
Tada1	125.363636	0	957	0	165	0	158	99	0	0	0	0	0
Sart1	125.363636	0	846	0	259	0	274	0	0	0	0	0	0
Pet117	125.363636	0	1026	0	224	0	0	129	0	0	0	0	0
Ndfip2	125.363636	0	832	0	321	0	226	0	0	0	0	0	0
Kat14	125.363636	0	1026	0	224	0	0	129	0	0	0	0	0
Ippk	125.363636	0	793	0	154	0	432	0	0	0	0	0	0
Hspa4	125.363636	0	805	0	176	0	251	147	0	0	0	0	0
AW209491	125.363636	0	1239	0	140	0	0	0	0	0	0	0	0
4930544D05Rik	125.363636	0	1054	0	325	0	0	0	0	0	0	0	0
Upf2	125.272727	0	945	0	283	0	0	150	0	0	0	0	0
Tmppe	125.272727	0	971	0	144	0	115	148	0	0	0	0	0
Rnf19a	125.272727	0	859	0	362	0	0	157	0	0	0	0	0
Ehbp1	125.272727	0	662	0	217	0	401	98	0	0	0	0	0
Trir	125.181818	0	802	0	197	0	378	0	0	0	0	0	0
Stk35	125.181818	0	838	0	442	0	97	0	0	0	0	0	0
Slc16a1	125.181818	0	624	0	275	0	372	106	0	0	0	0	0
Manbal	125.181818	0	1076	0	191	0	0	110	0	0	0	0	0
H4f16	125.181818	0	685	0	181	0	211	300	0	0	0	0	0
Baz2b	125.181818	0	1042	0	335	0	0	0	0	0	0	0	0
Arfgef2	125.181818	0	1022	0	185	0	170	0	0	0	0	0	0
Nr4a1	125.090909	0	797	0	216	0	165	198	0	0	0	0	0
Ahcyl2	125.090909	0	1036	0	249	0	91	0	0	0	0	0	0
Tcirg1	125.000000	0	1116	0	170	0	89	0	0	0	0	0	0
Otub1	125.000000	0	1080	0	0	0	194	101	0	0	0	0	0
Nfe2l2	125.000000	0	718	0	0	0	572	85	0	0	0	0	0
Mxd4	125.000000	0	798	0	138	0	284	155	0	0	0	0	0
Mtap	125.000000	0	1010	0	169	0	89	107	0	0	0	0	0
Mrps15	125.000000	0	892	0	213	0	147	123	0	0	0	0	0
Maml1	125.000000	0	712	0	303	0	248	112	0	0	0	0	0
Dus1l	125.000000	0	1128	0	0	0	149	98	0	0	0	0	0
Capzb	125.000000	0	817	0	89	0	353	116	0	0	0	0	0
Usp19	124.909091	0	938	0	167	0	161	108	0	0	0	0	0
Nxpe3	124.909091	0	846	0	312	0	123	93	0	0	0	0	0
Malt1	124.909091	0	605	0	417	0	352	0	0	0	0	0	0
Idh3b	124.909091	0	1082	0	292	0	0	0	0	0	0	0	0
Eefsec	124.909091	0	1250	0	124	0	0	0	0	0	0	0	0
Dnajc11	124.909091	0	1075	0	192	0	0	107	0	0	0	0	0
Cox6c	124.818182	0	1129	0	244	0	0	0	0	0	0	0	0
Atp5a1	124.818182	0	1011	0	362	0	0	0	0	0	0	0	0
Nutf2	124.727273	0	793	0	0	0	334	245	0	0	0	0	0
Hdhd5	124.727273	0	1043	0	169	0	160	0	0	0	0	0	0
Galc	124.727273	0	1123	0	249	0	0	0	0	0	0	0	0
Depdc1b	124.727273	0	936	0	210	0	135	91	0	0	0	0	0
Bod1	124.727273	0	941	0	185	0	144	102	0	0	0	0	0
Anxa7	124.727273	0	1103	0	269	0	0	0	0	0	0	0	0
Zfp287	124.636364	0	932	0	237	0	81	121	0	0	0	0	0
Zfhx2	124.636364	0	900	0	268	0	0	203	0	0	0	0	0
Wdhd1	124.636364	0	836	0	296	0	70	169	0	0	0	0	0
Thrap3	124.636364	0	967	0	114	0	155	135	0	0	0	0	0
Svbp	124.636364	0	851	0	277	0	243	0	0	0	0	0	0
Spata7	124.636364	0	832	0	180	0	211	148	0	0	0	0	0
Socs4	124.636364	0	836	0	296	0	70	169	0	0	0	0	0
Slc25a25	124.636364	0	590	0	154	0	627	0	0	0	0	0	0
Kyat3	124.636364	0	841	0	153	0	226	151	0	0	0	0	0
Hs6st1	124.636364	0	632	0	0	0	739	0	0	0	0	0	0
Eno1	124.636364	0	807	0	254	0	310	0	0	0	0	0	0
Usp34	124.545455	0	776	0	313	0	180	101	0	0	0	0	0
Ubtd2	124.545455	0	698	0	210	0	324	138	0	0	0	0	0
Trim35	124.545455	0	803	0	274	0	185	108	0	0	0	0	0
Tgfbr3	124.545455	0	986	0	251	0	0	133	0	0	0	0	0
Numa1	124.545455	0	1046	0	77	0	101	146	0	0	0	0	0
Nucb2	124.545455	0	720	0	124	0	314	212	0	0	0	0	0
Mccc2	124.545455	0	853	0	138	0	282	97	0	0	0	0	0
Golm2	124.545455	0	770	0	196	0	252	152	0	0	0	0	0
Zfp970	124.454545	0	1010	0	254	0	0	105	0	0	0	0	0
Rab2a	124.454545	0	878	0	219	0	272	0	0	0	0	0	0
P4htm	124.454545	0	1090	0	158	0	0	121	0	0	0	0	0
Hmg20a	124.454545	0	762	0	200	0	288	119	0	0	0	0	0
Cdk9	124.454545	0	1037	0	151	0	181	0	0	0	0	0	0
Arsb	124.454545	0	958	0	411	0	0	0	0	0	0	0	0
1190007I07Rik	124.454545	0	1008	0	262	0	0	99	0	0	0	0	0
Vps36	124.363636	0	1032	0	336	0	0	0	0	0	0	0	0
Mylip	124.363636	0	658	0	198	0	353	159	0	0	0	0	0
Mtmr3	124.363636	0	886	0	219	0	263	0	0	0	0	0	0
Men1	124.363636	0	810	0	0	0	392	166	0	0	0	0	0
Immp2l	124.363636	0	1028	0	0	0	340	0	0	0	0	0	0
Hoxa4	124.363636	0	1121	0	136	0	0	111	0	0	0	0	0
Epb41l2	124.363636	0	879	0	155	0	334	0	0	0	0	0	0
Dnaja2	124.363636	0	789	0	284	0	295	0	0	0	0	0	0
Cfl1	124.363636	0	803	0	311	0	129	125	0	0	0	0	0
Arhgap11a	124.363636	0	824	0	264	0	79	201	0	0	0	0	0
Ankrd12	124.363636	0	802	0	243	0	230	93	0	0	0	0	0
Tmem50a	124.272727	0	1031	0	0	0	336	0	0	0	0	0	0
Thap11	124.272727	0	1110	0	257	0	0	0	0	0	0	0	0
Ikbkb	124.272727	0	1082	0	285	0	0	0	0	0	0	0	0
Fam83d	124.272727	0	813	0	0	0	446	108	0	0	0	0	0
Evl	124.272727	0	750	0	324	0	293	0	0	0	0	0	0
Tbc1d8b	124.181818	0	816	0	317	0	75	158	0	0	0	0	0
Zkscan17	124.000000	0	961	0	301	0	102	0	0	0	0	0	0
Zfp275	124.000000	0	992	0	221	0	151	0	0	0	0	0	0
Kbtbd7	124.000000	0	725	0	0	0	415	224	0	0	0	0	0
Capn5	124.000000	0	1094	0	270	0	0	0	0	0	0	0	0
Bloc1s6	124.000000	0	1110	0	254	0	0	0	0	0	0	0	0
Usp38	123.909091	0	497	0	247	0	438	181	0	0	0	0	0
Stk4	123.909091	0	609	0	212	0	542	0	0	0	0	0	0
Sem1	123.909091	0	1073	0	290	0	0	0	0	0	0	0	0
Rbm38	123.909091	0	429	0	127	0	632	175	0	0	0	0	0
Rbks	123.909091	0	981	0	249	0	0	133	0	0	0	0	0
Rab5c	123.909091	0	953	0	0	0	272	138	0	0	0	0	0
Pagr1a	123.909091	0	1235	0	0	0	0	128	0	0	0	0	0
Pacs1	123.909091	0	638	0	142	0	583	0	0	0	0	0	0
Kpna6	123.909091	0	1045	0	227	0	0	91	0	0	0	0	0
Klf16	123.909091	0	936	0	0	0	427	0	0	0	0	0	0
Babam2	123.909091	0	981	0	249	0	0	133	0	0	0	0	0
Zfp82	123.818182	0	967	0	253	0	0	142	0	0	0	0	0
Trabd	123.818182	0	683	0	90	0	303	286	0	0	0	0	0
Scai	123.818182	0	824	0	337	0	201	0	0	0	0	0	0
Maea	123.818182	0	1043	0	123	0	196	0	0	0	0	0	0
Erlin1	123.818182	0	894	0	217	0	114	137	0	0	0	0	0
Cdkn2d	123.818182	0	699	0	136	0	412	115	0	0	0	0	0
Calhm6	123.818182	0	938	0	424	0	0	0	0	0	0	0	0
Zranb3	123.727273	0	690	0	237	0	296	138	0	0	0	0	0
Vps37b	123.727273	0	740	0	253	0	368	0	0	0	0	0	0
Suox	123.727273	0	1034	0	327	0	0	0	0	0	0	0	0
R3hdm1	123.727273	0	690	0	237	0	296	138	0	0	0	0	0
Mrps2	123.727273	0	1191	0	170	0	0	0	0	0	0	0	0
Kif5b	123.727273	0	799	0	321	0	108	133	0	0	0	0	0
Fbxo3	123.727273	0	1044	0	317	0	0	0	0	0	0	0	0
4931422A03Rik	123.727273	0	1044	0	317	0	0	0	0	0	0	0	0
Ube2q1	123.636364	0	701	0	224	0	298	137	0	0	0	0	0
Tomm70a	123.636364	0	1006	0	245	0	0	109	0	0	0	0	0
Srsf4	123.636364	0	876	0	191	0	293	0	0	0	0	0	0
Sephs2	123.636364	0	1050	0	210	0	100	0	0	0	0	0	0
Ramac	123.636364	0	857	0	377	0	126	0	0	0	0	0	0
Prrg1	123.636364	0	1011	0	349	0	0	0	0	0	0	0	0
Dpy19l1	123.636364	0	742	0	219	0	266	133	0	0	0	0	0
B230219D22Rik	123.636364	0	918	0	160	0	153	129	0	0	0	0	0
Zfp945	123.545455	0	947	0	325	0	0	87	0	0	0	0	0
Tmem64	123.545455	0	662	0	145	0	446	106	0	0	0	0	0
Smad4	123.545455	0	837	0	374	0	148	0	0	0	0	0	0
Nupl2	123.545455	0	964	0	237	0	0	158	0	0	0	0	0
Gdi1	123.545455	0	1015	0	344	0	0	0	0	0	0	0	0
Asf1b	123.545455	0	776	0	217	0	259	107	0	0	0	0	0
Zfp239	123.454545	0	1107	0	251	0	0	0	0	0	0	0	0
Nadk	123.454545	0	926	0	164	0	268	0	0	0	0	0	0
Naa38	123.454545	0	1078	0	280	0	0	0	0	0	0	0	0
Ift172	123.454545	0	762	0	187	0	281	128	0	0	0	0	0
Emd	123.454545	0	970	0	170	0	218	0	0	0	0	0	0
Cyb5d1	123.454545	0	1078	0	280	0	0	0	0	0	0	0	0
Aff1	123.454545	0	836	0	234	0	0	288	0	0	0	0	0
Adnp2	123.454545	0	749	0	265	0	344	0	0	0	0	0	0
Samd8	123.363636	0	1001	0	192	0	164	0	0	0	0	0	0
Psmb1	123.363636	0	1021	0	336	0	0	0	0	0	0	0	0
Me2	123.363636	0	1006	0	157	0	91	103	0	0	0	0	0
Ncoa1	123.272727	0	1122	0	234	0	0	0	0	0	0	0	0
Ints6	123.272727	0	665	0	171	0	399	0	0	0	0	121	0
Foxk1	123.272727	0	889	0	259	0	103	105	0	0	0	0	0
Eif2s3y	123.272727	0	1098	0	258	0	0	0	0	0	0	0	0
Cog3	123.272727	0	891	0	125	0	213	127	0	0	0	0	0
Armc1	123.272727	0	812	0	212	0	155	177	0	0	0	0	0
Slc35c1	123.181818	0	960	0	150	0	114	131	0	0	0	0	0
Rlim	123.181818	0	632	0	256	0	338	129	0	0	0	0	0
Rbm17	123.181818	0	938	0	284	0	133	0	0	0	0	0	0
Ptpn12	123.181818	0	906	0	233	0	216	0	0	0	0	0	0
Dtnbp1	123.181818	0	880	0	318	0	0	157	0	0	0	0	0
Ccm2	123.181818	0	876	0	203	0	276	0	0	0	0	0	0
Sys1	123.090909	0	956	0	190	0	208	0	0	0	0	0	0
Sft2d3	123.090909	0	1166	0	188	0	0	0	0	0	0	0	0
Mst1	123.090909	0	1138	0	0	0	123	93	0	0	0	0	0
Gnpnat1	123.090909	0	734	0	310	0	205	105	0	0	0	0	0
Ece1	123.090909	0	1055	0	128	0	171	0	0	0	0	0	0
Dicer1	123.090909	0	1035	0	239	0	80	0	0	0	0	0	0
Syncrip	123.000000	0	749	0	0	0	465	139	0	0	0	0	0
Srrd	123.000000	0	946	0	232	0	175	0	0	0	0	0	0
Snx12	123.000000	0	1034	0	228	0	0	91	0	0	0	0	0
Icmt	123.000000	0	963	0	0	0	390	0	0	0	0	0	0
Hps4	123.000000	0	946	0	232	0	175	0	0	0	0	0	0
Gabpa	123.000000	0	821	0	265	0	178	89	0	0	0	0	0
Cpd	123.000000	0	768	0	167	0	418	0	0	0	0	0	0
Chmp6	123.000000	0	1015	0	186	0	0	152	0	0	0	0	0
Atp5j	123.000000	0	821	0	265	0	178	89	0	0	0	0	0
Wipf1	122.909091	0	991	0	361	0	0	0	0	0	0	0	0
Slc25a27	122.909091	0	1200	0	152	0	0	0	0	0	0	0	0
Pcyt1a	122.909091	0	756	0	295	0	165	136	0	0	0	0	0
Mettl27	122.909091	0	1205	0	147	0	0	0	0	0	0	0	0
Dcun1d4	122.909091	0	712	0	161	0	479	0	0	0	0	0	0
Cyp39a1	122.909091	0	1200	0	152	0	0	0	0	0	0	0	0
Abl1	122.909091	0	880	0	277	0	195	0	0	0	0	0	0
Ube2r2	122.818182	0	866	0	369	0	0	116	0	0	0	0	0
Syngr2	122.818182	0	795	0	141	0	415	0	0	0	0	0	0
Hspa12a	122.818182	0	971	0	254	0	0	126	0	0	0	0	0
Fyttd1	122.818182	0	800	0	186	0	245	120	0	0	0	0	0
Ficd	122.818182	0	1006	0	95	0	123	127	0	0	0	0	0
Eno4	122.818182	0	971	0	254	0	0	126	0	0	0	0	0
Atp5e	122.818182	0	1093	0	129	0	129	0	0	0	0	0	0
Zfp677	122.727273	0	875	0	475	0	0	0	0	0	0	0	0
Zbtb40	122.727273	0	811	0	156	0	151	232	0	0	0	0	0
Ube2d3	122.727273	0	630	0	203	0	517	0	0	0	0	0	0
Nbn	122.727273	0	959	0	108	0	97	186	0	0	0	0	0
Mea1	122.727273	0	718	0	111	0	436	85	0	0	0	0	0
Klhdc3	122.727273	0	718	0	111	0	436	85	0	0	0	0	0
Hcfc2	122.727273	0	951	0	178	0	103	118	0	0	0	0	0
Fmnl3	122.727273	0	684	0	0	0	550	116	0	0	0	0	0
Asf1a	122.727273	0	771	0	281	0	298	0	0	0	0	0	0
Xpo4	122.636364	0	1036	0	313	0	0	0	0	0	0	0	0
Uri1	122.636364	0	966	0	129	0	254	0	0	0	0	0	0
Ttc21b	122.636364	0	748	0	327	0	142	132	0	0	0	0	0
Prkag2	122.636364	0	908	0	153	0	104	184	0	0	0	0	0
Map3k6	122.636364	0	756	0	0	0	483	110	0	0	0	0	0
Lamp2	122.636364	0	1085	0	264	0	0	0	0	0	0	0	0
Hspa4l	122.636364	0	977	0	242	0	130	0	0	0	0	0	0
Gm527	122.636364	0	563	0	300	0	397	89	0	0	0	0	0
Flvcr1	122.636364	0	643	0	200	0	400	106	0	0	0	0	0
Ccno	122.636364	0	610	0	0	0	494	245	0	0	0	0	0
C330018D20Rik	122.636364	0	1137	0	212	0	0	0	0	0	0	0	0
Amacr	122.636364	0	1090	0	259	0	0	0	0	0	0	0	0
Taf10	122.545455	0	740	0	262	0	255	91	0	0	0	0	0
Sumo3	122.545455	0	908	0	248	0	192	0	0	0	0	0	0
Sdhb	122.545455	0	902	0	202	0	244	0	0	0	0	0	0
Qrsl1	122.545455	0	1005	0	343	0	0	0	0	0	0	0	0
Pcmt1	122.545455	0	888	0	460	0	0	0	0	0	0	0	0
Lats1	122.545455	0	888	0	460	0	0	0	0	0	0	0	0
Fam204a	122.545455	0	1072	0	180	0	0	96	0	0	0	0	0
Zfp398	122.454545	0	965	0	253	0	129	0	0	0	0	0	0
Dhps	122.454545	0	1230	0	0	0	117	0	0	0	0	0	0
Dennd2c	122.454545	0	638	0	183	0	367	159	0	0	0	0	0
Cox10	122.454545	0	907	0	440	0	0	0	0	0	0	0	0
Amd2	122.454545	0	789	0	127	0	213	218	0	0	0	0	0
Amd1	122.454545	0	789	0	127	0	213	218	0	0	0	0	0
Ttc3	122.363636	0	921	0	233	0	192	0	0	0	0	0	0
Pigp	122.363636	0	921	0	233	0	192	0	0	0	0	0	0
Pex14	122.363636	0	1008	0	338	0	0	0	0	0	0	0	0
Ano6	122.363636	0	1065	0	165	0	116	0	0	0	0	0	0
Wdr46	122.272727	0	1220	0	0	0	0	125	0	0	0	0	0
Trp53bp2	122.272727	0	812	0	186	0	347	0	0	0	0	0	0
Sytl2	122.272727	0	784	0	290	0	0	271	0	0	0	0	0
Srsf9	122.272727	0	966	0	258	0	121	0	0	0	0	0	0
Rilpl2	122.272727	0	699	0	236	0	410	0	0	0	0	0	0
Rbm15	122.272727	0	804	0	224	0	146	171	0	0	0	0	0
Rap1a	122.272727	0	904	0	324	0	117	0	0	0	0	0	0
Pfdn6	122.272727	0	1220	0	0	0	0	125	0	0	0	0	0
Jund	122.272727	0	570	0	0	0	616	159	0	0	0	0	0
Entpd5	122.272727	0	928	0	186	0	114	117	0	0	0	0	0
Bbof1	122.272727	0	928	0	186	0	114	117	0	0	0	0	0
Acadvl	122.272727	0	813	0	142	0	390	0	0	0	0	0	0
Map11	122.181818	0	949	0	86	0	212	97	0	0	0	0	0
Khsrp	122.181818	0	621	0	172	0	315	236	0	0	0	0	0
Ankib1	122.181818	0	926	0	275	0	0	143	0	0	0	0	0
Slc33a1	122.090909	0	782	0	220	0	187	154	0	0	0	0	0
Ralgapa1	122.090909	0	803	0	307	0	81	152	0	0	0	0	0
Manba	122.090909	0	1063	0	280	0	0	0	0	0	0	0	0
Iws1	122.090909	0	1004	0	265	0	0	74	0	0	0	0	0
Fam160b1	122.090909	0	682	0	285	0	204	172	0	0	0	0	0
Arntl	122.090909	0	730	0	214	0	189	210	0	0	0	0	0
Aldh2	122.090909	0	980	0	194	0	169	0	0	0	0	0	0
Zfp964	122.000000	0	932	0	115	0	208	87	0	0	0	0	0
Slc25a46	122.000000	0	972	0	246	0	0	124	0	0	0	0	0
Naa50	122.000000	0	649	0	303	0	248	142	0	0	0	0	0
Ctnnb1	122.000000	0	855	0	202	0	285	0	0	0	0	0	0
Cacul1	122.000000	0	913	0	184	0	245	0	0	0	0	0	0
B2m	122.000000	0	951	0	206	0	0	185	0	0	0	0	0
Atp6v1a	122.000000	0	649	0	303	0	248	142	0	0	0	0	0
Pdcd2	121.909091	0	759	0	247	0	187	148	0	0	0	0	0
Dip2b	121.909091	0	942	0	319	0	0	80	0	0	0	0	0
4930453N24Rik	121.909091	0	1039	0	166	0	0	136	0	0	0	0	0
Zcchc2	121.818182	0	603	0	218	0	420	99	0	0	0	0	0
Tmem39b	121.818182	0	838	0	165	0	139	198	0	0	0	0	0
Tma7	121.818182	0	1009	0	331	0	0	0	0	0	0	0	0
Synj2	121.818182	0	586	0	180	0	375	199	0	0	0	0	0
Rrp9	121.818182	0	509	0	205	0	519	107	0	0	0	0	0
Pik3c3	121.818182	0	933	0	236	0	171	0	0	0	0	0	0
Parp3	121.818182	0	509	0	205	0	519	107	0	0	0	0	0
Nim1k	121.818182	0	852	0	165	0	200	123	0	0	0	0	0
Habp4	121.818182	0	735	0	187	0	418	0	0	0	0	0	0
Fos	121.818182	0	657	0	256	0	0	427	0	0	0	0	0
Ccdc51	121.818182	0	1009	0	331	0	0	0	0	0	0	0	0
Camkk1	121.818182	0	962	0	134	0	244	0	0	0	0	0	0
Abcd3	121.818182	0	730	0	273	0	214	123	0	0	0	0	0
Sh3bp5	121.727273	0	897	0	225	0	102	115	0	0	0	0	0
Epb41l1	121.727273	0	759	0	214	0	148	218	0	0	0	0	0
Aspm	121.727273	0	1098	0	241	0	0	0	0	0	0	0	0
Adam15	121.727273	0	970	0	103	0	156	110	0	0	0	0	0
1700025G04Rik	121.727273	0	866	0	126	0	207	140	0	0	0	0	0
Zmym2	121.636364	0	659	0	315	0	364	0	0	0	0	0	0
Zfp764	121.636364	0	1163	0	175	0	0	0	0	0	0	0	0
Zfp513	121.636364	0	801	0	136	0	230	171	0	0	0	0	0
Tmem185b	121.636364	0	1087	0	0	0	70	181	0	0	0	0	0
Srp68	121.636364	0	806	0	198	0	201	133	0	0	0	0	0
Plcxd2	121.636364	0	598	0	283	0	457	0	0	0	0	0	0
Mettl21a	121.636364	0	858	0	233	0	157	90	0	0	0	0	0
Lzts1	121.636364	0	925	0	413	0	0	0	0	0	0	0	0
Kdm4b	121.636364	0	622	0	0	0	586	130	0	0	0	0	0
Iqcb1	121.636364	0	1014	0	324	0	0	0	0	0	0	0	0
Dusp10	121.636364	0	588	0	201	0	459	90	0	0	0	0	0
Ddit3	121.636364	0	732	0	216	0	223	167	0	0	0	0	0
D16Ertd472e	121.636364	0	783	0	264	0	179	112	0	0	0	0	0
Ankhd1	121.636364	0	793	0	273	0	117	155	0	0	0	0	0
1700056E22Rik	121.636364	0	588	0	201	0	459	90	0	0	0	0	0
Vps29	121.545455	0	697	0	245	0	251	144	0	0	0	0	0
Tuft1	121.545455	0	1137	0	0	0	200	0	0	0	0	0	0
Stat4	121.545455	0	919	0	418	0	0	0	0	0	0	0	0
Rad9b	121.545455	0	697	0	245	0	251	144	0	0	0	0	0
Pnp	121.545455	0	900	0	131	0	211	95	0	0	0	0	0
Mrfap1	121.545455	0	819	0	135	0	246	137	0	0	0	0	0
Klhl6	121.545455	0	855	0	482	0	0	0	0	0	0	0	0
Igtp	121.545455	0	909	0	364	0	0	0	0	0	64	0	0
Fam133b	121.545455	0	1008	0	329	0	0	0	0	0	0	0	0
Csnk1d	121.545455	0	936	0	156	0	245	0	0	0	0	0	0
Tnrc6c	121.454545	0	607	0	0	0	571	158	0	0	0	0	0
Sos1	121.454545	0	1042	0	294	0	0	0	0	0	0	0	0
Sec23a	121.454545	0	677	0	240	0	419	0	0	0	0	0	0
Ncoa5	121.454545	0	842	0	103	0	194	197	0	0	0	0	0
Ccdc92	121.454545	0	603	0	0	0	612	121	0	0	0	0	0
Bag3	121.454545	0	605	0	191	0	540	0	0	0	0	0	0
Zdhhc3	121.363636	0	957	0	252	0	0	126	0	0	0	0	0
Ttc38	121.363636	0	1149	0	186	0	0	0	0	0	0	0	0
Tspan4	121.363636	0	900	0	194	0	0	241	0	0	0	0	0
Slc46a3	121.363636	0	1093	0	134	0	0	108	0	0	0	0	0
Polr2l	121.363636	0	900	0	194	0	0	241	0	0	0	0	0
Noc4l	121.363636	0	885	0	156	0	144	150	0	0	0	0	0
Lrp1	121.363636	0	907	0	165	0	124	139	0	0	0	0	0
Gstm1	121.363636	0	781	0	185	0	285	84	0	0	0	0	0
Exosc7	121.363636	0	957	0	252	0	0	126	0	0	0	0	0
Ddx51	121.363636	0	885	0	156	0	144	150	0	0	0	0	0
Creb1	121.363636	0	968	0	185	0	182	0	0	0	0	0	0
Casp8	121.363636	0	1020	0	315	0	0	0	0	0	0	0	0
Camta2	121.363636	0	1024	0	222	0	0	89	0	0	0	0	0
C330007P06Rik	121.363636	0	872	0	165	0	0	298	0	0	0	0	0
Asap3	121.363636	0	585	0	131	0	511	108	0	0	0	0	0
4921504E06Rik	121.363636	0	840	0	307	0	85	103	0	0	0	0	0
Phospho2	121.272727	0	1101	0	233	0	0	0	0	0	0	0	0
Pgk1	121.272727	0	797	0	204	0	247	0	0	0	86	0	0
Mlec	121.272727	0	703	0	0	0	384	247	0	0	0	0	0
Llgl1	121.272727	0	1115	0	0	0	219	0	0	0	0	0	0
Krit1	121.272727	0	926	0	275	0	0	133	0	0	0	0	0
Ints9	121.272727	0	711	0	228	0	148	247	0	0	0	0	0
Hmbox1	121.272727	0	711	0	228	0	148	247	0	0	0	0	0
Herpud2	121.272727	0	653	0	336	0	217	128	0	0	0	0	0
Dnttip1	121.272727	0	988	0	193	0	153	0	0	0	0	0	0
Ccdc173	121.272727	0	1101	0	233	0	0	0	0	0	0	0	0
Camta1	121.272727	0	800	0	0	0	411	123	0	0	0	0	0
Bicd2	121.272727	0	943	0	160	0	146	85	0	0	0	0	0
Tmco3	121.181818	0	963	0	202	0	0	168	0	0	0	0	0
Mrps35	121.181818	0	956	0	234	0	0	143	0	0	0	0	0
Dcun1d2	121.181818	0	963	0	202	0	0	168	0	0	0	0	0
Cd82	121.181818	0	1007	0	157	0	169	0	0	0	0	0	0
Asph	121.181818	0	699	0	0	0	497	137	0	0	0	0	0
1700066M21Rik	121.181818	0	896	0	167	0	171	99	0	0	0	0	0
Zfp442	121.090909	0	832	0	500	0	0	0	0	0	0	0	0
Wdr41	121.090909	0	1055	0	157	0	0	120	0	0	0	0	0
Tmem63b	121.090909	0	987	0	168	0	177	0	0	0	0	0	0
Spred1	121.090909	0	828	0	155	0	179	170	0	0	0	0	0
Ptges3	121.090909	0	741	0	239	0	221	131	0	0	0	0	0
Mrpl14	121.090909	0	987	0	168	0	177	0	0	0	0	0	0
Kxd1	121.090909	0	939	0	117	0	276	0	0	0	0	0	0
Kdelr2	121.090909	0	837	0	87	0	408	0	0	0	0	0	0
Epc2	121.090909	0	989	0	343	0	0	0	0	0	0	0	0
Bpnt2	121.090909	0	815	0	178	0	339	0	0	0	0	0	0
Wdr90	121.000000	0	803	0	0	0	327	201	0	0	0	0	0
Trim62	121.000000	0	514	0	0	0	695	122	0	0	0	0	0
Fbxl5	121.000000	0	873	0	458	0	0	0	0	0	0	0	0
Stam2	120.909091	0	900	0	304	0	0	126	0	0	0	0	0
Sdr39u1	120.909091	0	1049	0	281	0	0	0	0	0	0	0	0
Pgbd1	120.909091	0	1026	0	304	0	0	0	0	0	0	0	0
Pdcd5	120.909091	0	1060	0	101	0	169	0	0	0	0	0	0
Nr6a1	120.909091	0	967	0	0	0	181	182	0	0	0	0	0
Map3k9	120.909091	0	1051	0	180	0	99	0	0	0	0	0	0
Enpp4	120.909091	0	1040	0	149	0	0	141	0	0	0	0	0
Ctps	120.909091	0	999	0	175	0	156	0	0	0	0	0	0
Tmem71	120.818182	0	826	0	503	0	0	0	0	0	0	0	0
Selenop	120.818182	0	660	0	402	0	0	267	0	0	0	0	0
Ksr1	120.818182	0	920	0	228	0	181	0	0	0	0	0	0
Ddx5	120.818182	0	576	0	207	0	178	262	0	0	0	106	0
Tusc2	120.727273	0	938	0	128	0	167	95	0	0	0	0	0
Tmem267	120.727273	0	943	0	250	0	0	135	0	0	0	0	0
Stxbp1	120.727273	0	755	0	144	0	429	0	0	0	0	0	0
Serpinb6a	120.727273	0	792	0	233	0	303	0	0	0	0	0	0
Ripk1	120.727273	0	792	0	233	0	303	0	0	0	0	0	0
Prxl2c	120.727273	0	987	0	130	0	211	0	0	0	0	0	0
Pkn2	120.727273	0	691	0	199	0	438	0	0	0	0	0	0
D130040H23Rik	120.727273	0	978	0	350	0	0	0	0	0	0	0	0
Zfp59	120.636364	0	1033	0	184	0	0	110	0	0	0	0	0
Xpa	120.636364	0	1189	0	0	0	138	0	0	0	0	0	0
Stub1	120.636364	0	626	0	0	0	435	266	0	0	0	0	0
Rora	120.636364	0	584	0	203	0	294	246	0	0	0	0	0
Pard6g	120.636364	0	1115	0	116	0	96	0	0	0	0	0	0
Hook1	120.636364	0	1031	0	296	0	0	0	0	0	0	0	0
Xbp1	120.545455	0	849	0	294	0	183	0	0	0	0	0	0
Stat1	120.545455	0	952	0	374	0	0	0	0	0	0	0	0
Rnf10	120.545455	0	774	0	328	0	224	0	0	0	0	0	0
Lmtk2	120.545455	0	988	0	0	0	338	0	0	0	0	0	0
Fbxo42	120.545455	0	825	0	297	0	204	0	0	0	0	0	0
Fam89b	120.545455	0	480	0	0	0	846	0	0	0	0	0	0
Ezh1	120.545455	0	893	0	224	0	209	0	0	0	0	0	0
Zfyve27	120.454545	0	995	0	199	0	131	0	0	0	0	0	0
Zfp787	120.454545	0	1058	0	178	0	89	0	0	0	0	0	0
Ttc17	120.454545	0	958	0	367	0	0	0	0	0	0	0	0
Septin7	120.454545	0	926	0	399	0	0	0	0	0	0	0	0
Ppp1r12a	120.454545	0	852	0	244	0	108	121	0	0	0	0	0
Mynn	120.454545	0	936	0	281	0	0	108	0	0	0	0	0
Ifnar2	120.454545	0	664	0	291	0	153	217	0	0	0	0	0
Herc1	120.454545	0	963	0	362	0	0	0	0	0	0	0	0
Hacd2	120.454545	0	914	0	0	0	287	124	0	0	0	0	0
Ehmt1	120.454545	0	740	0	166	0	333	86	0	0	0	0	0
Arhgap25	120.454545	0	947	0	378	0	0	0	0	0	0	0	0
Zfp524	120.363636	0	1047	0	277	0	0	0	0	0	0	0	0
Sik3	120.363636	0	829	0	169	0	205	121	0	0	0	0	0
Pbk	120.363636	0	982	0	212	0	0	130	0	0	0	0	0
Mrpl3	120.363636	0	1124	0	200	0	0	0	0	0	0	0	0
Fiz1	120.363636	0	1047	0	277	0	0	0	0	0	0	0	0
Dmac1	120.363636	0	1113	0	211	0	0	0	0	0	0	0	0
Bmpr2	120.363636	0	678	0	244	0	402	0	0	0	0	0	0
Arhgap17	120.363636	0	874	0	247	0	203	0	0	0	0	0	0
Snx21	120.272727	0	705	0	0	0	531	87	0	0	0	0	0
Prkar1a	120.272727	0	616	0	124	0	392	191	0	0	0	0	0
Pcdhgc3	120.272727	0	906	0	153	0	195	69	0	0	0	0	0
Fbxw11	120.272727	0	859	0	202	0	94	168	0	0	0	0	0
Dut	120.272727	0	672	0	317	0	0	334	0	0	0	0	0
Atad1	120.272727	0	1057	0	266	0	0	0	0	0	0	0	0
4930402H24Rik	120.272727	0	943	0	285	0	0	95	0	0	0	0	0
2310039H08Rik	120.272727	0	997	0	160	0	0	166	0	0	0	0	0
Tceal9	120.181818	0	772	0	255	0	179	116	0	0	0	0	0
Taf3	120.181818	0	981	0	182	0	159	0	0	0	0	0	0
Ppp1ccb	120.181818	0	758	0	308	0	256	0	0	0	0	0	0
Ppp1cc	120.181818	0	758	0	308	0	256	0	0	0	0	0	0
Pdcd2l	120.181818	0	1213	0	0	0	109	0	0	0	0	0	0
Lmnb2	120.181818	0	916	0	68	0	222	116	0	0	0	0	0
H13	120.181818	0	686	0	259	0	168	209	0	0	0	0	0
Gins1	120.181818	0	962	0	0	0	177	183	0	0	0	0	0
Fbxw2	120.181818	0	1167	0	0	0	0	155	0	0	0	0	0
Arhgef7	120.181818	0	860	0	273	0	0	189	0	0	0	0	0
Slc29a1	120.090909	0	679	0	236	0	280	126	0	0	0	0	0
Rsph3b	120.090909	0	810	0	228	0	144	139	0	0	0	0	0
Rps6kc1	120.090909	0	973	0	198	0	0	150	0	0	0	0	0
Rbm12	120.090909	0	955	0	366	0	0	0	0	0	0	0	0
Rassf7	120.090909	0	897	0	0	0	424	0	0	0	0	0	0
Lzts3	120.090909	0	852	0	0	0	469	0	0	0	0	0	0
Fbxw7	120.090909	0	739	0	192	0	173	217	0	0	0	0	0
Dgkz	120.090909	0	862	0	233	0	226	0	0	0	0	0	0
Crem	120.090909	0	815	0	247	0	152	107	0	0	0	0	0
Cpne1	120.090909	0	955	0	366	0	0	0	0	0	0	0	0
Txndc15	120.000000	0	1186	0	134	0	0	0	0	0	0	0	0
Serpinb6b	120.000000	0	933	0	387	0	0	0	0	0	0	0	0
H2-T-ps	120.000000	0	987	0	333	0	0	0	0	0	0	0	0
Ep300	120.000000	0	699	0	249	0	372	0	0	0	0	0	0
Cetn4	120.000000	0	600	0	194	0	358	168	0	0	0	0	0
Bbs12	120.000000	0	600	0	194	0	358	168	0	0	0	0	0
Atf7ip	120.000000	0	835	0	0	0	202	283	0	0	0	0	0
Usp6nl	119.909091	0	746	0	214	0	183	176	0	0	0	0	0
Rgs9bp	119.909091	0	764	0	207	0	348	0	0	0	0	0	0
Pdlim7	119.909091	0	687	0	0	0	311	321	0	0	0	0	0
Notch2	119.909091	0	745	0	191	0	233	150	0	0	0	0	0
Mybl1	119.909091	0	919	0	269	0	0	131	0	0	0	0	0
Med10	119.909091	0	1170	0	149	0	0	0	0	0	0	0	0
Fam221a	119.909091	0	1142	0	177	0	0	0	0	0	0	0	0
Dennd1b	119.909091	0	945	0	225	0	0	149	0	0	0	0	0
Ankrd27	119.909091	0	764	0	207	0	348	0	0	0	0	0	0
Zfp707	119.818182	0	805	0	208	0	142	163	0	0	0	0	0
Wipi1	119.818182	0	497	0	0	0	733	88	0	0	0	0	0
Slc31a2	119.818182	0	1318	0	0	0	0	0	0	0	0	0	0
Rps10	119.818182	0	889	0	173	0	256	0	0	0	0	0	0
Rab32	119.818182	0	857	0	358	0	0	103	0	0	0	0	0
Ppp6r3	119.818182	0	853	0	330	0	135	0	0	0	0	0	0
Flna	119.818182	0	595	0	143	0	486	94	0	0	0	0	0
Dtx2	119.818182	0	1033	0	196	0	0	89	0	0	0	0	0
Zkscan5	119.727273	0	535	0	363	0	269	150	0	0	0	0	0
Spag6l	119.727273	0	1066	0	251	0	0	0	0	0	0	0	0
Gtpbp3	119.727273	0	875	0	156	0	142	144	0	0	0	0	0
Gnpda2	119.727273	0	1052	0	265	0	0	0	0	0	0	0	0
Gemin2	119.727273	0	905	0	275	0	137	0	0	0	0	0	0
Dzip3	119.727273	0	947	0	190	0	180	0	0	0	0	0	0
Dnajc8	119.727273	0	749	0	283	0	285	0	0	0	0	0	0
Cip2a	119.727273	0	947	0	190	0	180	0	0	0	0	0	0
Atpif1	119.727273	0	749	0	283	0	285	0	0	0	0	0	0
Agps	119.727273	0	996	0	101	0	220	0	0	0	0	0	0
Slk	119.636364	0	676	0	356	0	183	101	0	0	0	0	0
Rpl10	119.636364	0	848	0	284	0	104	80	0	0	0	0	0
Ppt2	119.636364	0	708	0	190	0	0	418	0	0	0	0	0
Ccdc69	119.636364	0	995	0	321	0	0	0	0	0	0	0	0
Bmt2	119.636364	0	685	0	227	0	275	129	0	0	0	0	0
Zkscan3	119.545455	0	1159	0	156	0	0	0	0	0	0	0	0
Slc25a40	119.545455	0	962	0	131	0	222	0	0	0	0	0	0
Dbf4	119.545455	0	962	0	131	0	222	0	0	0	0	0	0
Akap10	119.545455	0	815	0	280	0	120	100	0	0	0	0	0
2310009B15Rik	119.545455	0	1187	0	0	0	128	0	0	0	0	0	0
Srm	119.454545	0	674	0	141	0	499	0	0	0	0	0	0
Relt	119.454545	0	912	0	0	0	262	140	0	0	0	0	0
Prpf19	119.454545	0	1049	0	265	0	0	0	0	0	0	0	0
Ppp1r13b	119.454545	0	725	0	299	0	290	0	0	0	0	0	0
Zfp229	119.363636	0	1039	0	274	0	0	0	0	0	0	0	0
Tsc22d1	119.363636	0	751	0	227	0	165	170	0	0	0	0	0
Pwp2	119.363636	0	1037	0	276	0	0	0	0	0	0	0	0
Ndufb4c	119.363636	0	1104	0	209	0	0	0	0	0	0	0	0
Itm2b	119.363636	0	1236	0	0	0	77	0	0	0	0	0	0
Entpd4b	119.363636	0	1026	0	178	0	0	109	0	0	0	0	0
Entpd4	119.363636	0	1026	0	178	0	0	109	0	0	0	0	0
Dcaf15	119.363636	0	714	0	192	0	407	0	0	0	0	0	0
Ap1b1	119.363636	0	1115	0	198	0	0	0	0	0	0	0	0
Vma21	119.272727	0	1125	0	187	0	0	0	0	0	0	0	0
Aldh1b1	119.272727	0	1052	0	260	0	0	0	0	0	0	0	0
Akirin1	119.272727	0	808	0	161	0	146	197	0	0	0	0	0
Scaf11	119.181818	0	767	0	242	0	187	115	0	0	0	0	0
Rps6	119.181818	0	766	0	306	0	164	75	0	0	0	0	0
Pttg1	119.181818	0	937	0	250	0	124	0	0	0	0	0	0
Pmpcb	119.181818	0	1025	0	286	0	0	0	0	0	0	0	0
Cbr1	119.181818	0	724	0	226	0	361	0	0	0	0	0	0
Aurkaip1	119.181818	0	1036	0	173	0	102	0	0	0	0	0	0
Tsr1	119.090909	0	799	0	236	0	146	129	0	0	0	0	0
Trpc4ap	119.090909	0	1092	0	218	0	0	0	0	0	0	0	0
Gnptab	119.090909	0	987	0	116	0	207	0	0	0	0	0	0
Epsti1	119.090909	0	1069	0	241	0	0	0	0	0	0	0	0
Elf1	119.090909	0	689	0	287	0	184	150	0	0	0	0	0
Zfp148	119.000000	0	764	0	154	0	391	0	0	0	0	0	0
Stk38	119.000000	0	849	0	187	0	186	87	0	0	0	0	0
Stap2	118.909091	0	844	0	212	0	132	120	0	0	0	0	0
Smarcad1	118.909091	0	1022	0	163	0	123	0	0	0	0	0	0
Pgam5	118.909091	0	944	0	221	0	143	0	0	0	0	0	0
Per2	118.909091	0	719	0	158	0	162	269	0	0	0	0	0
Mpnd	118.909091	0	844	0	212	0	132	120	0	0	0	0	0
Kras	118.909091	0	848	0	321	0	139	0	0	0	0	0	0
H2bc12	118.909091	0	816	0	228	0	128	136	0	0	0	0	0
H2ac12	118.909091	0	816	0	228	0	128	136	0	0	0	0	0
Fcf1	118.909091	0	1035	0	273	0	0	0	0	0	0	0	0
Eif3k	118.909091	0	808	0	171	0	174	155	0	0	0	0	0
Eif2ak3	118.909091	0	860	0	287	0	161	0	0	0	0	0	0
Coq3	118.909091	0	945	0	246	0	0	117	0	0	0	0	0
Cklf	118.909091	0	1017	0	291	0	0	0	0	0	0	0	0
Arel1	118.909091	0	1035	0	273	0	0	0	0	0	0	0	0
Ttc7	118.818182	0	512	0	145	0	545	105	0	0	0	0	0
Trp53inp1	118.818182	0	826	0	173	0	242	66	0	0	0	0	0
Ppa2	118.818182	0	850	0	354	0	0	103	0	0	0	0	0
Polr2m	118.818182	0	969	0	338	0	0	0	0	0	0	0	0
Ngrn	118.818182	0	1031	0	172	0	104	0	0	0	0	0	0
Mtdh	118.818182	0	705	0	320	0	181	101	0	0	0	0	0
Kctd3	118.818182	0	724	0	242	0	341	0	0	0	0	0	0
Gyg	118.818182	0	875	0	432	0	0	0	0	0	0	0	0
Rpl36al	118.727273	0	885	0	265	0	156	0	0	0	0	0	0
Rad9a	118.727273	0	876	0	136	0	143	151	0	0	0	0	0
Mgat2	118.727273	0	885	0	265	0	156	0	0	0	0	0	0
Ifih1	118.727273	0	845	0	461	0	0	0	0	0	0	0	0
Arap2	118.727273	0	983	0	323	0	0	0	0	0	0	0	0
Zfp599	118.636364	0	1079	0	226	0	0	0	0	0	0	0	0
Zfp260	118.636364	0	1037	0	268	0	0	0	0	0	0	0	0
Trim11	118.636364	0	954	0	351	0	0	0	0	0	0	0	0
Tnrc6a	118.636364	0	1082	0	223	0	0	0	0	0	0	0	0
Smpd3	118.636364	0	303	0	0	0	686	316	0	0	0	0	0
Setd5	118.636364	0	782	0	226	0	174	123	0	0	0	0	0
Gpkow	118.636364	0	1115	0	190	0	0	0	0	0	0	0	0
Galk1	118.636364	0	953	0	0	0	229	123	0	0	0	0	0
Acsf3	118.636364	0	1060	0	119	0	0	0	0	0	0	126	0
Rnf44	118.545455	0	834	0	156	0	147	167	0	0	0	0	0
Pspc1	118.545455	0	949	0	224	0	0	131	0	0	0	0	0
Neurl2	118.545455	0	976	0	162	0	0	166	0	0	0	0	0
Kctd11	118.545455	0	314	0	0	0	762	228	0	0	0	0	0
Erlin2	118.545455	0	842	0	257	0	205	0	0	0	0	0	0
Ctsa	118.545455	0	976	0	162	0	0	166	0	0	0	0	0
Atp2c1	118.545455	0	932	0	250	0	122	0	0	0	0	0	0
Ammecr1l	118.545455	0	1039	0	180	0	0	85	0	0	0	0	0
Tmem259	118.454545	0	623	0	212	0	468	0	0	0	0	0	0
Tada2b	118.454545	0	626	0	138	0	539	0	0	0	0	0	0
Ogfod2	118.454545	0	587	0	148	0	444	124	0	0	0	0	0
Ccdc96	118.454545	0	626	0	138	0	539	0	0	0	0	0	0
Bak1	118.454545	0	1044	0	259	0	0	0	0	0	0	0	0
Tmem250-ps	118.363636	0	772	0	188	0	342	0	0	0	0	0	0
Tmed2	118.363636	0	672	0	145	0	341	144	0	0	0	0	0
Slc9a6	118.363636	0	922	0	380	0	0	0	0	0	0	0	0
Slc25a36	118.363636	0	778	0	181	0	145	198	0	0	0	0	0
Setdb2	118.363636	0	851	0	350	0	0	101	0	0	0	0	0
Pdcd1	118.363636	0	1011	0	291	0	0	0	0	0	0	0	0
Klhdc2	118.363636	0	781	0	201	0	189	131	0	0	0	0	0
Gm45935	118.363636	0	851	0	350	0	0	101	0	0	0	0	0
Gm36298	118.363636	0	940	0	362	0	0	0	0	0	0	0	0
Cryl1	118.363636	0	911	0	123	0	268	0	0	0	0	0	0
Cluh	118.363636	0	909	0	0	0	297	96	0	0	0	0	0
Cab39l	118.363636	0	851	0	350	0	0	101	0	0	0	0	0
Arap1	118.363636	0	1139	0	163	0	0	0	0	0	0	0	0
Whamm	118.272727	0	930	0	156	0	117	98	0	0	0	0	0
Tnfaip3	118.272727	0	636	0	294	0	268	103	0	0	0	0	0
Msl3l2	118.272727	0	802	0	499	0	0	0	0	0	0	0	0
Ubp1	118.181818	0	650	0	189	0	355	106	0	0	0	0	0
Rtkn2	118.181818	0	762	0	0	0	342	196	0	0	0	0	0
Pnpo	118.181818	0	1087	0	213	0	0	0	0	0	0	0	0
Pigt	118.181818	0	1060	0	240	0	0	0	0	0	0	0	0
Kansl3	118.181818	0	755	0	110	0	166	269	0	0	0	0	0
Fundc2	118.181818	0	916	0	384	0	0	0	0	0	0	0	0
Eid1	118.181818	0	1083	0	217	0	0	0	0	0	0	0	0
Dis3l	118.181818	0	1121	0	179	0	0	0	0	0	0	0	0
Cmpk2	118.181818	0	925	0	269	0	0	106	0	0	0	0	0
Chd1	118.181818	0	874	0	426	0	0	0	0	0	0	0	0
Zfp609	118.090909	0	995	0	304	0	0	0	0	0	0	0	0
Tsr2	118.090909	0	990	0	309	0	0	0	0	0	0	0	0
Tmem234	118.090909	0	1027	0	0	0	213	59	0	0	0	0	0
T2	118.090909	0	365	0	218	0	574	142	0	0	0	0	0
Slc10a7	118.090909	0	893	0	305	0	101	0	0	0	0	0	0
Rragb	118.090909	0	838	0	461	0	0	0	0	0	0	0	0
Nae1	118.090909	0	1071	0	143	0	0	85	0	0	0	0	0
Lyrm2	118.090909	0	937	0	362	0	0	0	0	0	0	0	0
Ets2	118.090909	0	1018	0	147	0	0	134	0	0	0	0	0
Eif3i	118.090909	0	1027	0	0	0	213	59	0	0	0	0	0
Dazap2	118.090909	0	913	0	170	0	216	0	0	0	0	0	0
Car7	118.090909	0	1071	0	143	0	0	85	0	0	0	0	0
Ypel3	118.000000	0	688	0	199	0	312	99	0	0	0	0	0
Tram1	118.000000	0	1097	0	201	0	0	0	0	0	0	0	0
Snrnp35	118.000000	0	984	0	218	0	96	0	0	0	0	0	0
Sil1	118.000000	0	1070	0	0	0	228	0	0	0	0	0	0
Rnf5	118.000000	0	824	0	123	0	351	0	0	0	0	0	0
Myd88	118.000000	0	916	0	0	0	255	127	0	0	0	0	0
Mxd1	118.000000	0	610	0	110	0	434	144	0	0	0	0	0
Fam161a	118.000000	0	806	0	259	0	233	0	0	0	0	0	0
Dld	118.000000	0	953	0	244	0	0	101	0	0	0	0	0
Cab39	118.000000	0	897	0	401	0	0	0	0	0	0	0	0
Tnks2	117.909091	0	705	0	297	0	295	0	0	0	0	0	0
Sfpq	117.909091	0	860	0	0	0	317	120	0	0	0	0	0
Qsox2	117.909091	0	741	0	144	0	412	0	0	0	0	0	0
Ppp1r35	117.909091	0	913	0	0	0	249	135	0	0	0	0	0
Pdia3	117.909091	0	786	0	159	0	207	145	0	0	0	0	0
Mxd3	117.909091	0	1114	0	0	0	183	0	0	0	0	0	0
Mthfd2l	117.909091	0	749	0	261	0	131	156	0	0	0	0	0
Mrps22	117.909091	0	1083	0	214	0	0	0	0	0	0	0	0
Catsper2	117.909091	0	786	0	159	0	207	145	0	0	0	0	0
Ypel1	117.818182	0	712	0	185	0	203	196	0	0	0	0	0
Rpl7a	117.818182	0	879	0	135	0	282	0	0	0	0	0	0
Rp9	117.818182	0	1008	0	288	0	0	0	0	0	0	0	0
Rinl	117.818182	0	1098	0	198	0	0	0	0	0	0	0	0
Med22	117.818182	0	879	0	135	0	282	0	0	0	0	0	0
Dnal4	117.818182	0	828	0	76	0	255	137	0	0	0	0	0
Wdfy1	117.727273	0	907	0	0	0	244	144	0	0	0	0	0
Vezf1	117.727273	0	979	0	316	0	0	0	0	0	0	0	0
Tmem189	117.727273	0	831	0	176	0	288	0	0	0	0	0	0
Tmed8	117.727273	0	820	0	189	0	143	143	0	0	0	0	0
Snx5	117.727273	0	716	0	296	0	109	174	0	0	0	0	0
Samd15	117.727273	0	820	0	189	0	143	143	0	0	0	0	0
Rubcnl	117.727273	0	880	0	248	0	0	167	0	0	0	0	0
Rnf38	117.727273	0	772	0	260	0	263	0	0	0	0	0	0
Mgme1	117.727273	0	716	0	296	0	109	174	0	0	0	0	0
Adprhl2	117.727273	0	905	0	170	0	126	94	0	0	0	0	0
Nudt19	117.636364	0	1027	0	177	0	0	90	0	0	0	0	0
Nktr	117.636364	0	659	0	268	0	367	0	0	0	0	0	0
Lactb	117.636364	0	1029	0	0	0	265	0	0	0	0	0	0
Uhrf2	117.545455	0	832	0	308	0	153	0	0	0	0	0	0
Thoc2l	117.545455	0	1128	0	165	0	0	0	0	0	0	0	0
Spef2	117.545455	0	1021	0	272	0	0	0	0	0	0	0	0
Ptar1	117.545455	0	1008	0	195	0	90	0	0	0	0	0	0
Ercc4	117.545455	0	913	0	182	0	86	112	0	0	0	0	0
Erc1	117.545455	0	859	0	277	0	0	157	0	0	0	0	0
Zdhhc9	117.454545	0	883	0	276	0	133	0	0	0	0	0	0
Ncaph	117.454545	0	1038	0	254	0	0	0	0	0	0	0	0
Klhdc4	117.454545	0	950	0	226	0	0	0	0	0	0	116	0
Il15ra	117.454545	0	1036	0	256	0	0	0	0	0	0	0	0
Fam174a	117.454545	0	1027	0	163	0	0	102	0	0	0	0	0
Cd44	117.454545	0	674	0	328	0	0	290	0	0	0	0	0
Wnk1	117.363636	0	767	0	130	0	258	136	0	0	0	0	0
Tmbim4	117.363636	0	768	0	358	0	0	165	0	0	0	0	0
Rbm3	117.363636	0	1202	0	89	0	0	0	0	0	0	0	0
Pafah2	117.363636	0	741	0	223	0	162	165	0	0	0	0	0
Ago1	117.363636	0	1032	0	259	0	0	0	0	0	0	0	0
Xrn2	117.272727	0	1039	0	251	0	0	0	0	0	0	0	0
Wdr11	117.272727	0	853	0	336	0	0	101	0	0	0	0	0
Sfswap	117.272727	0	1016	0	167	0	0	107	0	0	0	0	0
Insr	117.272727	0	1182	0	0	0	0	108	0	0	0	0	0
Dedd	117.272727	0	811	0	335	0	0	144	0	0	0	0	0
Acadl	117.272727	0	917	0	204	0	169	0	0	0	0	0	0
Zbp1	117.181818	0	1030	0	259	0	0	0	0	0	0	0	0
Txlng	117.181818	0	757	0	139	0	223	170	0	0	0	0	0
Srsf1	117.181818	0	841	0	171	0	120	157	0	0	0	0	0
Lrp10	117.181818	0	878	0	145	0	266	0	0	0	0	0	0
Itpr2	117.181818	0	887	0	182	0	112	108	0	0	0	0	0
Gga1	117.181818	0	632	0	164	0	301	192	0	0	0	0	0
Ermp1	117.181818	0	1032	0	257	0	0	0	0	0	0	0	0
Cd1d2	117.181818	0	1046	0	243	0	0	0	0	0	0	0	0
Ccdc141	117.181818	0	868	0	421	0	0	0	0	0	0	0	0
Agbl5	117.181818	0	788	0	141	0	140	220	0	0	0	0	0
Zbtb20	117.090909	0	706	0	582	0	0	0	0	0	0	0	0
Smpd4	117.090909	0	969	0	194	0	0	125	0	0	0	0	0
Slc25a15	117.090909	0	715	0	160	0	201	212	0	0	0	0	0
Sash1	117.090909	0	0	0	0	0	160	1128	0	0	0	0	0
Pum1	117.090909	0	867	0	300	0	0	121	0	0	0	0	0
Dipk2a	117.090909	0	762	0	311	0	215	0	0	0	0	0	0
Cdc25c	117.090909	0	706	0	234	0	217	131	0	0	0	0	0
Antxr2	117.090909	0	883	0	277	0	128	0	0	0	0	0	0
Abr	117.090909	0	884	0	129	0	150	125	0	0	0	0	0
Vhl	117.000000	0	895	0	147	0	155	90	0	0	0	0	0
Secisbp2l	117.000000	0	766	0	256	0	265	0	0	0	0	0	0
Pbld2	117.000000	0	683	0	322	0	168	114	0	0	0	0	0
Noxo1	117.000000	0	942	0	125	0	220	0	0	0	0	0	0
Hnrnph3	117.000000	0	683	0	322	0	168	114	0	0	0	0	0
Gfer	117.000000	0	942	0	125	0	220	0	0	0	0	0	0
Rab3d	116.909091	0	769	0	0	0	517	0	0	0	0	0	0
Hdac6	116.909091	0	554	0	0	0	732	0	0	0	0	0	0
Fbxo44	116.909091	0	481	0	0	0	805	0	0	0	0	0	0
Fbxo2	116.909091	0	481	0	0	0	805	0	0	0	0	0	0
Smurf2	116.818182	0	664	0	340	0	281	0	0	0	0	0	0
Mlf2	116.818182	0	620	0	132	0	440	93	0	0	0	0	0
Gpn2	116.818182	0	1039	0	246	0	0	0	0	0	0	0	0
Fam177a2	116.818182	0	1008	0	162	0	115	0	0	0	0	0	0
Fam177a	116.818182	0	1008	0	162	0	115	0	0	0	0	0	0
Ddx19b	116.818182	0	984	0	301	0	0	0	0	0	0	0	0
Alpk1	116.818182	0	969	0	152	0	0	164	0	0	0	0	0
Ppa1	116.727273	0	906	0	291	0	87	0	0	0	0	0	0
Pde4b	116.727273	0	578	0	226	0	209	271	0	0	0	0	0
Mars2	116.727273	0	751	0	264	0	269	0	0	0	0	0	0
Gba	116.727273	0	763	0	254	0	150	117	0	0	0	0	0
Fbxl20	116.727273	0	966	0	318	0	0	0	0	0	0	0	0
Unc119b	116.636364	0	926	0	0	0	357	0	0	0	0	0	0
Ttc30b	116.636364	0	1195	0	0	0	0	88	0	0	0	0	0
Tle1	116.636364	0	506	0	238	0	452	87	0	0	0	0	0
Sdhaf2	116.636364	0	1009	0	274	0	0	0	0	0	0	0	0
Rps19bp1	116.636364	0	923	0	0	0	216	144	0	0	0	0	0
Ly75	116.636364	0	955	0	328	0	0	0	0	0	0	0	0
Igbp1	116.636364	0	975	0	308	0	0	0	0	0	0	0	0
Exoc6	116.636364	0	1078	0	205	0	0	0	0	0	0	0	0
Cpsf7	116.636364	0	1009	0	274	0	0	0	0	0	0	0	0
Ppia	116.545455	0	792	0	202	0	168	120	0	0	0	0	0
Gdpd1	116.545455	0	808	0	187	0	146	141	0	0	0	0	0
Ccz1	116.545455	0	965	0	213	0	104	0	0	0	0	0	0
Btf3	116.545455	0	1083	0	199	0	0	0	0	0	0	0	0
Relb	116.454545	0	1106	0	0	0	175	0	0	0	0	0	0
Ppp1r14b	116.454545	0	774	0	178	0	155	174	0	0	0	0	0
Kash5	116.454545	0	863	0	124	0	173	121	0	0	0	0	0
Fem1b	116.454545	0	845	0	268	0	0	168	0	0	0	0	0
Bcl6	116.454545	0	582	0	160	0	0	539	0	0	0	0	0
Trp53rkb	116.363636	0	857	0	177	0	111	0	0	0	0	135	0
Srsf2	116.363636	0	625	0	127	0	306	222	0	0	0	0	0
Socs5	116.363636	0	790	0	255	0	235	0	0	0	0	0	0
Parp8	116.363636	0	833	0	370	0	0	77	0	0	0	0	0
Klhl21	116.363636	0	491	0	0	0	716	73	0	0	0	0	0
Gtf2ird1	116.363636	0	775	0	215	0	0	290	0	0	0	0	0
Vps4a	116.272727	0	1116	0	0	0	163	0	0	0	0	0	0
Vkorc1	116.272727	0	599	0	0	0	569	111	0	0	0	0	0
Trappc6b	116.272727	0	1031	0	248	0	0	0	0	0	0	0	0
Sertad1	116.272727	0	593	0	123	0	453	110	0	0	0	0	0
Rpl18a	116.272727	0	954	0	164	0	161	0	0	0	0	0	0
Gde1	116.272727	0	923	0	124	0	100	132	0	0	0	0	0
Dennd6a	116.272727	0	926	0	208	0	0	145	0	0	0	0	0
Cep112	116.272727	0	603	0	0	0	436	240	0	0	0	0	0
Batf	116.272727	0	1063	0	216	0	0	0	0	0	0	0	0
Xrcc1	116.181818	0	1004	0	0	0	105	169	0	0	0	0	0
Spast	116.181818	0	761	0	177	0	224	116	0	0	0	0	0
Plk2	116.181818	0	816	0	165	0	156	141	0	0	0	0	0
Lpcat4	116.181818	0	906	0	205	0	0	167	0	0	0	0	0
Kdm1a	116.181818	0	821	0	206	0	251	0	0	0	0	0	0
Itpr1	116.181818	0	841	0	211	0	0	226	0	0	0	0	0
Slc35d2	116.090909	0	986	0	291	0	0	0	0	0	0	0	0
Pak2	116.090909	0	838	0	130	0	309	0	0	0	0	0	0
Dock2	116.090909	0	1059	0	218	0	0	0	0	0	0	0	0
Cnksr3	116.090909	0	984	0	169	0	124	0	0	0	0	0	0
Txndc5	116.000000	0	900	0	197	0	179	0	0	0	0	0	0
Rbfox2	116.000000	0	664	0	173	0	211	228	0	0	0	0	0
Nin	116.000000	0	665	0	240	0	117	254	0	0	0	0	0
Letm1	116.000000	0	983	0	67	0	107	119	0	0	0	0	0
Exosc8	116.000000	0	918	0	214	0	0	144	0	0	0	0	0
Bmyc	116.000000	0	729	0	144	0	212	191	0	0	0	0	0
Alg5	116.000000	0	918	0	214	0	0	144	0	0	0	0	0
Tmem65	115.909091	0	514	0	233	0	528	0	0	0	0	0	0
Stard7	115.909091	0	922	0	205	0	0	148	0	0	0	0	0
Snrk	115.909091	0	812	0	278	0	185	0	0	0	0	0	0
Sla2	115.909091	0	928	0	347	0	0	0	0	0	0	0	0
Siah2	115.909091	0	737	0	426	0	0	112	0	0	0	0	0
Rab9	115.909091	0	788	0	197	0	290	0	0	0	0	0	0
Pdcd6ip	115.909091	0	1056	0	219	0	0	0	0	0	0	0	0
Zfp968	115.818182	0	906	0	211	0	157	0	0	0	0	0	0
Zfp967	115.818182	0	906	0	211	0	157	0	0	0	0	0	0
Zfp966	115.818182	0	906	0	211	0	157	0	0	0	0	0	0
Zfp746	115.818182	0	540	0	108	0	626	0	0	0	0	0	0
Zcrb1	115.818182	0	694	0	285	0	295	0	0	0	0	0	0
Tiparp	115.818182	0	646	0	176	0	190	262	0	0	0	0	0
Pphln1	115.818182	0	694	0	285	0	295	0	0	0	0	0	0
Nfatc3	115.818182	0	731	0	283	0	260	0	0	0	0	0	0
Dusp18	115.818182	0	594	0	121	0	171	388	0	0	0	0	0
Arhgap31	115.818182	0	696	0	344	0	234	0	0	0	0	0	0
4921536K21Rik	115.818182	0	594	0	121	0	171	388	0	0	0	0	0
Zfp444	115.727273	0	899	0	199	0	0	175	0	0	0	0	0
Vps37a	115.727273	0	717	0	427	0	129	0	0	0	0	0	0
Tstd2	115.727273	0	946	0	237	0	0	90	0	0	0	0	0
Rab21	115.727273	0	897	0	249	0	0	127	0	0	0	0	0
Ncbp1	115.727273	0	946	0	237	0	0	90	0	0	0	0	0
Mboat2	115.727273	0	709	0	146	0	298	120	0	0	0	0	0
Klhl12	115.727273	0	783	0	190	0	122	178	0	0	0	0	0
Dido1	115.727273	0	997	0	276	0	0	0	0	0	0	0	0
Cnot7	115.727273	0	717	0	427	0	129	0	0	0	0	0	0
Tspan3	115.636364	0	854	0	151	0	167	100	0	0	0	0	0
Synj1	115.636364	0	805	0	199	0	144	124	0	0	0	0	0
Anp32e	115.636364	0	739	0	179	0	191	163	0	0	0	0	0
Rack1	115.545455	0	1010	0	176	0	0	85	0	0	0	0	0
Ptpn1	115.545455	0	543	0	240	0	362	126	0	0	0	0	0
Ppdpf	115.545455	0	994	0	170	0	0	107	0	0	0	0	0
Megf9	115.545455	0	654	0	185	0	357	75	0	0	0	0	0
Dvl3	115.545455	0	810	0	147	0	314	0	0	0	0	0	0
Tubb2b	115.454545	0	728	0	137	0	172	233	0	0	0	0	0
Rnf103	115.454545	0	786	0	370	0	114	0	0	0	0	0	0
Prmt6	115.454545	0	972	0	184	0	0	114	0	0	0	0	0
Mtm1	115.454545	0	889	0	174	0	207	0	0	0	0	0	0
Iscu	115.454545	0	464	0	115	0	579	112	0	0	0	0	0
H2az1	115.454545	0	616	0	213	0	335	106	0	0	0	0	0
Gphn	115.454545	0	899	0	178	0	0	193	0	0	0	0	0
Snx33	115.363636	0	819	0	304	0	146	0	0	0	0	0	0
Rit1	115.363636	0	871	0	249	0	149	0	0	0	0	0	0
Pitpnc1	115.363636	0	685	0	222	0	242	120	0	0	0	0	0
Phlpp1	115.363636	0	491	0	173	0	472	133	0	0	0	0	0
Nptn	115.363636	0	671	0	365	0	94	139	0	0	0	0	0
Mapkapk2	115.363636	0	858	0	0	0	411	0	0	0	0	0	0
Inava	115.363636	0	520	0	0	0	0	749	0	0	0	0	0
Fundc1	115.363636	0	912	0	247	0	0	110	0	0	0	0	0
Fig4	115.363636	0	880	0	131	0	258	0	0	0	0	0	0
Ak9	115.363636	0	880	0	131	0	258	0	0	0	0	0	0
Znrd2	115.272727	0	871	0	0	0	293	104	0	0	0	0	0
Tmem251	115.272727	0	934	0	188	0	146	0	0	0	0	0	0
Sirt7	115.272727	0	1053	0	0	0	141	74	0	0	0	0	0
Rnf145	115.272727	0	776	0	245	0	97	150	0	0	0	0	0
Moap1	115.272727	0	934	0	188	0	146	0	0	0	0	0	0
Irf1	115.272727	0	747	0	235	0	127	159	0	0	0	0	0
Idnk	115.272727	0	909	0	265	0	94	0	0	0	0	0	0
Rsrc1	115.181818	0	791	0	267	0	0	209	0	0	0	0	0
Map2k5	115.181818	0	910	0	273	0	84	0	0	0	0	0	0
Iftap	115.181818	0	724	0	242	0	132	169	0	0	0	0	0
Idua	115.181818	0	822	0	160	0	285	0	0	0	0	0	0
Fam136a	115.181818	0	622	0	159	0	362	124	0	0	0	0	0
Dgkq	115.181818	0	822	0	160	0	285	0	0	0	0	0	0
Blcap	115.181818	0	740	0	380	0	0	147	0	0	0	0	0
Arhgdia	115.181818	0	864	0	261	0	142	0	0	0	0	0	0
Sgtb	115.090909	0	651	0	267	0	348	0	0	0	0	0	0
Rhbdd1	115.090909	0	911	0	228	0	0	127	0	0	0	0	0
Nln	115.090909	0	651	0	267	0	348	0	0	0	0	0	0
Mtfr1	115.090909	0	836	0	128	0	212	90	0	0	0	0	0
Lrp11	115.090909	0	766	0	164	0	336	0	0	0	0	0	0
Hnrnpk	115.090909	0	807	0	182	0	86	191	0	0	0	0	0
Cdkl4	115.090909	0	899	0	202	0	165	0	0	0	0	0	0
Ccng2	115.090909	0	824	0	314	0	128	0	0	0	0	0	0
Ccdc34	115.090909	0	674	0	416	0	0	176	0	0	0	0	0
Arrb2	115.090909	0	695	0	0	0	377	194	0	0	0	0	0
Uxs1	115.000000	0	1031	0	234	0	0	0	0	0	0	0	0
Tubgcp5	115.000000	0	983	0	200	0	0	82	0	0	0	0	0
Trim39	115.000000	0	1106	0	159	0	0	0	0	0	0	0	0
Mff	115.000000	0	979	0	286	0	0	0	0	0	0	0	0
Lrmp	115.000000	0	613	0	222	0	284	146	0	0	0	0	0
Hprt	115.000000	0	800	0	238	0	227	0	0	0	0	0	0
Fam234b	115.000000	0	1131	0	134	0	0	0	0	0	0	0	0
Mlxip	114.909091	0	633	0	221	0	305	105	0	0	0	0	0
Inpp5d	114.909091	0	1036	0	228	0	0	0	0	0	0	0	0
Slc46a1	114.818182	0	881	0	0	0	150	232	0	0	0	0	0
Mtcp1	114.818182	0	891	0	229	0	143	0	0	0	0	0	0
Cmc4	114.818182	0	891	0	229	0	143	0	0	0	0	0	0
Brcc3	114.818182	0	891	0	229	0	143	0	0	0	0	0	0
Tceanc	114.727273	0	808	0	0	0	293	161	0	0	0	0	0
Spry4	114.727273	0	963	0	99	0	76	124	0	0	0	0	0
Pex12	114.727273	0	967	0	153	0	142	0	0	0	0	0	0
Gstp1	114.727273	0	1080	0	0	0	97	85	0	0	0	0	0
Clec16a	114.727273	0	754	0	135	0	268	105	0	0	0	0	0
Zbed3	114.636364	0	804	0	346	0	111	0	0	0	0	0	0
S1pr2	114.636364	0	861	0	255	0	145	0	0	0	0	0	0
Nprl3	114.636364	0	1064	0	197	0	0	0	0	0	0	0	0
Wtap	114.545455	0	809	0	318	0	133	0	0	0	0	0	0
Smg1	114.545455	0	620	0	254	0	293	93	0	0	0	0	0
Senp1	114.545455	0	737	0	236	0	109	178	0	0	0	0	0
Sbno1	114.545455	0	920	0	340	0	0	0	0	0	0	0	0
Ptpre	114.545455	0	814	0	446	0	0	0	0	0	0	0	0
Myl6	114.545455	0	928	0	240	0	0	92	0	0	0	0	0
Hps6	114.545455	0	1113	0	147	0	0	0	0	0	0	0	0
Hnrnpa2b1	114.545455	0	539	0	231	0	105	229	0	0	0	156	0
Gm10037	114.545455	0	984	0	276	0	0	0	0	0	0	0	0
Glrx5	114.545455	0	763	0	205	0	193	99	0	0	0	0	0
Dnajc25	114.545455	0	891	0	139	0	230	0	0	0	0	0	0
Cpsf6	114.545455	0	730	0	321	0	209	0	0	0	0	0	0
Atxn1l	114.545455	0	977	0	164	0	0	119	0	0	0	0	0
Urb2	114.454545	0	772	0	247	0	240	0	0	0	0	0	0
Taf5l	114.454545	0	772	0	247	0	240	0	0	0	0	0	0
Qk	114.454545	0	779	0	161	0	177	142	0	0	0	0	0
Ppp6r1	114.454545	0	732	0	188	0	165	174	0	0	0	0	0
Jak1	114.454545	0	682	0	299	0	278	0	0	0	0	0	0
Fxr1	114.454545	0	860	0	122	0	277	0	0	0	0	0	0
E2f5	114.454545	0	964	0	0	0	88	207	0	0	0	0	0
Zfp937	114.363636	0	771	0	348	0	0	139	0	0	0	0	0
Snx11	114.363636	0	716	0	190	0	178	174	0	0	0	0	0
Snrpb	114.363636	0	826	0	299	0	133	0	0	0	0	0	0
Rab24	114.363636	0	991	0	267	0	0	0	0	0	0	0	0
Prr13	114.363636	0	771	0	367	0	120	0	0	0	0	0	0
Prelid1	114.363636	0	991	0	267	0	0	0	0	0	0	0	0
Nek2	114.363636	0	799	0	0	0	354	105	0	0	0	0	0
Mfsd12	114.363636	0	738	0	105	0	415	0	0	0	0	0	0
Lig3	114.363636	0	990	0	268	0	0	0	0	0	0	0	0
Kpna2	114.363636	0	957	0	301	0	0	0	0	0	0	0	0
Hexa	114.363636	0	1007	0	139	0	0	112	0	0	0	0	0
Dusp7	114.363636	0	399	0	0	0	859	0	0	0	0	0	0
Zfp507	114.272727	0	681	0	219	0	357	0	0	0	0	0	0
Recql4	114.272727	0	772	0	0	0	346	139	0	0	0	0	0
Mpv17l2	114.272727	0	511	0	0	0	608	138	0	0	0	0	0
Mki67	114.272727	0	709	0	411	0	137	0	0	0	0	0	0
Lrrc14	114.272727	0	772	0	0	0	346	139	0	0	0	0	0
Arpp19	114.272727	0	925	0	332	0	0	0	0	0	0	0	0
Apool	114.272727	0	823	0	434	0	0	0	0	0	0	0	0
Tnfrsf19	114.181818	0	670	0	321	0	141	124	0	0	0	0	0
Tmem104	114.181818	0	756	0	168	0	332	0	0	0	0	0	0
Tbrg1	114.181818	0	824	0	321	0	0	111	0	0	0	0	0
Tada2a	114.181818	0	796	0	187	0	145	128	0	0	0	0	0
Stim1	114.181818	0	778	0	288	0	190	0	0	0	0	0	0
Nat9	114.181818	0	756	0	168	0	332	0	0	0	0	0	0
Klhl26	114.181818	0	727	0	93	0	436	0	0	0	0	0	0
Ift27	114.181818	0	683	0	154	0	115	304	0	0	0	0	0
Acbd3	114.181818	0	793	0	141	0	322	0	0	0	0	0	0
Pan3	114.090909	0	939	0	216	0	100	0	0	0	0	0	0
Pafah1b1	114.090909	0	886	0	212	0	0	157	0	0	0	0	0
Nup153	114.090909	0	501	0	308	0	246	200	0	0	0	0	0
Lpar5	114.090909	0	863	0	392	0	0	0	0	0	0	0	0
Ids	114.090909	0	816	0	246	0	193	0	0	0	0	0	0
Eif4g1	114.090909	0	544	0	241	0	470	0	0	0	0	0	0
Efr3a	114.090909	0	950	0	305	0	0	0	0	0	0	0	0
Ywhab	114.000000	0	868	0	164	0	122	100	0	0	0	0	0
Srsf3	114.000000	0	775	0	237	0	130	112	0	0	0	0	0
Spc24	114.000000	0	1118	0	0	0	136	0	0	0	0	0	0
Myl12b	114.000000	0	866	0	84	0	94	210	0	0	0	0	0
H2bc4	114.000000	0	690	0	163	0	138	194	0	0	0	69	0
H2ac6	114.000000	0	690	0	163	0	138	194	0	0	0	69	0
Foxk2	114.000000	0	1015	0	177	0	62	0	0	0	0	0	0
Ehd3	114.000000	0	902	0	246	0	106	0	0	0	0	0	0
Adam10	114.000000	0	748	0	273	0	233	0	0	0	0	0	0
Sumf1	113.909091	0	1124	0	0	0	0	0	0	0	0	129	0
Mgat1	113.909091	0	613	0	183	0	261	196	0	0	0	0	0
Mfsd3	113.909091	0	916	0	179	0	158	0	0	0	0	0	0
Cenpj	113.909091	0	860	0	0	0	244	149	0	0	0	0	0
Tcf7l1	113.818182	0	801	0	205	0	101	145	0	0	0	0	0
Irf9	113.818182	0	860	0	221	0	171	0	0	0	0	0	0
Got2	113.818182	0	958	0	294	0	0	0	0	0	0	0	0
Amer1	113.818182	0	977	0	275	0	0	0	0	0	0	0	0
Yaf2	113.727273	0	586	0	314	0	246	105	0	0	0	0	0
Phyh	113.727273	0	937	0	314	0	0	0	0	0	0	0	0
Mtor	113.727273	0	633	0	297	0	167	154	0	0	0	0	0
Elf2	113.727273	0	945	0	133	0	173	0	0	0	0	0	0
Dusp1	113.727273	0	873	0	196	0	0	182	0	0	0	0	0
Cfap46	113.727273	0	662	0	275	0	167	147	0	0	0	0	0
Itprip	113.636364	0	841	0	168	0	130	111	0	0	0	0	0
3110082I17Rik	113.636364	0	522	0	184	0	289	255	0	0	0	0	0
Zfp623	113.545455	0	730	0	0	0	394	125	0	0	0	0	0
Tob2	113.545455	0	679	0	195	0	259	116	0	0	0	0	0
Slc35a1	113.545455	0	741	0	194	0	165	149	0	0	0	0	0
Ppp5c	113.545455	0	879	0	232	0	0	138	0	0	0	0	0
P2rx3	113.545455	0	1249	0	0	0	0	0	0	0	0	0	0
Kifap3	113.545455	0	472	0	174	0	409	194	0	0	0	0	0
Cd48	113.545455	0	935	0	314	0	0	0	0	0	0	0	0
Pbx1	113.454545	0	0	0	121	0	968	159	0	0	0	0	0
H3c7	113.454545	0	623	0	190	0	133	164	0	0	0	138	0
Atp11b	113.454545	0	1025	0	223	0	0	0	0	0	0	0	0
2310011J03Rik	113.454545	0	1018	0	0	0	230	0	0	0	0	0	0
Wac	113.363636	0	868	0	222	0	0	157	0	0	0	0	0
Tnfrsf1b	113.363636	0	990	0	257	0	0	0	0	0	0	0	0
Nup210	113.363636	0	739	0	333	0	175	0	0	0	0	0	0
Esco1	113.363636	0	1024	0	223	0	0	0	0	0	0	0	0
Cdk17	113.363636	0	859	0	214	0	174	0	0	0	0	0	0
Tap1	113.272727	0	876	0	246	0	124	0	0	0	0	0	0
Psmb9	113.272727	0	876	0	246	0	124	0	0	0	0	0	0
Nabp2	113.272727	0	710	0	0	0	399	137	0	0	0	0	0
Gm1966	113.272727	0	537	0	709	0	0	0	0	0	0	0	0
Cln5	113.272727	0	719	0	203	0	189	135	0	0	0	0	0
Capza2	113.272727	0	433	0	271	0	542	0	0	0	0	0	0
Ube2l3	113.181818	0	772	0	365	0	0	108	0	0	0	0	0
Rgs14	113.181818	0	914	0	331	0	0	0	0	0	0	0	0
Patl1	113.181818	0	849	0	322	0	74	0	0	0	0	0	0
Mtrr	113.181818	0	972	0	164	0	109	0	0	0	0	0	0
Gng7	113.181818	0	0	0	0	0	1245	0	0	0	0	0	0
Fastkd3	113.181818	0	972	0	164	0	109	0	0	0	0	0	0
E2f6	113.181818	0	1030	0	115	0	0	100	0	0	0	0	0
A430033K04Rik	113.181818	0	917	0	238	0	0	90	0	0	0	0	0
Zc3h12a	113.090909	0	906	0	197	0	141	0	0	0	0	0	0
Taf5	113.090909	0	828	0	138	0	278	0	0	0	0	0	0
Rad23a	113.090909	0	940	0	0	0	304	0	0	0	0	0	0
Cul3	113.090909	0	598	0	456	0	190	0	0	0	0	0	0
Cbx3	113.090909	0	539	0	215	0	105	229	0	0	0	156	0
Bambi	113.090909	0	629	0	208	0	407	0	0	0	0	0	0
Zhx3	113.000000	0	720	0	156	0	126	241	0	0	0	0	0
Zfyve26	113.000000	0	845	0	398	0	0	0	0	0	0	0	0
Tfdp2	113.000000	0	738	0	197	0	308	0	0	0	0	0	0
Rad51b	113.000000	0	845	0	398	0	0	0	0	0	0	0	0
Lypla1	113.000000	0	933	0	310	0	0	0	0	0	0	0	0
Kazald1	113.000000	0	823	0	200	0	220	0	0	0	0	0	0
Echdc1	113.000000	0	1032	0	211	0	0	0	0	0	0	0	0
Cdkl5	113.000000	0	765	0	143	0	237	98	0	0	0	0	0
Agtpbp1	113.000000	0	909	0	230	0	104	0	0	0	0	0	0
Ptp4a3	112.909091	0	976	0	126	0	140	0	0	0	0	0	0
Ndfip1	112.909091	0	881	0	170	0	191	0	0	0	0	0	0
Cstb	112.909091	0	1092	0	150	0	0	0	0	0	0	0	0
Tbcc	112.818182	0	681	0	257	0	176	127	0	0	0	0	0
Rtl8b	112.818182	0	1024	0	217	0	0	0	0	0	0	0	0
Phgdh	112.818182	0	879	0	228	0	134	0	0	0	0	0	0
Nfkbie	112.818182	0	751	0	198	0	292	0	0	0	0	0	0
Mdc1	112.818182	0	566	0	267	0	408	0	0	0	0	0	0
Ldlrap1	112.818182	0	729	0	0	0	512	0	0	0	0	0	0
Gabarapl1	112.818182	0	831	0	148	0	170	92	0	0	0	0	0
Tent2	112.727273	0	710	0	277	0	166	87	0	0	0	0	0
Tcf4	112.727273	0	706	0	230	0	304	0	0	0	0	0	0
Rgs19	112.727273	0	915	0	160	0	0	165	0	0	0	0	0
Rabep2	112.727273	0	1111	0	0	0	129	0	0	0	0	0	0
Polr3e	112.727273	0	870	0	178	0	192	0	0	0	0	0	0
Nhsl1	112.727273	0	796	0	217	0	96	131	0	0	0	0	0
Hdgf	112.727273	0	645	0	139	0	261	195	0	0	0	0	0
Gna13	112.727273	0	1006	0	234	0	0	0	0	0	0	0	0
Ctc1	112.727273	0	891	0	241	0	0	108	0	0	0	0	0
Cnot6	112.727273	0	739	0	0	0	236	265	0	0	0	0	0
Ruvbl2	112.636364	0	702	0	184	0	279	74	0	0	0	0	0
Nckipsd	112.636364	0	996	0	91	0	152	0	0	0	0	0	0
Gys1	112.636364	0	702	0	184	0	279	74	0	0	0	0	0
Eif1ax	112.636364	0	1043	0	196	0	0	0	0	0	0	0	0
Ankrd46	112.636364	0	1084	0	155	0	0	0	0	0	0	0	0
Phlda1	112.545455	0	754	0	238	0	246	0	0	0	0	0	0
Katnbl1	112.545455	0	929	0	81	0	118	110	0	0	0	0	0
Dusp22	112.545455	0	823	0	175	0	152	88	0	0	0	0	0
Chka	112.545455	0	788	0	245	0	205	0	0	0	0	0	0
Card19	112.545455	0	698	0	240	0	300	0	0	0	0	0	0
Ubac1	112.454545	0	963	0	159	0	115	0	0	0	0	0	0
Spice1	112.454545	0	819	0	245	0	173	0	0	0	0	0	0
Slc25a1	112.454545	0	743	0	0	0	374	120	0	0	0	0	0
Sap30	112.454545	0	638	0	271	0	328	0	0	0	0	0	0
Pgrmc2	112.454545	0	824	0	155	0	258	0	0	0	0	0	0
Adamts17	112.454545	0	872	0	168	0	110	87	0	0	0	0	0
4921507P07Rik	112.454545	0	568	0	219	0	450	0	0	0	0	0	0
Tpra1	112.363636	0	930	0	86	0	220	0	0	0	0	0	0
Tmem120a	112.363636	0	926	0	0	0	310	0	0	0	0	0	0
Tmed10	112.363636	0	974	0	154	0	108	0	0	0	0	0	0
Strbp	112.363636	0	959	0	183	0	0	94	0	0	0	0	0
Nxn	112.363636	0	669	0	286	0	281	0	0	0	0	0	0
Gsto1	112.363636	0	630	0	138	0	468	0	0	0	0	0	0
Dnajc9	112.363636	0	850	0	124	0	262	0	0	0	0	0	0
B4galt1	112.363636	0	573	0	154	0	509	0	0	0	0	0	0
Ap4s1	112.363636	0	847	0	166	0	223	0	0	0	0	0	0
Zfp740	112.272727	0	833	0	225	0	103	74	0	0	0	0	0
Zfp319	112.272727	0	711	0	117	0	251	156	0	0	0	0	0
Usb1	112.272727	0	711	0	117	0	251	156	0	0	0	0	0
Top2b	112.272727	0	964	0	271	0	0	0	0	0	0	0	0
Slain1	112.272727	0	726	0	313	0	196	0	0	0	0	0	0
Rsf1	112.272727	0	665	0	308	0	262	0	0	0	0	0	0
Ephb2	112.272727	0	362	0	0	0	0	873	0	0	0	0	0
Atf5	112.272727	0	923	0	0	0	198	114	0	0	0	0	0
Apba1	112.272727	0	666	0	140	0	204	225	0	0	0	0	0
Aamdc	112.272727	0	665	0	308	0	262	0	0	0	0	0	0
Trpm4	112.181818	0	746	0	0	0	488	0	0	0	0	0	0
Rel	112.181818	0	634	0	391	0	209	0	0	0	0	0	0
Map3k12	112.181818	0	445	0	241	0	458	90	0	0	0	0	0
Invs	112.181818	0	935	0	219	0	0	80	0	0	0	0	0
Erp44	112.181818	0	935	0	219	0	0	80	0	0	0	0	0
Cdca7l	112.181818	0	737	0	120	0	0	377	0	0	0	0	0
Tmem53	112.090909	0	822	0	0	0	411	0	0	0	0	0	0
Tbl3	112.090909	0	898	0	147	0	0	188	0	0	0	0	0
Rps4x	112.090909	0	950	0	283	0	0	0	0	0	0	0	0
Pink1	112.090909	0	987	0	0	0	179	67	0	0	0	0	0
Inpp4a	112.090909	0	932	0	203	0	98	0	0	0	0	0	0
Dpp8	112.090909	0	954	0	279	0	0	0	0	0	0	0	0
Dnajc16	112.090909	0	741	0	0	0	325	167	0	0	0	0	0
Armh1	112.090909	0	822	0	0	0	411	0	0	0	0	0	0
Agbl3	112.090909	0	941	0	131	0	0	161	0	0	0	0	0
Aak1	112.090909	0	996	0	237	0	0	0	0	0	0	0	0
Zfp429	112.000000	0	957	0	275	0	0	0	0	0	0	0	0
Tor1aip1	112.000000	0	824	0	253	0	0	155	0	0	0	0	0
Sgsm3	112.000000	0	1108	0	124	0	0	0	0	0	0	0	0
Rmi1	112.000000	0	807	0	148	0	86	191	0	0	0	0	0
Naif1	112.000000	0	590	0	154	0	488	0	0	0	0	0	0
Mbp	112.000000	0	922	0	310	0	0	0	0	0	0	0	0
Eml4	112.000000	0	469	0	183	0	580	0	0	0	0	0	0
Aldh18a1	112.000000	0	934	0	205	0	0	93	0	0	0	0	0
A430057M04Rik	112.000000	0	1051	0	181	0	0	0	0	0	0	0	0
Rcan1	111.909091	0	588	0	0	0	445	198	0	0	0	0	0
Polm	111.909091	0	749	0	0	0	386	96	0	0	0	0	0
Parvg	111.909091	0	912	0	319	0	0	0	0	0	0	0	0
Mia2	111.909091	0	805	0	124	0	91	211	0	0	0	0	0
Litaf	111.909091	0	573	0	106	0	454	98	0	0	0	0	0
Cox14	111.909091	0	818	0	191	0	222	0	0	0	0	0	0
Ccdc93	111.909091	0	1087	0	144	0	0	0	0	0	0	0	0
Tmtc3	111.818182	0	621	0	191	0	236	182	0	0	0	0	0
Htatip2	111.818182	0	993	0	237	0	0	0	0	0	0	0	0
Crebbp	111.818182	0	856	0	374	0	0	0	0	0	0	0	0
Cep290	111.818182	0	621	0	191	0	236	182	0	0	0	0	0
Zscan18	111.727273	0	888	0	341	0	0	0	0	0	0	0	0
Zranb1	111.727273	0	723	0	391	0	115	0	0	0	0	0	0
Rabl6	111.727273	0	976	0	154	0	0	99	0	0	0	0	0
Pigv	111.727273	0	851	0	261	0	117	0	0	0	0	0	0
Mcu	111.727273	0	794	0	187	0	248	0	0	0	0	0	0
Inpp1	111.727273	0	963	0	163	0	0	103	0	0	0	0	0
Inka2	111.727273	0	804	0	263	0	162	0	0	0	0	0	0
Wdr83os	111.636364	0	945	0	283	0	0	0	0	0	0	0	0
Wdr83	111.636364	0	945	0	283	0	0	0	0	0	0	0	0
Creld1	111.636364	0	820	0	126	0	178	104	0	0	0	0	0
Ap1s2	111.636364	0	781	0	221	0	226	0	0	0	0	0	0
Zfp644	111.545455	0	941	0	155	0	0	131	0	0	0	0	0
Wwc2	111.545455	0	522	0	119	0	475	111	0	0	0	0	0
Mark3	111.545455	0	844	0	194	0	189	0	0	0	0	0	0
Edf1	111.545455	0	778	0	222	0	227	0	0	0	0	0	0
Pip4k2c	111.454545	0	1124	0	102	0	0	0	0	0	0	0	0
Cyrib	111.454545	0	805	0	214	0	207	0	0	0	0	0	0
Wapl	111.363636	0	922	0	303	0	0	0	0	0	0	0	0
Slc26a11	111.363636	0	871	0	112	0	118	124	0	0	0	0	0
Sgsh	111.363636	0	871	0	112	0	118	124	0	0	0	0	0
Psma3	111.363636	0	1006	0	219	0	0	0	0	0	0	0	0
Dusp6	111.363636	0	390	0	0	0	591	244	0	0	0	0	0
Sh3bp5l	111.272727	0	973	0	251	0	0	0	0	0	0	0	0
Sarm1	111.272727	0	514	0	243	0	467	0	0	0	0	0	0
Milr1	111.272727	0	822	0	402	0	0	0	0	0	0	0	0
Hells	111.272727	0	823	0	304	0	97	0	0	0	0	0	0
Ass1	111.272727	0	895	0	329	0	0	0	0	0	0	0	0
Ubfd1	111.181818	0	707	0	279	0	237	0	0	0	0	0	0
Slc25a5	111.181818	0	857	0	200	0	0	166	0	0	0	0	0
Osbp	111.181818	0	665	0	257	0	167	134	0	0	0	0	0
Mppe1	111.181818	0	970	0	253	0	0	0	0	0	0	0	0
Gm45927	111.181818	0	852	0	227	0	144	0	0	0	0	0	0
Gid8	111.181818	0	947	0	276	0	0	0	0	0	0	0	0
Gas2	111.181818	0	1047	0	176	0	0	0	0	0	0	0	0
Fancf	111.181818	0	1047	0	176	0	0	0	0	0	0	0	0
Ears2	111.181818	0	707	0	279	0	237	0	0	0	0	0	0
Clk2	111.181818	0	852	0	227	0	144	0	0	0	0	0	0
Uba7	111.090909	0	933	0	289	0	0	0	0	0	0	0	0
Lcp2	111.090909	0	801	0	421	0	0	0	0	0	0	0	0
Bst2	111.090909	0	1034	0	188	0	0	0	0	0	0	0	0
Zfp706	111.000000	0	579	0	269	0	373	0	0	0	0	0	0
Qtrt1	111.000000	0	1123	0	98	0	0	0	0	0	0	0	0
Ppargc1a	111.000000	0	747	0	214	0	0	260	0	0	0	0	0
Fam117b	111.000000	0	721	0	291	0	209	0	0	0	0	0	0
Egln2	111.000000	0	836	0	192	0	71	122	0	0	0	0	0
Arrb1	111.000000	0	746	0	273	0	0	202	0	0	0	0	0
Sowahc	110.909091	0	731	0	0	0	365	124	0	0	0	0	0
Slc25a22	110.909091	0	1063	0	157	0	0	0	0	0	0	0	0
Septin10	110.909091	0	731	0	0	0	365	124	0	0	0	0	0
Safb2	110.909091	0	797	0	130	0	293	0	0	0	0	0	0
Safb	110.909091	0	797	0	130	0	293	0	0	0	0	0	0
Ptgr1	110.909091	0	991	0	229	0	0	0	0	0	0	0	0
Plekhm3	110.909091	0	796	0	197	0	0	88	0	0	0	139	0
Lin54	110.909091	0	766	0	173	0	281	0	0	0	0	0	0
Klhl2	110.909091	0	729	0	127	0	230	134	0	0	0	0	0
Gm5148	110.909091	0	815	0	88	0	120	197	0	0	0	0	0
Ezr	110.909091	0	678	0	255	0	137	150	0	0	0	0	0
Ddx39b	110.909091	0	813	0	285	0	0	122	0	0	0	0	0
Daglb	110.909091	0	815	0	266	0	139	0	0	0	0	0	0
Ablim2	110.909091	0	557	0	141	0	522	0	0	0	0	0	0
Rps6ka2	110.818182	0	617	0	161	0	441	0	0	0	0	0	0
Rab23	110.818182	0	1219	0	0	0	0	0	0	0	0	0	0
R3hdm2	110.818182	0	878	0	192	0	0	149	0	0	0	0	0
Prcp	110.818182	0	904	0	227	0	0	88	0	0	0	0	0
Leo1	110.818182	0	960	0	259	0	0	0	0	0	0	0	0
Gtpbp6	110.818182	0	724	0	150	0	217	128	0	0	0	0	0
Ddias	110.818182	0	904	0	227	0	0	88	0	0	0	0	0
Celf1	110.818182	0	939	0	280	0	0	0	0	0	0	0	0
Btg3	110.818182	0	848	0	0	0	371	0	0	0	0	0	0
Btbd11	110.818182	0	465	0	80	0	248	426	0	0	0	0	0
Atf6b	110.818182	0	987	0	0	0	232	0	0	0	0	0	0
Xaf1	110.727273	0	878	0	340	0	0	0	0	0	0	0	0
Nsmce1	110.727273	0	662	0	214	0	202	140	0	0	0	0	0
Ezh2	110.727273	0	720	0	239	0	93	166	0	0	0	0	0
Etv6	110.727273	0	805	0	175	0	109	129	0	0	0	0	0
E2f3	110.727273	0	416	0	177	0	521	104	0	0	0	0	0
Dcaf10	110.727273	0	597	0	223	0	231	0	0	0	0	167	0
Atxn10	110.727273	0	1042	0	176	0	0	0	0	0	0	0	0
Ttc9c	110.636364	0	600	0	266	0	181	170	0	0	0	0	0
Rmnd5b	110.636364	0	809	0	0	0	298	110	0	0	0	0	0
Hnrnpul2	110.636364	0	600	0	266	0	181	170	0	0	0	0	0
Eif2ak2	110.636364	0	1021	0	196	0	0	0	0	0	0	0	0
Dock6	110.636364	0	333	0	0	0	884	0	0	0	0	0	0
Btg2	110.636364	0	632	0	226	0	359	0	0	0	0	0	0
Tanc2	110.545455	0	861	0	135	0	92	128	0	0	0	0	0
Rufy2	110.545455	0	1068	0	148	0	0	0	0	0	0	0	0
Primpol	110.545455	0	901	0	210	0	105	0	0	0	0	0	0
Pqlc3	110.545455	0	1032	0	0	0	184	0	0	0	0	0	0
Pgpep1l	110.545455	0	180	0	0	0	847	189	0	0	0	0	0
Mcur1	110.545455	0	933	0	110	0	173	0	0	0	0	0	0
H4c11	110.545455	0	663	0	256	0	0	126	0	0	0	171	0
Casp3	110.545455	0	901	0	210	0	105	0	0	0	0	0	0
Fam117a	110.454545	0	890	0	233	0	92	0	0	0	0	0	0
Usp40	110.363636	0	948	0	124	0	0	142	0	0	0	0	0
Tbc1d5	110.363636	0	879	0	171	0	0	164	0	0	0	0	0
Rcn1	110.363636	0	751	0	230	0	119	114	0	0	0	0	0
Purb	110.363636	0	743	0	230	0	120	121	0	0	0	0	0
Hectd2	110.363636	0	866	0	237	0	0	111	0	0	0	0	0
Cul4a	110.363636	0	892	0	0	0	322	0	0	0	0	0	0
Tsr3	110.272727	0	1075	0	138	0	0	0	0	0	0	0	0
Sntb2	110.272727	0	666	0	152	0	269	126	0	0	0	0	0
Slc25a33	110.272727	0	687	0	0	0	526	0	0	0	0	0	0
Rfx3	110.272727	0	632	0	332	0	249	0	0	0	0	0	0
Pag1	110.272727	0	709	0	288	0	216	0	0	0	0	0	0
Nudt18	110.272727	0	901	0	137	0	175	0	0	0	0	0	0
Mospd1	110.272727	0	887	0	326	0	0	0	0	0	0	0	0
Ikbke	110.272727	0	955	0	258	0	0	0	0	0	0	0	0
Grhl1	110.272727	0	457	0	115	0	641	0	0	0	0	0	0
Gnptg	110.272727	0	1075	0	138	0	0	0	0	0	0	0	0
Gnpda1	110.272727	0	929	0	218	0	0	66	0	0	0	0	0
Ctnnal1	110.272727	0	641	0	242	0	170	160	0	0	0	0	0
Clspn	110.272727	0	947	0	266	0	0	0	0	0	0	0	0
Cited2	110.272727	0	715	0	263	0	95	140	0	0	0	0	0
Usp10	110.181818	0	1212	0	0	0	0	0	0	0	0	0	0
Uprt	110.181818	0	959	0	253	0	0	0	0	0	0	0	0
Tpm1	110.181818	0	864	0	153	0	195	0	0	0	0	0	0
Polr3a	110.181818	0	829	0	241	0	0	142	0	0	0	0	0
Itpkc	110.181818	0	709	0	187	0	316	0	0	0	0	0	0
Elob	110.181818	0	768	0	147	0	129	168	0	0	0	0	0
Ddx58	110.181818	0	958	0	254	0	0	0	0	0	0	0	0
Arhgap33	110.181818	0	769	0	142	0	301	0	0	0	0	0	0
Aprt	110.181818	0	866	0	125	0	221	0	0	0	0	0	0
Uba52	110.090909	0	796	0	111	0	304	0	0	0	0	0	0
Haspin	110.090909	0	765	0	249	0	87	110	0	0	0	0	0
Fbxo25	110.090909	0	944	0	115	0	152	0	0	0	0	0	0
Eya2	110.090909	0	823	0	388	0	0	0	0	0	0	0	0
Cenpa	110.090909	0	953	0	135	0	123	0	0	0	0	0	0
Vinac1	110.000000	0	858	0	352	0	0	0	0	0	0	0	0
Ttl	110.000000	0	858	0	352	0	0	0	0	0	0	0	0
Tsnax	110.000000	0	598	0	178	0	222	212	0	0	0	0	0
Smarcd1	110.000000	0	1017	0	0	0	193	0	0	0	0	0	0
Slc6a6	110.000000	0	793	0	160	0	257	0	0	0	0	0	0
Scand1	110.000000	0	929	0	281	0	0	0	0	0	0	0	0
Rcc1l	110.000000	0	1098	0	112	0	0	0	0	0	0	0	0
Pcnx3	110.000000	0	703	0	153	0	168	186	0	0	0	0	0
Map3k11	110.000000	0	703	0	153	0	168	186	0	0	0	0	0
Lipo3	110.000000	0	955	0	255	0	0	0	0	0	0	0	0
Gpr180	110.000000	0	629	0	288	0	167	126	0	0	0	0	0
Cnbd2	110.000000	0	929	0	281	0	0	0	0	0	0	0	0
Ccdc15	110.000000	0	876	0	334	0	0	0	0	0	0	0	0
Capn1	110.000000	0	970	0	240	0	0	0	0	0	0	0	0
Wdr3	109.909091	0	876	0	230	0	103	0	0	0	0	0	0
Myl6b	109.909091	0	619	0	83	0	507	0	0	0	0	0	0
Lancl1	109.909091	0	891	0	147	0	171	0	0	0	0	0	0
Fam219b	109.909091	0	798	0	243	0	168	0	0	0	0	0	0
Slc25a29	109.818182	0	832	0	213	0	163	0	0	0	0	0	0
Rnf111	109.818182	0	672	0	126	0	232	178	0	0	0	0	0
Nsd3	109.818182	0	773	0	309	0	126	0	0	0	0	0	0
G3bp1	109.818182	0	704	0	235	0	112	157	0	0	0	0	0
Bcl9	109.818182	0	545	0	133	0	353	177	0	0	0	0	0
Acsl4	109.818182	0	656	0	261	0	291	0	0	0	0	0	0
Tmem201	109.727273	0	781	0	169	0	257	0	0	0	0	0	0
Ppp1r15b	109.727273	0	627	0	162	0	260	158	0	0	0	0	0
Npm3	109.727273	0	941	0	107	0	159	0	0	0	0	0	0
Eif4enif1	109.727273	0	995	0	0	0	212	0	0	0	0	0	0
Dcun1d5	109.727273	0	808	0	291	0	108	0	0	0	0	0	0
Arvcf	109.727273	0	725	0	199	0	112	171	0	0	0	0	0
Ssb	109.636364	0	926	0	280	0	0	0	0	0	0	0	0
Gtf2a1	109.636364	0	671	0	209	0	0	197	0	0	0	129	0
Fermt3	109.636364	0	945	0	261	0	0	0	0	0	0	0	0
Eps15	109.636364	0	743	0	144	0	182	137	0	0	0	0	0
Atf6	109.636364	0	978	0	228	0	0	0	0	0	0	0	0
Tspyl1	109.545455	0	785	0	216	0	204	0	0	0	0	0	0
Themis	109.545455	0	717	0	488	0	0	0	0	0	0	0	0
Sepsecs	109.545455	0	1017	0	188	0	0	0	0	0	0	0	0
Nsg2	109.545455	0	824	0	251	0	130	0	0	0	0	0	0
Ankrd17	109.545455	0	825	0	149	0	67	164	0	0	0	0	0
Thoc2	109.454545	0	995	0	209	0	0	0	0	0	0	0	0
Snx6	109.454545	0	982	0	222	0	0	0	0	0	0	0	0
Sdhaf1	109.454545	0	817	0	217	0	170	0	0	0	0	0	0
Scap	109.454545	0	746	0	233	0	225	0	0	0	0	0	0
Gng10	109.454545	0	808	0	304	0	92	0	0	0	0	0	0
Clip1	109.454545	0	546	0	140	0	282	236	0	0	0	0	0
Tax1bp3	109.363636	0	1003	0	0	0	200	0	0	0	0	0	0
Reep5	109.363636	0	881	0	208	0	0	114	0	0	0	0	0
Gng12	109.363636	0	648	0	149	0	235	171	0	0	0	0	0
Fam102b	109.363636	0	758	0	293	0	152	0	0	0	0	0	0
Emc6	109.363636	0	1003	0	0	0	200	0	0	0	0	0	0
Dram2	109.363636	0	762	0	287	0	154	0	0	0	0	0	0
Cept1	109.363636	0	762	0	287	0	154	0	0	0	0	0	0
2510009E07Rik	109.363636	0	775	0	120	0	158	150	0	0	0	0	0
Sall2	109.272727	0	1015	0	0	0	0	187	0	0	0	0	0
Pias3	109.272727	0	759	0	127	0	316	0	0	0	0	0	0
Nicn1	109.272727	0	681	0	178	0	262	81	0	0	0	0	0
Kdm5c	109.272727	0	856	0	346	0	0	0	0	0	0	0	0
Uty	109.181818	0	930	0	271	0	0	0	0	0	0	0	0
Cnnm4	109.181818	0	770	0	300	0	0	131	0	0	0	0	0
Atp5d	109.181818	0	511	0	0	0	594	96	0	0	0	0	0
Rtp4	109.090909	0	773	0	427	0	0	0	0	0	0	0	0
Rbms1	109.090909	0	883	0	66	0	112	139	0	0	0	0	0
Pus1	109.090909	0	741	0	222	0	237	0	0	0	0	0	0
Pigw	109.090909	0	940	0	172	0	0	88	0	0	0	0	0
Myo19	109.090909	0	940	0	172	0	0	88	0	0	0	0	0
Gtf2ird2	109.090909	0	885	0	0	0	315	0	0	0	0	0	0
Gadd45gip1	109.090909	0	914	0	172	0	0	114	0	0	0	0	0
Efcab2	109.090909	0	856	0	159	0	185	0	0	0	0	0	0
Rap2b	109.000000	0	514	0	240	0	445	0	0	0	0	0	0
Rap1gds1	109.000000	0	948	0	119	0	132	0	0	0	0	0	0
Prdm2	109.000000	0	764	0	435	0	0	0	0	0	0	0	0
Mif4gd	109.000000	0	996	0	203	0	0	0	0	0	0	0	0
Mast2	109.000000	0	754	0	118	0	218	109	0	0	0	0	0
Fkbp1a	109.000000	0	752	0	161	0	137	149	0	0	0	0	0
Crlf3	109.000000	0	821	0	273	0	105	0	0	0	0	0	0
Btbd2	109.000000	0	671	0	0	0	426	102	0	0	0	0	0
Trim56	108.909091	0	912	0	286	0	0	0	0	0	0	0	0
Tasor	108.909091	0	736	0	293	0	169	0	0	0	0	0	0
Sdf2l1	108.909091	0	825	0	142	0	129	102	0	0	0	0	0
Rbmxl1	108.909091	0	893	0	305	0	0	0	0	0	0	0	0
Nle1	108.909091	0	1037	0	161	0	0	0	0	0	0	0	0
Itgb1	108.909091	0	552	0	163	0	378	105	0	0	0	0	0
Islr2	108.909091	0	1025	0	173	0	0	0	0	0	0	0	0
Camk2d	108.909091	0	741	0	355	0	0	102	0	0	0	0	0
Akap7	108.909091	0	721	0	0	0	197	280	0	0	0	0	0
Thoc7	108.818182	0	827	0	370	0	0	0	0	0	0	0	0
Stk16	108.818182	0	891	0	155	0	0	151	0	0	0	0	0
Ptbp2	108.818182	0	1030	0	167	0	0	0	0	0	0	0	0
Mycbp	108.818182	0	563	0	171	0	351	112	0	0	0	0	0
Gm46430	108.818182	0	774	0	294	0	0	129	0	0	0	0	0
Glb1l	108.818182	0	891	0	155	0	0	151	0	0	0	0	0
Csnk1g3	108.818182	0	661	0	306	0	230	0	0	0	0	0	0
Bet1l	108.818182	0	740	0	192	0	177	88	0	0	0	0	0
Abcb7	108.818182	0	892	0	305	0	0	0	0	0	0	0	0
Rasal3	108.727273	0	959	0	237	0	0	0	0	0	0	0	0
Psmb7	108.727273	0	913	0	283	0	0	0	0	0	0	0	0
Orai2	108.727273	0	812	0	224	0	160	0	0	0	0	0	0
H2-Bl	108.727273	0	990	0	206	0	0	0	0	0	0	0	0
Gimap9	108.727273	0	825	0	371	0	0	0	0	0	0	0	0
Dctn2	108.727273	0	890	0	97	0	209	0	0	0	0	0	0
Vps52	108.636364	0	772	0	157	0	266	0	0	0	0	0	0
Stxbp2	108.636364	0	991	0	204	0	0	0	0	0	0	0	0
Rps18	108.636364	0	772	0	157	0	266	0	0	0	0	0	0
Pcm1	108.636364	0	847	0	147	0	201	0	0	0	0	0	0
Gm4925	108.636364	0	851	0	250	0	0	94	0	0	0	0	0
Fam122b	108.636364	0	955	0	240	0	0	0	0	0	0	0	0
Dpm3	108.636364	0	995	0	200	0	0	0	0	0	0	0	0
Dgcr8	108.636364	0	778	0	159	0	121	137	0	0	0	0	0
Bcl2l11	108.636364	0	583	0	135	0	254	223	0	0	0	0	0
Arl1	108.636364	0	851	0	250	0	0	94	0	0	0	0	0
Tor3a	108.545455	0	793	0	311	0	90	0	0	0	0	0	0
Per3	108.545455	0	666	0	147	0	250	131	0	0	0	0	0
Msl2	108.545455	0	575	0	250	0	237	132	0	0	0	0	0
Hace1	108.545455	0	868	0	194	0	132	0	0	0	0	0	0
Eef1aknmt	108.545455	0	927	0	267	0	0	0	0	0	0	0	0
Aunip	108.545455	0	325	0	0	0	742	127	0	0	0	0	0
Stk40	108.454545	0	558	0	0	0	522	113	0	0	0	0	0
Slc9a5	108.454545	0	733	0	147	0	313	0	0	0	0	0	0
Slc25a53	108.454545	0	834	0	168	0	0	191	0	0	0	0	0
Orc2	108.454545	0	842	0	351	0	0	0	0	0	0	0	0
Lrrc8c	108.454545	0	722	0	201	0	127	143	0	0	0	0	0
Itm2c	108.454545	0	985	0	208	0	0	0	0	0	0	0	0
Gps2	108.454545	0	899	0	0	0	294	0	0	0	0	0	0
Fmc1	108.454545	0	746	0	292	0	0	155	0	0	0	0	0
Fhod1	108.454545	0	733	0	147	0	313	0	0	0	0	0	0
Eif4e	108.454545	0	790	0	255	0	148	0	0	0	0	0	0
St7	108.363636	0	943	0	136	0	0	113	0	0	0	0	0
Rps2	108.363636	0	707	0	124	0	249	112	0	0	0	0	0
Ptk2b	108.363636	0	877	0	315	0	0	0	0	0	0	0	0
Gtf2i	108.363636	0	841	0	0	0	164	187	0	0	0	0	0
Grb2	108.363636	0	605	0	238	0	349	0	0	0	0	0	0
Ext2	108.363636	0	1058	0	134	0	0	0	0	0	0	0	0
Ptpn9	108.272727	0	779	0	138	0	149	125	0	0	0	0	0
H2-Q2	108.272727	0	957	0	234	0	0	0	0	0	0	0	0
Wwp2	108.181818	0	931	0	110	0	0	149	0	0	0	0	0
Ubxn2a	108.181818	0	828	0	178	0	184	0	0	0	0	0	0
Tm9sf1	108.181818	0	810	0	204	0	176	0	0	0	0	0	0
Pnrc2	108.181818	0	703	0	368	0	119	0	0	0	0	0	0
Naa60	108.181818	0	811	0	248	0	131	0	0	0	0	0	0
Mpp1	108.181818	0	680	0	258	0	252	0	0	0	0	0	0
Ly9	108.181818	0	1000	0	190	0	0	0	0	0	0	0	0
Lmna	108.181818	0	656	0	0	0	363	171	0	0	0	0	0
Cemip2	108.181818	0	753	0	140	0	297	0	0	0	0	0	0
Zyx	108.090909	0	791	0	158	0	126	114	0	0	0	0	0
Slc25a37	108.090909	0	905	0	209	0	75	0	0	0	0	0	0
Pgam1	108.090909	0	772	0	197	0	0	220	0	0	0	0	0
Mlh1	108.090909	0	620	0	258	0	218	93	0	0	0	0	0
Mcts1	108.090909	0	889	0	200	0	0	100	0	0	0	0	0
Max	108.090909	0	789	0	99	0	194	107	0	0	0	0	0
Gas2l3	108.090909	0	799	0	257	0	133	0	0	0	0	0	0
Epm2aip1	108.090909	0	620	0	258	0	218	93	0	0	0	0	0
Chmp2b	108.090909	0	893	0	198	0	0	98	0	0	0	0	0
Cep78	108.090909	0	868	0	188	0	0	133	0	0	0	0	0
Snx30	108.000000	0	841	0	162	0	185	0	0	0	0	0	0
Rusf1	108.000000	0	869	0	198	0	0	121	0	0	0	0	0
Fxyd5	108.000000	0	920	0	268	0	0	0	0	0	0	0	0
Fer	108.000000	0	339	0	106	0	607	136	0	0	0	0	0
Eef2k	108.000000	0	733	0	82	0	249	124	0	0	0	0	0
Abcc1	108.000000	0	991	0	197	0	0	0	0	0	0	0	0
Zscan2	107.909091	0	657	0	0	0	413	117	0	0	0	0	0
Prr14	107.909091	0	720	0	203	0	264	0	0	0	0	0	0
Tbc1d10b	107.818182	0	760	0	0	0	323	103	0	0	0	0	0
Rbl1	107.818182	0	773	0	292	0	0	121	0	0	0	0	0
R3hdm4	107.818182	0	978	0	0	0	208	0	0	0	0	0	0
Mylpf	107.818182	0	760	0	0	0	323	103	0	0	0	0	0
Map4	107.818182	0	552	0	223	0	312	99	0	0	0	0	0
Kiss1r	107.818182	0	978	0	0	0	208	0	0	0	0	0	0
Slc30a1	107.727273	0	932	0	0	0	253	0	0	0	0	0	0
Rft1	107.727273	0	1185	0	0	0	0	0	0	0	0	0	0
Rcbtb1	107.727273	0	821	0	273	0	0	91	0	0	0	0	0
Gatad1	107.727273	0	953	0	0	0	232	0	0	0	0	0	0
Etfbkmt	107.727273	0	865	0	320	0	0	0	0	0	0	0	0
Dyrk1a	107.727273	0	425	0	180	0	303	277	0	0	0	0	0
Zfp109	107.636364	0	963	0	221	0	0	0	0	0	0	0	0
Sirt1	107.636364	0	942	0	242	0	0	0	0	0	0	0	0
Pak1	107.636364	0	926	0	105	0	153	0	0	0	0	0	0
Nemp1	107.636364	0	695	0	0	0	489	0	0	0	0	0	0
Ipo4	107.636364	0	759	0	0	0	303	122	0	0	0	0	0
Dnajc7	107.636364	0	754	0	285	0	145	0	0	0	0	0	0
Cnp	107.636364	0	1056	0	128	0	0	0	0	0	0	0	0
Wbp4	107.545455	0	689	0	160	0	184	150	0	0	0	0	0
Klhl3	107.545455	0	830	0	217	0	0	136	0	0	0	0	0
2300009A05Rik	107.545455	0	836	0	248	0	99	0	0	0	0	0	0
Ttc39b	107.454545	0	645	0	280	0	165	92	0	0	0	0	0
Tcf12	107.454545	0	707	0	162	0	163	150	0	0	0	0	0
Slc35d1	107.454545	0	975	0	207	0	0	0	0	0	0	0	0
Rbm33	107.454545	0	725	0	225	0	0	232	0	0	0	0	0
Hmgn1	107.454545	0	632	0	238	0	215	97	0	0	0	0	0
Erlec1	107.454545	0	821	0	234	0	127	0	0	0	0	0	0
Asb3	107.454545	0	821	0	234	0	127	0	0	0	0	0	0
Twnk	107.363636	0	1066	0	0	0	115	0	0	0	0	0	0
Prps1	107.363636	0	754	0	260	0	167	0	0	0	0	0	0
Polg	107.363636	0	520	0	227	0	251	183	0	0	0	0	0
Mrpl43	107.363636	0	1066	0	0	0	115	0	0	0	0	0	0
Hsp90ab1	107.363636	0	826	0	0	0	227	128	0	0	0	0	0
Got1	107.363636	0	733	0	246	0	136	66	0	0	0	0	0
Dtnb	107.363636	0	897	0	182	0	102	0	0	0	0	0	0
Dbp	107.363636	0	283	0	124	0	525	249	0	0	0	0	0
Ccdc142	107.363636	0	938	0	243	0	0	0	0	0	0	0	0
Tti2	107.272727	0	654	0	210	0	0	175	0	0	0	141	0
Tmem214	107.272727	0	904	0	159	0	117	0	0	0	0	0	0
Spindoc	107.272727	0	849	0	88	0	243	0	0	0	0	0	0
Smchd1	107.272727	0	729	0	180	0	145	126	0	0	0	0	0
Rpl39	107.272727	0	740	0	224	0	216	0	0	0	0	0	0
Rpl10a	107.272727	0	797	0	172	0	211	0	0	0	0	0	0
Prkn	107.272727	0	759	0	0	0	219	202	0	0	0	0	0
Phc1	107.272727	0	893	0	287	0	0	0	0	0	0	0	0
Pacrg	107.272727	0	759	0	0	0	219	202	0	0	0	0	0
Orai3	107.272727	0	514	0	200	0	466	0	0	0	0	0	0
Kif17	107.272727	0	850	0	0	0	188	142	0	0	0	0	0
Ttll12	107.181818	0	849	0	191	0	0	139	0	0	0	0	0
Tcea2	107.181818	0	1036	0	143	0	0	0	0	0	0	0	0
Sprtn	107.181818	0	912	0	180	0	0	87	0	0	0	0	0
Smc6	107.181818	0	743	0	164	0	272	0	0	0	0	0	0
Rbbp7	107.181818	0	853	0	138	0	188	0	0	0	0	0	0
Mtss1	107.181818	0	736	0	147	0	296	0	0	0	0	0	0
Gen1	107.181818	0	743	0	164	0	272	0	0	0	0	0	0
Exoc8	107.181818	0	912	0	180	0	0	87	0	0	0	0	0
Dr1	107.181818	0	990	0	189	0	0	0	0	0	0	0	0
B4galt5	107.181818	0	450	0	198	0	531	0	0	0	0	0	0
Armc7	107.181818	0	608	0	263	0	308	0	0	0	0	0	0
Ttc41	107.090909	0	755	0	177	0	83	163	0	0	0	0	0
Sh3pxd2a	107.090909	0	846	0	224	0	0	108	0	0	0	0	0
Nt5c2	107.090909	0	911	0	267	0	0	0	0	0	0	0	0
Hsp90b1	107.090909	0	755	0	177	0	83	163	0	0	0	0	0
Eif3f	107.090909	0	963	0	0	0	0	215	0	0	0	0	0
Dvl2	107.090909	0	623	0	0	0	555	0	0	0	0	0	0
Cers4	107.090909	0	825	0	353	0	0	0	0	0	0	0	0
Ccdc12	107.090909	0	1031	0	0	0	0	147	0	0	0	0	0
Arhgef9	107.090909	0	703	0	309	0	0	166	0	0	0	0	0
Zscan29	107.000000	0	857	0	212	0	108	0	0	0	0	0	0
Vps72	107.000000	0	867	0	208	0	0	102	0	0	0	0	0
Ulk3	107.000000	0	964	0	213	0	0	0	0	0	0	0	0
Sgsm2	107.000000	0	799	0	103	0	146	129	0	0	0	0	0
Rps8	107.000000	0	762	0	238	0	177	0	0	0	0	0	0
Ptgr2	107.000000	0	964	0	213	0	0	0	0	0	0	0	0
Psma4	107.000000	0	942	0	235	0	0	0	0	0	0	0	0
Pank1	107.000000	0	514	0	195	0	362	106	0	0	0	0	0
Lrrc49	107.000000	0	803	0	120	0	120	134	0	0	0	0	0
Gpr171	107.000000	0	765	0	412	0	0	0	0	0	0	0	0
Emb	107.000000	0	893	0	284	0	0	0	0	0	0	0	0
Cog1	107.000000	0	1177	0	0	0	0	0	0	0	0	0	0
Akap9	107.000000	0	913	0	264	0	0	0	0	0	0	0	0
AY074887	107.000000	0	942	0	235	0	0	0	0	0	0	0	0
Wdr44	106.909091	0	776	0	279	0	121	0	0	0	0	0	0
Supt5	106.909091	0	1057	0	0	0	119	0	0	0	0	0	0
St3gal6	106.909091	0	810	0	366	0	0	0	0	0	0	0	0
Spry1	106.909091	0	728	0	130	0	318	0	0	0	0	0	0
Shmt1	106.909091	0	759	0	132	0	200	85	0	0	0	0	0
Kat6b	106.909091	0	788	0	0	0	289	99	0	0	0	0	0
Hipk1	106.909091	0	778	0	260	0	0	138	0	0	0	0	0
Depdc5	106.909091	0	920	0	256	0	0	0	0	0	0	0	0
Chpt1	106.909091	0	945	0	231	0	0	0	0	0	0	0	0
Zfp282	106.818182	0	955	0	220	0	0	0	0	0	0	0	0
Smim19	106.818182	0	768	0	407	0	0	0	0	0	0	0	0
Slc20a2	106.818182	0	768	0	407	0	0	0	0	0	0	0	0
Rap1b	106.818182	0	534	0	189	0	452	0	0	0	0	0	0
Prdm1	106.818182	0	982	0	193	0	0	0	0	0	0	0	0
Plgrkt	106.818182	0	794	0	155	0	226	0	0	0	0	0	0
Lsm12	106.818182	0	783	0	238	0	154	0	0	0	0	0	0
Ext1	106.818182	0	812	0	228	0	135	0	0	0	0	0	0
Adnp	106.818182	0	560	0	251	0	223	141	0	0	0	0	0
Uba1	106.727273	0	785	0	222	0	0	167	0	0	0	0	0
H3c6	106.727273	0	666	0	162	0	0	234	0	0	0	112	0
Fbxo11	106.727273	0	683	0	290	0	0	201	0	0	0	0	0
Ube2cbp	106.636364	0	921	0	0	0	0	252	0	0	0	0	0
Tfeb	106.636364	0	580	0	264	0	329	0	0	0	0	0	0
Mycbp2	106.636364	0	526	0	350	0	226	71	0	0	0	0	0
Inhba	106.636364	0	905	0	268	0	0	0	0	0	0	0	0
Atp6v0b	106.636364	0	902	0	0	0	271	0	0	0	0	0	0
Zfp330	106.545455	0	899	0	273	0	0	0	0	0	0	0	0
Tdrd3	106.545455	0	767	0	273	0	0	132	0	0	0	0	0
Sema4c	106.545455	0	596	0	0	0	359	217	0	0	0	0	0
Mbtps2	106.545455	0	957	0	215	0	0	0	0	0	0	0	0
Dhx15	106.545455	0	821	0	173	0	178	0	0	0	0	0	0
Sidt1	106.454545	0	884	0	287	0	0	0	0	0	0	0	0
Kif16b	106.454545	0	527	0	322	0	322	0	0	0	0	0	0
Dvl1	106.454545	0	871	0	0	0	300	0	0	0	0	0	0
Clasp1	106.454545	0	831	0	340	0	0	0	0	0	0	0	0
Chchd6	106.454545	0	824	0	235	0	112	0	0	0	0	0	0
Cenpt	106.454545	0	742	0	176	0	134	119	0	0	0	0	0
Ap2a2	106.454545	0	879	0	153	0	139	0	0	0	0	0	0
Zrsr1	106.363636	0	899	0	176	0	0	95	0	0	0	0	0
Rab36	106.363636	0	270	0	0	0	465	435	0	0	0	0	0
Poglut2	106.363636	0	602	128	292	0	0	148	0	0	0	0	0
Lsm14a	106.363636	0	806	0	364	0	0	0	0	0	0	0	0
Bivm	106.363636	0	602	128	292	0	0	148	0	0	0	0	0
Atp13a3	106.363636	0	712	0	221	0	237	0	0	0	0	0	0
Tbc1d1	106.272727	0	809	0	140	0	220	0	0	0	0	0	0
Snx13	106.272727	0	862	0	307	0	0	0	0	0	0	0	0
Pstpip1	106.272727	0	850	0	172	0	147	0	0	0	0	0	0
Plcl2	106.272727	0	687	0	482	0	0	0	0	0	0	0	0
Micu3	106.272727	0	937	0	232	0	0	0	0	0	0	0	0
Kctd6	106.272727	0	769	0	0	0	400	0	0	0	0	0	0
Fbrsl1	106.272727	0	653	0	110	0	406	0	0	0	0	0	0
Adrm1	106.272727	0	759	0	153	0	257	0	0	0	0	0	0
Ube2i	106.181818	0	821	0	230	0	0	117	0	0	0	0	0
Tbpl1	106.181818	0	735	0	288	0	145	0	0	0	0	0	0
Sac3d1	106.181818	0	955	0	0	0	213	0	0	0	0	0	0
Mdfic	106.181818	0	776	0	175	0	0	217	0	0	0	0	0
Dffa	106.181818	0	963	0	205	0	0	0	0	0	0	0	0
Ulk2	106.090909	0	579	0	330	0	105	153	0	0	0	0	0
Tmem101	106.090909	0	632	0	159	0	213	163	0	0	0	0	0
Plpp1	106.090909	0	623	0	98	0	299	147	0	0	0	0	0
Nkap	106.090909	0	985	0	182	0	0	0	0	0	0	0	0
Gpd2	106.090909	0	1060	0	107	0	0	0	0	0	0	0	0
Siva1	106.000000	0	794	0	108	0	151	113	0	0	0	0	0
Psmc2	106.000000	0	841	0	189	0	136	0	0	0	0	0	0
Nlrc3	106.000000	0	832	0	334	0	0	0	0	0	0	0	0
Celf2	106.000000	0	818	0	348	0	0	0	0	0	0	0	0
Angpt1	106.000000	0	873	0	293	0	0	0	0	0	0	0	0
Map7	105.909091	0	521	0	236	0	154	254	0	0	0	0	0
Csrp1	105.909091	0	1047	0	118	0	0	0	0	0	0	0	0
Sft2d2	105.818182	0	1027	0	137	0	0	0	0	0	0	0	0
Ints2	105.818182	0	816	0	214	0	134	0	0	0	0	0	0
Gca	105.818182	0	989	0	175	0	0	0	0	0	0	0	0
Fbxo9	105.818182	0	675	0	312	0	177	0	0	0	0	0	0
Brd7	105.818182	0	723	0	269	0	172	0	0	0	0	0	0
Zfp27	105.727273	0	707	0	297	0	0	159	0	0	0	0	0
Ypel2	105.727273	0	1044	0	119	0	0	0	0	0	0	0	0
Trib1	105.727273	0	526	0	214	0	266	157	0	0	0	0	0
Tle4	105.727273	0	539	0	89	0	535	0	0	0	0	0	0
Rhno1	105.727273	0	972	0	191	0	0	0	0	0	0	0	0
Ppp2cb	105.727273	0	982	0	181	0	0	0	0	0	0	0	0
Nipsnap1	105.727273	0	969	0	194	0	0	0	0	0	0	0	0
Foxm1	105.727273	0	972	0	191	0	0	0	0	0	0	0	0
Dip2a	105.727273	0	959	0	204	0	0	0	0	0	0	0	0
Adck2	105.727273	0	813	0	245	0	105	0	0	0	0	0	0
Acot7	105.727273	0	532	0	0	0	536	95	0	0	0	0	0
Tspyl3	105.636364	0	1029	0	133	0	0	0	0	0	0	0	0
Snip1	105.636364	0	1039	0	0	0	123	0	0	0	0	0	0
Smtn	105.636364	0	342	0	0	0	820	0	0	0	0	0	0
Rnf122	105.636364	0	665	0	200	0	145	152	0	0	0	0	0
Plcl1	105.636364	0	724	0	190	0	136	112	0	0	0	0	0
Hacd3	105.636364	0	1012	0	150	0	0	0	0	0	0	0	0
Ephb3	105.636364	0	0	0	0	0	964	198	0	0	0	0	0
Dnali1	105.636364	0	1039	0	0	0	123	0	0	0	0	0	0
Vrk2	105.545455	0	888	0	273	0	0	0	0	0	0	0	0
Tmem231	105.545455	0	434	0	0	0	565	162	0	0	0	0	0
Nckap5l	105.545455	0	915	0	0	0	246	0	0	0	0	0	0
H2aj	105.545455	0	658	0	251	0	252	0	0	0	0	0	0
Fam98c	105.545455	0	956	0	0	0	205	0	0	0	0	0	0
Fam50a	105.545455	0	924	0	116	0	121	0	0	0	0	0	0
Ehd1	105.545455	0	641	0	0	0	357	163	0	0	0	0	0
Dnajc2	105.545455	0	841	0	184	0	136	0	0	0	0	0	0
Chpf2	105.545455	0	901	0	260	0	0	0	0	0	0	0	0
Tmem191c	105.454545	0	662	0	218	0	136	144	0	0	0	0	0
Slc4a7	105.454545	0	767	0	68	0	325	0	0	0	0	0	0
Nkd1	105.454545	0	213	0	0	0	947	0	0	0	0	0	0
Naf1	105.454545	0	887	0	0	0	121	152	0	0	0	0	0
Hp1bp3	105.454545	0	566	0	279	0	173	142	0	0	0	0	0
H2-Q4	105.454545	0	981	0	179	0	0	0	0	0	0	0	0
Dtymk	105.454545	0	912	0	156	0	92	0	0	0	0	0	0
Diaph3	105.454545	0	846	0	175	0	139	0	0	0	0	0	0
Elovl5	105.363636	0	678	0	211	0	177	93	0	0	0	0	0
Bbs5	105.363636	0	907	0	136	0	0	116	0	0	0	0	0
Arrdc4	105.363636	0	537	0	166	0	134	322	0	0	0	0	0
Syne2	105.272727	0	906	0	136	0	116	0	0	0	0	0	0
Stat5b	105.272727	0	806	0	352	0	0	0	0	0	0	0	0
Ssbp2	105.272727	0	774	0	0	0	241	143	0	0	0	0	0
Map9	105.272727	0	474	0	236	0	185	263	0	0	0	0	0
Magee2	105.272727	0	864	0	294	0	0	0	0	0	0	0	0
Clptm1l	105.272727	0	728	0	214	0	216	0	0	0	0	0	0
Usp4	105.181818	0	938	0	103	0	116	0	0	0	0	0	0
Ttc30a1	105.181818	0	1007	0	150	0	0	0	0	0	0	0	0
Trmt11	105.181818	0	863	0	294	0	0	0	0	0	0	0	0
Tes	105.181818	0	1015	0	142	0	0	0	0	0	0	0	0
Snx16	105.181818	0	910	0	106	0	0	141	0	0	0	0	0
Hsdl1	105.181818	0	735	0	299	0	0	123	0	0	0	0	0
Glrx2	105.181818	0	707	0	305	0	145	0	0	0	0	0	0
Dnaaf1	105.181818	0	735	0	299	0	0	123	0	0	0	0	0
Zfp598	105.090909	0	872	0	0	0	284	0	0	0	0	0	0
Socs6	105.090909	0	614	0	335	0	207	0	0	0	0	0	0
Paqr8	105.090909	0	632	0	228	0	213	83	0	0	0	0	0
Mitf	105.090909	0	806	0	188	0	0	162	0	0	0	0	0
Lrrc70	105.090909	0	642	0	390	0	0	124	0	0	0	0	0
Ikbkg	105.090909	0	815	0	220	0	121	0	0	0	0	0	0
Cep135	105.090909	0	729	0	152	0	168	107	0	0	0	0	0
Ube2d2a	105.000000	0	651	0	242	0	262	0	0	0	0	0	0
U2af1l4	105.000000	0	816	0	249	0	0	90	0	0	0	0	0
Psenen	105.000000	0	816	0	249	0	0	90	0	0	0	0	0
Il10ra	104.909091	0	944	0	210	0	0	0	0	0	0	0	0
Uhmk1	104.818182	0	716	0	286	0	151	0	0	0	0	0	0
Ubl3	104.818182	0	556	0	211	0	214	172	0	0	0	0	0
Septin1	104.818182	0	869	0	284	0	0	0	0	0	0	0	0
Mfsd11	104.818182	0	625	0	0	0	306	222	0	0	0	0	0
Lnpk	104.818182	0	750	0	294	0	0	109	0	0	0	0	0
Akr1b3	104.818182	0	932	0	221	0	0	0	0	0	0	0	0
Wdr25	104.727273	0	774	0	216	0	0	162	0	0	0	0	0
Wars	104.727273	0	774	0	216	0	0	162	0	0	0	0	0
Sec24a	104.727273	0	885	0	160	0	0	107	0	0	0	0	0
Pdik1l	104.727273	0	675	0	0	0	371	106	0	0	0	0	0
Nap1l1	104.727273	0	610	0	0	0	406	136	0	0	0	0	0
Klhdc8b	104.727273	0	965	0	187	0	0	0	0	0	0	0	0
Hnrnpdl	104.727273	0	804	0	193	0	68	87	0	0	0	0	0
Ccdc71	104.727273	0	965	0	187	0	0	0	0	0	0	0	0
Abcg1	104.727273	0	828	0	324	0	0	0	0	0	0	0	0
Sypl	104.636364	0	731	0	243	0	177	0	0	0	0	0	0
Sidt2	104.636364	0	764	0	213	0	174	0	0	0	0	0	0
Rffl	104.636364	0	899	0	252	0	0	0	0	0	0	0	0
Natd1	104.636364	0	725	0	164	0	262	0	0	0	0	0	0
Mgat5	104.636364	0	859	0	292	0	0	0	0	0	0	0	0
Katnal1	104.636364	0	1032	0	0	0	0	119	0	0	0	0	0
H1f4	104.636364	0	545	0	219	0	0	194	0	0	0	193	0
Fam193b	104.636364	0	810	0	228	0	113	0	0	0	0	0	0
Spred2	104.545455	0	530	0	178	0	235	207	0	0	0	0	0
Sfxn1	104.545455	0	993	0	157	0	0	0	0	0	0	0	0
Fam107b	104.545455	0	644	0	246	0	260	0	0	0	0	0	0
Zmynd11	104.454545	0	839	0	214	0	96	0	0	0	0	0	0
Uckl1	104.454545	0	920	0	229	0	0	0	0	0	0	0	0
Srrm2	104.454545	0	773	0	194	0	182	0	0	0	0	0	0
Slc39a7	104.454545	0	857	0	0	0	292	0	0	0	0	0	0
Scarb2	104.454545	0	920	0	106	0	123	0	0	0	0	0	0
Rxrb	104.454545	0	857	0	0	0	292	0	0	0	0	0	0
Pigq	104.454545	0	1025	0	0	0	0	124	0	0	0	0	0
Mex3b	104.454545	0	520	0	260	0	280	89	0	0	0	0	0
Fbxo22	104.454545	0	806	0	246	0	0	97	0	0	0	0	0
Brd1	104.454545	0	795	0	97	0	257	0	0	0	0	0	0
Apobec1	104.454545	0	791	0	358	0	0	0	0	0	0	0	0
Specc1	104.363636	0	517	0	163	0	468	0	0	0	0	0	0
Shisa5	104.363636	0	669	0	167	0	178	134	0	0	0	0	0
Rragc	104.363636	0	762	0	199	0	187	0	0	0	0	0	0
Ccdc88b	104.363636	0	783	0	365	0	0	0	0	0	0	0	0
Traf3ip3	104.272727	0	827	0	320	0	0	0	0	0	0	0	0
Sord	104.272727	0	912	0	235	0	0	0	0	0	0	0	0
Slc2a8	104.272727	0	788	0	0	0	253	106	0	0	0	0	0
Lsp1	104.272727	0	856	0	291	0	0	0	0	0	0	0	0
Gm13275	104.272727	0	813	0	242	0	0	92	0	0	0	0	0
Eri1	104.272727	0	787	0	229	0	0	131	0	0	0	0	0
Def6	104.272727	0	924	0	223	0	0	0	0	0	0	0	0
Commd5	104.272727	0	745	0	244	0	158	0	0	0	0	0	0
Atad3a	104.272727	0	537	0	228	0	382	0	0	0	0	0	0
Srsf10	104.181818	0	846	0	300	0	0	0	0	0	0	0	0
Smarca5	104.181818	0	711	0	150	0	285	0	0	0	0	0	0
Prkd3	104.181818	0	727	0	264	0	155	0	0	0	0	0	0
Eif1b	104.181818	0	766	0	156	0	132	92	0	0	0	0	0
Dpysl2	104.181818	0	732	0	259	0	155	0	0	0	0	0	0
Cenpb	104.181818	0	792	0	253	0	101	0	0	0	0	0	0
Wls	104.090909	0	666	0	315	0	0	164	0	0	0	0	0
Nol9	104.090909	0	740	0	274	0	131	0	0	0	0	0	0
Cdca4	104.090909	0	728	0	172	0	245	0	0	0	0	0	0
Atp6ap2	104.090909	0	709	0	109	0	327	0	0	0	0	0	0
Smad6	104.000000	0	353	0	0	0	791	0	0	0	0	0	0
Rad54l2	104.000000	0	924	0	220	0	0	0	0	0	0	0	0
Prdx2	104.000000	0	705	0	203	0	0	236	0	0	0	0	0
Nsmf	104.000000	0	747	0	0	0	397	0	0	0	0	0	0
Myo1g	104.000000	0	786	0	358	0	0	0	0	0	0	0	0
Mbnl2	104.000000	0	771	0	284	0	89	0	0	0	0	0	0
Cfap300	104.000000	0	658	0	119	0	214	153	0	0	0	0	0
Cd276	104.000000	0	0	0	0	0	848	296	0	0	0	0	0
Usp18	103.909091	0	801	0	342	0	0	0	0	0	0	0	0
Tnfaip8l2	103.909091	0	865	0	278	0	0	0	0	0	0	0	0
Sinhcaf	103.909091	0	758	0	203	0	182	0	0	0	0	0	0
Pik3r5	103.909091	0	888	0	255	0	0	0	0	0	0	0	0
N4bp1	103.909091	0	863	0	123	0	157	0	0	0	0	0	0
Hdac8	103.909091	0	898	0	245	0	0	0	0	0	0	0	0
Eml5	103.909091	0	837	0	306	0	0	0	0	0	0	0	0
Akirin2	103.909091	0	785	0	232	0	126	0	0	0	0	0	0
Repin1	103.818182	0	708	0	0	0	260	174	0	0	0	0	0
Ndufs1	103.818182	0	808	0	334	0	0	0	0	0	0	0	0
Lbr	103.818182	0	554	0	405	0	183	0	0	0	0	0	0
Gk	103.818182	0	748	0	224	0	170	0	0	0	0	0	0
Eef1b2	103.818182	0	808	0	334	0	0	0	0	0	0	0	0
Ubl5	103.727273	0	719	0	239	0	183	0	0	0	0	0	0
Pik3cg	103.727273	0	858	0	283	0	0	0	0	0	0	0	0
Fbxl12	103.727273	0	719	0	239	0	183	0	0	0	0	0	0
Dact3	103.727273	0	140	0	0	0	871	130	0	0	0	0	0
Tmem11	103.636364	0	728	0	119	0	193	100	0	0	0	0	0
Dusp19	103.636364	0	866	0	274	0	0	0	0	0	0	0	0
Zfp781	103.545455	0	820	0	181	0	0	138	0	0	0	0	0
H2-L	103.545455	0	871	0	117	0	0	0	0	0	151	0	0
H2-D1	103.545455	0	871	0	117	0	0	0	0	0	151	0	0
Gm3055	103.545455	0	820	0	181	0	0	138	0	0	0	0	0
Tgfb3	103.454545	0	947	0	191	0	0	0	0	0	0	0	0
Slc25a11	103.454545	0	556	0	273	0	309	0	0	0	0	0	0
Rnf167	103.454545	0	556	0	273	0	309	0	0	0	0	0	0
Kcnmb4	103.454545	0	778	0	183	0	99	78	0	0	0	0	0
Gpd1l	103.454545	0	624	0	163	0	351	0	0	0	0	0	0
Elk3	103.454545	0	791	0	347	0	0	0	0	0	0	0	0
Bdp1	103.454545	0	863	0	113	0	0	162	0	0	0	0	0
Abi1	103.454545	0	947	0	191	0	0	0	0	0	0	0	0
Ube2z	103.363636	0	882	0	137	0	0	118	0	0	0	0	0
Slc25a35	103.363636	0	934	0	92	0	0	111	0	0	0	0	0
Sdf4	103.363636	0	816	0	321	0	0	0	0	0	0	0	0
Hnrnpl	103.363636	0	611	0	298	0	228	0	0	0	0	0	0
H2bc14	103.363636	0	461	0	139	0	402	135	0	0	0	0	0
Cxcr4	103.363636	0	766	0	232	0	0	139	0	0	0	0	0
Ciz1	103.363636	0	928	0	112	0	97	0	0	0	0	0	0
B3galt6	103.363636	0	816	0	321	0	0	0	0	0	0	0	0
1700010I14Rik	103.363636	0	912	0	225	0	0	0	0	0	0	0	0
Pgrmc1	103.272727	0	784	0	181	0	171	0	0	0	0	0	0
Ormdl3	103.272727	0	937	0	90	0	109	0	0	0	0	0	0
Gypa	103.272727	0	1136	0	0	0	0	0	0	0	0	0	0
Dync1li1	103.272727	0	856	0	163	0	117	0	0	0	0	0	0
Crip2	103.272727	0	961	0	0	0	175	0	0	0	0	0	0
Capn2	103.272727	0	981	0	155	0	0	0	0	0	0	0	0
Snap23	103.181818	0	869	0	266	0	0	0	0	0	0	0	0
Slc25a42	103.181818	0	756	0	0	0	379	0	0	0	0	0	0
Grap2	103.181818	0	818	0	317	0	0	0	0	0	0	0	0
Cilk1	103.181818	0	756	0	202	0	177	0	0	0	0	0	0
Rfxap	103.090909	0	827	0	209	0	0	98	0	0	0	0	0
Reck	103.090909	0	693	0	248	0	193	0	0	0	0	0	0
Mxi1	103.090909	0	951	0	183	0	0	0	0	0	0	0	0
Hykk	103.090909	0	621	0	107	0	406	0	0	0	0	0	0
Slc4a8	103.000000	0	778	0	156	0	111	88	0	0	0	0	0
Setd6	103.000000	0	867	0	82	0	184	0	0	0	0	0	0
Rac1	103.000000	0	592	0	402	0	139	0	0	0	0	0	0
Gas8	103.000000	0	1133	0	0	0	0	0	0	0	0	0	0
Csnk1a1	103.000000	0	535	0	159	0	439	0	0	0	0	0	0
AI467606	103.000000	0	887	0	246	0	0	0	0	0	0	0	0
9930111J21Rik2	103.000000	0	818	0	315	0	0	0	0	0	0	0	0
Zfp995	102.909091	0	836	0	296	0	0	0	0	0	0	0	0
Uimc1	102.909091	0	805	0	218	0	109	0	0	0	0	0	0
Rybp	102.909091	0	839	0	293	0	0	0	0	0	0	0	0
Glipr2	102.909091	0	641	0	309	0	0	182	0	0	0	0	0
Fbxo10	102.909091	0	711	0	148	0	273	0	0	0	0	0	0
Coro7	102.909091	0	655	0	205	0	272	0	0	0	0	0	0
Prune1	102.818182	0	679	0	184	0	268	0	0	0	0	0	0
Ablim1	102.818182	0	608	0	192	0	0	331	0	0	0	0	0
Wdr38	102.727273	0	992	0	0	0	0	138	0	0	0	0	0
Pxn	102.727273	0	1030	0	100	0	0	0	0	0	0	0	0
Polr1d	102.727273	0	626	0	234	0	270	0	0	0	0	0	0
Marchf7	102.727273	0	811	0	185	0	134	0	0	0	0	0	0
Hspe1	102.727273	0	717	0	169	0	144	100	0	0	0	0	0
Hspd1	102.727273	0	717	0	169	0	144	100	0	0	0	0	0
Cdkn1b	102.727273	0	699	0	216	0	215	0	0	0	0	0	0
Ywhaz	102.636364	0	584	0	320	0	112	113	0	0	0	0	0
Sav1	102.636364	0	701	0	136	0	172	120	0	0	0	0	0
Rpl38	102.636364	0	880	0	249	0	0	0	0	0	0	0	0
Ccdc150	102.636364	0	682	0	188	0	167	92	0	0	0	0	0
Wipf2	102.545455	0	889	0	239	0	0	0	0	0	0	0	0
Pik3r2	102.545455	0	841	0	0	0	195	92	0	0	0	0	0
Mcm5	102.545455	0	926	0	202	0	0	0	0	0	0	0	0
Krba1	102.545455	0	926	0	202	0	0	0	0	0	0	0	0
Hgsnat	102.545455	0	572	0	151	0	333	72	0	0	0	0	0
Enpp1	102.545455	0	748	0	208	0	0	172	0	0	0	0	0
Elavl1	102.545455	0	927	0	201	0	0	0	0	0	0	0	0
5031439G07Rik	102.545455	0	510	0	0	0	618	0	0	0	0	0	0
Suclg2	102.454545	0	883	0	244	0	0	0	0	0	0	0	0
Nudt16	102.454545	0	890	0	128	0	109	0	0	0	0	0	0
Gstm7	102.454545	0	113	0	0	0	660	354	0	0	0	0	0
Uba3	102.363636	0	548	0	0	0	578	0	0	0	0	0	0
Tsc2	102.363636	0	966	0	160	0	0	0	0	0	0	0	0
Nthl1	102.363636	0	966	0	160	0	0	0	0	0	0	0	0
Dgkd	102.363636	0	873	0	253	0	0	0	0	0	0	0	0
Itgal	102.272727	0	794	0	331	0	0	0	0	0	0	0	499
St3gal3	102.272727	0	831	0	0	0	294	0	0	0	0	0	0
Sgpl1	102.272727	0	756	0	126	0	146	97	0	0	0	0	0
Rela	102.272727	0	870	0	149	0	0	106	0	0	0	0	0
Mrpl36	102.272727	0	889	0	236	0	0	0	0	0	0	0	0
Cdk5	102.272727	0	583	0	202	0	340	0	0	0	0	0	0
Cdc14a	102.272727	0	544	0	267	0	216	98	0	0	0	0	0
Bscl2	102.272727	0	949	0	176	0	0	0	0	0	0	0	0
Azin1	102.272727	0	669	0	243	0	213	0	0	0	0	0	0
AB124611	102.272727	0	931	0	194	0	0	0	0	0	0	0	0
Kif1b	102.181818	0	552	0	193	0	233	146	0	0	0	0	0
Alg10b	102.181818	0	782	0	342	0	0	0	0	0	0	0	0
Zbtb4	102.090909	0	1123	0	0	0	0	0	0	0	0	0	0
Txnrd1	102.090909	0	813	0	165	0	145	0	0	0	0	0	0
Tmem154	102.090909	0	954	0	169	0	0	0	0	0	0	0	0
Tmem106a	102.090909	0	893	0	230	0	0	0	0	0	0	0	0
Klf6	102.090909	0	659	0	368	0	0	96	0	0	0	0	0
Fgfbp3	102.090909	0	937	0	186	0	0	0	0	0	0	0	0
E2f2	102.090909	0	881	0	242	0	0	0	0	0	0	0	0
Acat1	102.090909	0	721	0	288	0	114	0	0	0	0	0	0
Uxt	102.000000	0	908	0	214	0	0	0	0	0	0	0	0
Tnik	102.000000	0	713	0	335	0	74	0	0	0	0	0	0
Tmem107	102.000000	0	805	0	317	0	0	0	0	0	0	0	0
Sgpp1	102.000000	0	825	0	297	0	0	0	0	0	0	0	0
Gabpb1	102.000000	0	731	0	391	0	0	0	0	0	0	0	0
Cep95	102.000000	0	576	0	0	0	178	262	0	0	0	106	0
Cad	102.000000	0	585	0	215	0	237	85	0	0	0	0	0
Slc43a2	101.909091	0	658	0	221	0	110	132	0	0	0	0	0
Mvp	101.909091	0	896	0	225	0	0	0	0	0	0	0	0
Klhdc1	101.909091	0	995	0	126	0	0	0	0	0	0	0	0
Heca	101.909091	0	814	0	0	0	307	0	0	0	0	0	0
Tmem144	101.818182	0	971	0	149	0	0	0	0	0	0	0	0
Pigm	101.818182	0	761	0	132	0	103	124	0	0	0	0	0
Inf2	101.818182	0	790	0	102	0	228	0	0	0	0	0	0
B3glct	101.818182	0	1037	0	0	0	83	0	0	0	0	0	0
Zfp523	101.727273	0	803	0	96	0	88	132	0	0	0	0	0
Tomm22	101.727273	0	855	0	0	0	264	0	0	0	0	0	0
Tm9sf2	101.727273	0	900	0	0	0	0	219	0	0	0	0	0
Heatr5a	101.727273	0	959	0	0	0	160	0	0	0	0	0	0
Fra10ac1	101.727273	0	767	0	215	0	137	0	0	0	0	0	0
Fnip1	101.727273	0	851	0	268	0	0	0	0	0	0	0	0
Cpm	101.727273	0	587	0	296	0	236	0	0	0	0	0	0
C1galt1	101.727273	0	651	0	0	0	468	0	0	0	0	0	0
Arf6	101.727273	0	694	0	190	0	130	105	0	0	0	0	0
Trim59	101.636364	0	794	0	169	0	155	0	0	0	0	0	0
Ska1	101.636364	0	961	0	0	0	157	0	0	0	0	0	0
Mta2	101.636364	0	988	0	0	0	130	0	0	0	0	0	0
Gsdmd	101.636364	0	963	0	155	0	0	0	0	0	0	0	0
Elovl6	101.636364	0	768	0	222	0	0	128	0	0	0	0	0
Dnajc27	101.636364	0	897	0	0	0	0	221	0	0	0	0	0
Zdhhc21	101.545455	0	885	0	232	0	0	0	0	0	0	0	0
Ttc8	101.545455	0	638	0	0	0	148	331	0	0	0	0	0
Tent5c	101.545455	0	712	0	126	0	279	0	0	0	0	0	0
Slc22a17	101.545455	0	902	0	0	0	215	0	0	0	0	0	0
Lrrfip2	101.545455	0	935	0	182	0	0	0	0	0	0	0	0
Lime1	101.545455	0	892	0	225	0	0	0	0	0	0	0	0
Ints8	101.545455	0	761	0	190	0	166	0	0	0	0	0	0
Dstyk	101.545455	0	581	0	154	0	254	128	0	0	0	0	0
Dazap1	101.545455	0	596	0	135	0	386	0	0	0	0	0	0
Ap1ar	101.545455	0	707	0	202	0	208	0	0	0	0	0	0
Aig1	101.545455	0	906	0	211	0	0	0	0	0	0	0	0
Zfp786	101.454545	0	849	0	267	0	0	0	0	0	0	0	0
Smg7	101.454545	0	691	0	180	0	111	134	0	0	0	0	0
Rnf215	101.454545	0	928	0	188	0	0	0	0	0	0	0	0
Rev3l	101.454545	0	716	0	290	0	110	0	0	0	0	0	0
Elk1	101.454545	0	569	0	125	0	242	180	0	0	0	0	0
Susd3	101.363636	0	909	0	206	0	0	0	0	0	0	0	0
Pias2	101.363636	0	906	0	209	0	0	0	0	0	0	0	0
Lnx2	101.363636	0	626	0	219	0	270	0	0	0	0	0	0
Impact	101.363636	0	665	0	271	0	92	87	0	0	0	0	0
Fbxl14	101.363636	0	467	0	141	0	141	366	0	0	0	0	0
E130308A19Rik	101.363636	0	865	0	250	0	0	0	0	0	0	0	0
Bpnt1	101.363636	0	745	0	267	0	0	103	0	0	0	0	0
Bnip3	101.363636	0	1115	0	0	0	0	0	0	0	0	0	0
Tcf19	101.272727	0	645	0	131	0	338	0	0	0	0	0	0
Tbl1xr1	101.272727	0	590	0	203	0	109	126	0	0	0	86	0
Smim3	101.272727	0	857	0	257	0	0	0	0	0	0	0	0
Pkn1	101.272727	0	840	0	173	0	101	0	0	0	0	0	0
Mtx2	101.272727	0	947	0	167	0	0	0	0	0	0	0	0
Cchcr1	101.272727	0	645	0	131	0	338	0	0	0	0	0	0
Bcap31	101.272727	0	559	0	156	0	399	0	0	0	0	0	0
Abcd1	101.272727	0	559	0	156	0	399	0	0	0	0	0	0
Hsd17b11	101.181818	0	803	0	239	0	71	0	0	0	0	0	0
Fanca	101.181818	0	650	0	120	0	343	0	0	0	0	0	0
Braf	101.181818	0	859	0	254	0	0	0	0	0	0	0	0
Ss18l1	101.090909	0	798	0	0	0	0	314	0	0	0	0	0
Psma7	101.090909	0	798	0	0	0	0	314	0	0	0	0	0
Prnp	101.090909	0	889	0	0	0	0	223	0	0	0	0	0
Prn	101.090909	0	889	0	0	0	0	223	0	0	0	0	0
Pdha1	101.090909	0	571	0	389	0	152	0	0	0	0	0	0
Man2a1	101.090909	0	523	0	180	0	409	0	0	0	0	0	0
Enc1	101.090909	0	585	0	382	0	145	0	0	0	0	0	0
Cplane2	101.090909	0	781	0	243	0	0	88	0	0	0	0	0
Capza1	101.090909	0	851	0	261	0	0	0	0	0	0	0	0
Asap1	101.090909	0	814	0	298	0	0	0	0	0	0	0	0
Zfp709	101.000000	0	848	0	263	0	0	0	0	0	0	0	0
Rcor1	101.000000	0	635	0	230	0	137	109	0	0	0	0	0
Notch1	101.000000	0	725	0	148	0	238	0	0	0	0	0	0
Lrrfip1	101.000000	0	564	0	197	0	350	0	0	0	0	0	0
Klhl25	101.000000	0	823	0	172	0	116	0	0	0	0	0	0
Aven	101.000000	0	746	0	365	0	0	0	0	0	0	0	0
Synrg	100.909091	0	643	0	219	0	248	0	0	0	0	0	0
Nhlrc2	100.909091	0	875	0	235	0	0	0	0	0	0	0	0
Msantd2	100.909091	0	743	0	367	0	0	0	0	0	0	0	0
Mrps7	100.909091	0	933	0	0	0	177	0	0	0	0	0	0
Micu2	100.909091	0	729	0	136	0	109	136	0	0	0	0	0
Gga3	100.909091	0	933	0	0	0	177	0	0	0	0	0	0
Dclre1a	100.909091	0	875	0	235	0	0	0	0	0	0	0	0
0610010F05Rik	100.909091	0	616	0	273	0	221	0	0	0	0	0	0
Tmem240	100.818182	0	634	0	0	0	353	122	0	0	0	0	0
Morf4l2	100.818182	0	762	0	347	0	0	0	0	0	0	0	0
Lsm6	100.818182	0	1013	0	0	0	0	96	0	0	0	0	0
E2f1	100.818182	0	735	0	174	0	200	0	0	0	0	0	0
Cep68	100.818182	0	882	0	0	0	136	91	0	0	0	0	0
Zfp775	100.727273	0	846	0	262	0	0	0	0	0	0	0	0
Slfn8	100.727273	0	743	0	365	0	0	0	0	0	0	0	0
Slc35e3	100.727273	0	729	0	142	0	237	0	0	0	0	0	0
Pebp1	100.727273	0	760	0	172	0	176	0	0	0	0	0	0
Kcnk5	100.727273	0	693	0	0	0	274	141	0	0	0	0	0
Hacd1	100.727273	0	673	0	155	0	115	165	0	0	0	0	0
Golga4	100.727273	0	856	0	138	0	0	114	0	0	0	0	0
Eogt	100.727273	0	924	0	184	0	0	0	0	0	0	0	0
Ankrd28	100.727273	0	609	0	134	0	211	154	0	0	0	0	0
Zfp280b	100.636364	0	891	0	216	0	0	0	0	0	0	0	0
Tgfbr1	100.636364	0	642	0	172	0	293	0	0	0	0	0	0
Rab40b	100.636364	0	144	0	0	0	850	113	0	0	0	0	0
Pim3	100.636364	0	742	0	0	0	225	140	0	0	0	0	0
Chmp2a	100.636364	0	706	0	156	0	124	121	0	0	0	0	0
Xkr5	100.545455	0	876	0	230	0	0	0	0	0	0	0	0
Trim37	100.545455	0	640	0	269	0	197	0	0	0	0	0	0
Rundc3b	100.545455	0	778	0	328	0	0	0	0	0	0	0	0
Osgep	100.545455	0	914	0	0	0	192	0	0	0	0	0	0
Nxt2	100.545455	0	876	0	230	0	0	0	0	0	0	0	0
Itpk1	100.545455	0	601	0	239	0	90	176	0	0	0	0	0
Fubp1	100.545455	0	492	0	311	0	212	91	0	0	0	0	0
Atp2b1	100.545455	0	629	0	203	0	139	135	0	0	0	0	0
Apex1	100.545455	0	914	0	0	0	192	0	0	0	0	0	0
Vgll4	100.454545	0	660	0	191	0	157	97	0	0	0	0	0
Usp39	100.454545	0	771	0	196	0	138	0	0	0	0	0	0
Ufsp1	100.454545	0	431	0	0	0	674	0	0	0	0	0	0
U2af2	100.454545	0	845	0	139	0	121	0	0	0	0	0	0
Sp100	100.454545	0	771	0	334	0	0	0	0	0	0	0	0
Pip4k2a	100.454545	0	698	0	219	0	188	0	0	0	0	0	0
Hsd17b10	100.454545	0	804	0	301	0	0	0	0	0	0	0	0
Eipr1	100.454545	0	888	0	217	0	0	0	0	0	0	0	0
Acot1	100.454545	0	507	0	0	0	301	297	0	0	0	0	0
Fryl	100.363636	0	922	0	182	0	0	0	0	0	0	0	0
Fank1	100.363636	0	883	0	109	0	112	0	0	0	0	0	0
Dhx32	100.363636	0	883	0	109	0	112	0	0	0	0	0	0
BC024063	100.363636	0	766	0	210	0	0	128	0	0	0	0	0
Atp1a1	100.363636	0	539	0	165	0	233	167	0	0	0	0	0
Adgrg1	100.363636	0	296	0	105	0	416	287	0	0	0	0	0
Sptbn1	100.272727	0	786	0	317	0	0	0	0	0	0	0	0
Bloc1s4	100.272727	0	977	0	0	0	0	126	0	0	0	0	0
Tpm4	100.181818	0	748	0	269	0	0	85	0	0	0	0	0
Tmem243	100.181818	0	649	0	323	0	130	0	0	0	0	0	0
Slc35a2	100.181818	0	904	0	0	0	198	0	0	0	0	0	0
Scd2	100.181818	0	655	0	205	0	137	105	0	0	0	0	0
Lrrc42	100.181818	0	963	0	139	0	0	0	0	0	0	0	0
Hspb11	100.181818	0	963	0	139	0	0	0	0	0	0	0	0
Ggnbp2	100.181818	0	723	0	379	0	0	0	0	0	0	0	0
Rbmx2	100.090909	0	866	0	235	0	0	0	0	0	0	0	0
Psd4	100.090909	0	746	0	355	0	0	0	0	0	0	0	0
Mtfp1	100.090909	0	848	0	253	0	0	0	0	0	0	0	0
Ier3	100.090909	0	464	0	0	0	459	178	0	0	0	0	0
Hgh1	100.090909	0	942	0	0	0	0	159	0	0	0	0	0
Dnajc15	100.090909	0	950	0	151	0	0	0	0	0	0	0	0
Axin1	100.090909	0	571	0	162	0	253	115	0	0	0	0	0
Ythdf3	100.000000	0	749	0	192	0	159	0	0	0	0	0	0
Tlr6	100.000000	0	855	0	245	0	0	0	0	0	0	0	0
Srsf12	100.000000	0	1012	0	88	0	0	0	0	0	0	0	0
Snx8	100.000000	0	319	0	0	0	650	131	0	0	0	0	0
Mctp2	100.000000	0	794	0	306	0	0	0	0	0	0	0	0
Daam1	100.000000	0	741	0	184	0	175	0	0	0	0	0	0
Cd6	100.000000	0	772	0	328	0	0	0	0	0	0	0	0
Btaf1	100.000000	0	871	0	229	0	0	0	0	0	0	0	0
Tent4b	99.909091	0	741	0	0	0	253	105	0	0	0	0	0
Lpcat1	99.909091	0	850	0	135	0	0	114	0	0	0	0	0
Fyn	99.909091	0	482	0	226	0	391	0	0	0	0	0	0
Atp23	99.909091	0	526	0	0	0	468	105	0	0	0	0	0
Ripor1	99.818182	0	865	0	233	0	0	0	0	0	0	0	0
Rilp	99.818182	0	698	0	0	0	309	91	0	0	0	0	0
Myh10	99.818182	0	764	0	186	0	148	0	0	0	0	0	0
Arhgap10	99.818182	0	844	0	254	0	0	0	0	0	0	0	0
Alcam	99.818182	0	369	0	259	0	470	0	0	0	0	0	0
Zfp11	99.727273	0	1002	0	95	0	0	0	0	0	0	0	0
Slc49a4	99.727273	0	687	0	288	0	122	0	0	0	0	0	0
Pkig	99.727273	0	834	0	0	0	263	0	0	0	0	0	0
Pdf	99.727273	0	863	0	117	0	0	117	0	0	0	0	0
Nuak1	99.727273	0	746	0	0	0	351	0	0	0	0	0	0
Mical2	99.727273	0	479	0	149	0	469	0	0	0	0	0	0
Cdca7	99.727273	0	607	0	206	0	93	191	0	0	0	0	0
Atp10a	99.727273	0	858	0	239	0	0	0	0	0	0	0	0
Slc39a13	99.636364	0	684	0	0	0	318	0	0	0	0	94	0
Psma5	99.636364	0	731	0	132	0	140	93	0	0	0	0	0
Fem1a	99.636364	0	792	0	0	0	154	150	0	0	0	0	0
Asxl1	99.636364	0	637	0	248	0	211	0	0	0	0	0	0
Ube2j1	99.545455	0	563	0	187	0	345	0	0	0	0	0	0
Rtraf	99.545455	0	725	0	161	0	209	0	0	0	0	0	0
Rasgrp1	99.545455	0	834	0	261	0	0	0	0	0	0	0	0
Pum2	99.545455	0	817	0	171	0	107	0	0	0	0	0	0
Pafah1b3	99.545455	0	608	0	135	0	0	352	0	0	0	0	0
Mier2	99.545455	0	1013	0	0	0	0	82	0	0	0	0	0
Lrrc1	99.545455	0	832	0	128	0	0	135	0	0	0	0	0
Il6st	99.545455	0	700	0	190	0	205	0	0	0	0	0	0
Cdk12	99.545455	0	515	0	260	0	150	170	0	0	0	0	0
Tmem185a	99.454545	0	826	0	268	0	0	0	0	0	0	0	0
Ptpra	99.454545	0	775	0	237	0	0	82	0	0	0	0	0
Nrbf2	99.454545	0	923	0	171	0	0	0	0	0	0	0	0
Edaradd	99.454545	0	764	0	330	0	0	0	0	0	0	0	0
Atmin	99.454545	0	703	0	115	0	276	0	0	0	0	0	0
Ugcg	99.363636	0	759	0	334	0	0	0	0	0	0	0	0
Tmem263	99.363636	0	840	0	253	0	0	0	0	0	0	0	0
Spopl	99.363636	0	697	0	277	0	0	119	0	0	0	0	0
Panx1	99.363636	0	921	0	172	0	0	0	0	0	0	0	0
Mosmo	99.363636	0	881	0	212	0	0	0	0	0	0	0	0
Fhl4	99.363636	0	840	0	253	0	0	0	0	0	0	0	0
Chst10	99.363636	0	774	0	319	0	0	0	0	0	0	0	0
Stau1	99.272727	0	662	0	273	0	157	0	0	0	0	0	0
Slc12a7	99.272727	0	739	0	123	0	230	0	0	0	0	0	0
Slamf1	99.272727	0	772	0	320	0	0	0	0	0	0	0	0
Shf	99.272727	0	962	0	130	0	0	0	0	0	0	0	0
Plpp6	99.272727	0	882	0	210	0	0	0	0	0	0	0	0
Pik3cb	99.272727	0	575	0	142	0	276	99	0	0	0	0	0
4430402I18Rik	99.272727	0	882	0	210	0	0	0	0	0	0	0	0
Snx25	99.181818	0	614	0	241	0	236	0	0	0	0	0	0
Sbk1	99.181818	0	895	0	0	0	196	0	0	0	0	0	0
Mgll	99.181818	0	1091	0	0	0	0	0	0	0	0	0	0
Dock10	99.181818	0	782	0	309	0	0	0	0	0	0	0	0
Bod1l	99.181818	0	538	0	225	0	194	134	0	0	0	0	0
Vamp5	99.090909	0	901	0	189	0	0	0	0	0	0	0	0
Shkbp1	99.090909	0	782	0	166	0	142	0	0	0	0	0	0
Nsmaf	99.090909	0	717	0	373	0	0	0	0	0	0	0	0
Ift22	99.090909	0	589	0	184	0	194	123	0	0	0	0	0
H2-K1	99.090909	0	841	0	142	0	0	0	0	0	0	107	0
Galnt11	99.090909	0	749	0	139	0	0	202	0	0	0	0	0
Frs2	99.090909	0	687	0	215	0	188	0	0	0	0	0	0
Enkd1	99.090909	0	784	0	0	0	181	125	0	0	0	0	0
Amdhd2	99.090909	0	587	0	144	0	203	156	0	0	0	0	0
4933405L10Rik	99.090909	0	784	0	0	0	181	125	0	0	0	0	0
Prpf39	99.000000	0	955	0	134	0	0	0	0	0	0	0	0
Klhl7	99.000000	0	935	0	154	0	0	0	0	0	0	0	0
Dynlt1a	99.000000	0	380	0	0	0	709	0	0	0	0	0	0
Tmem131l	98.909091	0	625	0	175	0	135	153	0	0	0	0	0
Cnn3	98.909091	0	761	0	134	0	132	61	0	0	0	0	0
Arhgap27	98.909091	0	689	0	399	0	0	0	0	0	0	0	0
A630001G21Rik	98.909091	0	900	0	188	0	0	0	0	0	0	0	0
Znrf2	98.818182	0	433	0	168	0	486	0	0	0	0	0	0
Uhrf1bp1	98.818182	0	857	0	119	0	111	0	0	0	0	0	0
Smarce1	98.818182	0	792	0	295	0	0	0	0	0	0	0	0
Ogt	98.818182	0	722	0	286	0	79	0	0	0	0	0	0
Golph3	98.818182	0	713	0	206	0	168	0	0	0	0	0	0
Yrdc	98.727273	0	590	0	109	0	205	182	0	0	0	0	0
Pacsin2	98.727273	0	585	0	173	0	328	0	0	0	0	0	0
Ctdspl	98.727273	0	470	0	186	0	315	115	0	0	0	0	0
Abl2	98.727273	0	699	0	190	0	197	0	0	0	0	0	0
1110065P20Rik	98.727273	0	590	0	109	0	205	182	0	0	0	0	0
Zfp760	98.636364	0	614	0	230	0	241	0	0	0	0	0	0
Ube2k	98.636364	0	767	0	167	0	151	0	0	0	0	0	0
Ergic1	98.636364	0	715	0	0	0	229	141	0	0	0	0	0
Dlg1	98.636364	0	792	0	210	0	0	83	0	0	0	0	0
Dag1	98.636364	0	717	0	0	0	265	103	0	0	0	0	0
Suv39h1	98.545455	0	617	0	126	0	341	0	0	0	0	0	0
Prpsap1	98.545455	0	872	0	212	0	0	0	0	0	0	0	0
Mical1	98.545455	0	823	0	261	0	0	0	0	0	0	0	0
Mansc1	98.545455	0	962	0	122	0	0	0	0	0	0	0	0
Kank2	98.545455	0	532	0	0	0	360	192	0	0	0	0	0
Dusp28	98.545455	0	602	0	0	0	482	0	0	0	0	0	0
Zmym4	98.454545	0	574	0	273	0	124	112	0	0	0	0	0
Ubc	98.454545	0	868	0	126	0	0	0	0	0	0	89	0
Rnls	98.454545	0	856	0	227	0	0	0	0	0	0	0	0
Plekhg2	98.454545	0	558	0	103	0	422	0	0	0	0	0	0
Pelo	98.454545	0	667	0	293	0	123	0	0	0	0	0	0
Mat2b	98.454545	0	751	0	194	0	138	0	0	0	0	0	0
Inpp5a	98.454545	0	691	0	0	0	392	0	0	0	0	0	0
H2bc15	98.454545	0	685	0	217	0	0	181	0	0	0	0	0
H2ac15	98.454545	0	685	0	217	0	0	181	0	0	0	0	0
Dpp4	98.454545	0	819	0	264	0	0	0	0	0	0	0	0
Cdc20	98.454545	0	809	0	0	0	121	153	0	0	0	0	0
Zfp946	98.363636	0	771	0	311	0	0	0	0	0	0	0	0
Zfp655	98.363636	0	750	0	122	0	116	94	0	0	0	0	0
Vsir	98.363636	0	915	0	167	0	0	0	0	0	0	0	0
Ube2d1	98.363636	0	872	0	210	0	0	0	0	0	0	0	0
Macrod2	98.363636	0	482	0	133	0	345	122	0	0	0	0	0
H2bc9	98.363636	0	623	0	162	0	133	164	0	0	0	0	0
Gclm	98.363636	0	869	0	0	0	213	0	0	0	0	0	0
Exosc6	98.363636	0	941	0	0	0	0	141	0	0	0	0	0
Ccdc88c	98.363636	0	601	0	307	0	0	174	0	0	0	0	0
Nudt4	98.272727	0	759	0	322	0	0	0	0	0	0	0	0
Gnl3l	98.272727	0	498	0	239	0	344	0	0	0	0	0	0
Bub1	98.272727	0	870	0	211	0	0	0	0	0	0	0	0
Arhgap39	98.272727	0	773	0	135	0	173	0	0	0	0	0	0
Wrnip1	98.181818	0	719	0	210	0	151	0	0	0	0	0	0
Mbnl1	98.181818	0	665	0	415	0	0	0	0	0	0	0	0
Ldhb	98.181818	0	794	0	136	0	0	150	0	0	0	0	0
Fkbp7	98.181818	0	436	0	192	0	326	126	0	0	0	0	0
Cxadr	98.181818	0	937	0	143	0	0	0	0	0	0	0	0
Cpeb3	98.181818	0	668	0	267	0	145	0	0	0	0	0	0
Cdkn2c	98.181818	0	525	0	241	0	314	0	0	0	0	0	0
Aggf1	98.181818	0	706	0	264	0	0	110	0	0	0	0	0
Vav2	98.090909	0	555	0	0	0	524	0	0	0	0	0	0
Ptprv	98.090909	0	644	0	214	0	221	0	0	0	0	0	0
Ptpn7	98.090909	0	644	0	214	0	221	0	0	0	0	0	0
Prkaa1	98.090909	0	1079	0	0	0	0	0	0	0	0	0	0
Parp10	98.090909	0	844	0	235	0	0	0	0	0	0	0	0
Junb	98.090909	0	620	0	0	0	182	130	0	0	0	147	0
Bcl7c	98.090909	0	687	0	0	0	302	90	0	0	0	0	0
Serhl	98.000000	0	742	0	178	0	158	0	0	0	0	0	0
Rnf24	98.000000	0	714	0	180	0	184	0	0	0	0	0	0
Rhpn2	98.000000	0	440	0	126	0	512	0	0	0	0	0	0
Pigl	98.000000	0	606	0	333	0	139	0	0	0	0	0	0
Ncor1	98.000000	0	606	0	333	0	139	0	0	0	0	0	0
Gm13279	98.000000	0	874	0	204	0	0	0	0	0	0	0	0
Gm13278	98.000000	0	874	0	204	0	0	0	0	0	0	0	0
Eif2s3x	98.000000	0	880	0	198	0	0	0	0	0	0	0	0
9930111J21Rik1	98.000000	0	818	0	260	0	0	0	0	0	0	0	0
Zdhhc14	97.909091	0	603	0	191	0	283	0	0	0	0	0	0
Unc13a	97.909091	0	224	0	0	0	780	73	0	0	0	0	0
Tmem181a	97.909091	0	815	0	166	0	0	96	0	0	0	0	0
Nsun5	97.909091	0	809	0	152	0	0	116	0	0	0	0	0
Cenph	97.909091	0	798	0	0	0	210	69	0	0	0	0	0
Arhgef17	97.909091	0	613	0	216	0	248	0	0	0	0	0	0
Tmem165	97.818182	0	847	0	229	0	0	0	0	0	0	0	0
Tbc1d20	97.818182	0	925	0	151	0	0	0	0	0	0	0	0
Pdcd4	97.818182	0	539	0	253	0	284	0	0	0	0	0	0
Mettl15	97.818182	0	731	0	345	0	0	0	0	0	0	0	0
Lrp12	97.818182	0	545	0	306	0	225	0	0	0	0	0	0
Garem1	97.818182	0	0	0	0	0	848	228	0	0	0	0	0
Ddx25	97.818182	0	1076	0	0	0	0	0	0	0	0	0	0
Zscan30	97.727273	0	851	0	224	0	0	0	0	0	0	0	0
S100a13	97.727273	0	855	0	220	0	0	0	0	0	0	0	0
S100a1	97.727273	0	855	0	220	0	0	0	0	0	0	0	0
Rnf26	97.727273	0	694	0	0	0	381	0	0	0	0	0	0
Nipsnap2	97.727273	0	733	0	224	0	118	0	0	0	0	0	0
Map4k2	97.727273	0	644	0	224	0	207	0	0	0	0	0	0
Anxa6	97.727273	0	762	0	313	0	0	0	0	0	0	0	0
Acot2	97.727273	0	1075	0	0	0	0	0	0	0	0	0	0
Acbd6	97.727273	0	716	0	265	0	0	94	0	0	0	0	0
Tec	97.636364	0	685	0	175	0	214	0	0	0	0	0	0
Stk17b	97.636364	0	530	0	252	0	154	138	0	0	0	0	0
Rassf3	97.636364	0	592	0	186	0	296	0	0	0	0	0	0
Mprip	97.636364	0	932	0	0	0	142	0	0	0	0	0	0
Map4k4	97.636364	0	627	0	355	0	92	0	0	0	0	0	0
Lekr1	97.636364	0	885	0	189	0	0	0	0	0	0	0	0
Ipmk	97.636364	0	694	0	0	0	380	0	0	0	0	0	0
Idh2	97.636364	0	767	0	131	0	176	0	0	0	0	0	0
Ccdc22	97.636364	0	909	0	165	0	0	0	0	0	0	0	0
Pimreg	97.545455	0	1073	0	0	0	0	0	0	0	0	0	0
Mta1	97.545455	0	1073	0	0	0	0	0	0	0	0	0	0
Mfap3	97.545455	0	906	0	167	0	0	0	0	0	0	0	0
Mettl7a1	97.545455	0	839	0	234	0	0	0	0	0	0	0	0
Fam114a2	97.545455	0	906	0	167	0	0	0	0	0	0	0	0
Acoxl	97.545455	0	0	0	0	0	377	696	0	0	0	0	0
Zfp526	97.454545	0	628	0	0	0	444	0	0	0	0	0	0
Tbp	97.454545	0	755	0	86	0	117	114	0	0	0	0	0
Septin9	97.454545	0	531	0	205	0	212	124	0	0	0	0	0
Vmn2r4	97.363636	0	0	0	152	0	0	0	243	218	313	145	0
Sh3bgrl3	97.363636	0	805	0	110	0	156	0	0	0	0	0	0
Samhd1	97.363636	0	607	0	198	0	150	116	0	0	0	0	0
Rabggta	97.363636	0	1071	0	0	0	0	0	0	0	0	0	0
Parp9	97.363636	0	827	0	244	0	0	0	0	0	0	0	0
Itpr3	97.363636	0	845	0	226	0	0	0	0	0	0	0	0
Galnt2	97.363636	0	697	0	136	0	238	0	0	0	0	0	0
Fam3a	97.363636	0	815	0	135	0	121	0	0	0	0	0	0
Fam120a	97.363636	0	729	0	195	0	147	0	0	0	0	0	0
Cbx4	97.363636	0	707	0	0	0	364	0	0	0	0	0	0
Casd1	97.363636	0	600	0	171	0	0	300	0	0	0	0	0
Arih2	97.363636	0	729	0	136	0	206	0	0	0	0	0	0
Tpi1	97.272727	0	826	0	0	0	244	0	0	0	0	0	0
Rere	97.272727	0	640	0	197	0	233	0	0	0	0	0	0
Lix1l	97.272727	0	705	0	0	0	365	0	0	0	0	0	0
Fam120c	97.272727	0	760	0	310	0	0	0	0	0	0	0	0
Eci1	97.272727	0	594	0	152	0	188	136	0	0	0	0	0
Csgalnact1	97.272727	0	715	0	157	0	0	198	0	0	0	0	0
Ccdc125	97.272727	0	783	0	287	0	0	0	0	0	0	0	0
Trim26	97.181818	0	802	0	267	0	0	0	0	0	0	0	0
S100a11	97.181818	0	658	0	303	0	0	108	0	0	0	0	0
Zgpat	97.090909	0	859	0	209	0	0	0	0	0	0	0	0
Yod1	97.090909	0	732	0	198	0	138	0	0	0	0	0	0
Ropn1l	97.090909	0	732	0	0	0	170	166	0	0	0	0	0
Rnpep	97.090909	0	869	0	199	0	0	0	0	0	0	0	0
Rab12	97.090909	0	873	0	195	0	0	0	0	0	0	0	0
Nfkb1	97.090909	0	728	0	340	0	0	0	0	0	0	0	0
Hrob	97.090909	0	854	0	0	0	214	0	0	0	0	0	0
Arfrp1	97.090909	0	859	0	209	0	0	0	0	0	0	0	0
Zfp65	97.000000	0	662	0	405	0	0	0	0	0	0	0	0
Unc119	97.000000	0	344	0	0	0	586	137	0	0	0	0	0
Nbdy	97.000000	0	752	0	315	0	0	0	0	0	0	0	0
Ifi203	97.000000	0	713	0	354	0	0	0	0	0	0	0	0
Galm	97.000000	0	737	0	330	0	0	0	0	0	0	0	0
Slc2a3	96.909091	0	809	0	257	0	0	0	0	0	0	0	0
Psrc1	96.909091	0	833	0	0	0	233	0	0	0	0	0	0
Ggact	96.909091	0	763	0	223	0	0	80	0	0	0	0	0
Btbd1	96.909091	0	719	0	347	0	0	0	0	0	0	0	0
Abhd14b	96.909091	0	794	0	0	0	155	117	0	0	0	0	0
Abhd14a	96.909091	0	794	0	0	0	155	117	0	0	0	0	0
Tarbp1	96.818182	0	838	0	118	0	0	109	0	0	0	0	0
Pfkfb2	96.818182	0	732	0	198	0	0	135	0	0	0	0	0
Fgd3	96.818182	0	750	0	315	0	0	0	0	0	0	0	0
Crcp	96.818182	0	894	0	171	0	0	0	0	0	0	0	0
Ccnj	96.818182	0	720	0	345	0	0	0	0	0	0	0	0
Atpaf1	96.818182	0	939	0	0	0	0	126	0	0	0	0	0
Slc9a3r1	96.727273	0	602	0	0	0	462	0	0	0	0	0	0
Pxk	96.727273	0	601	0	218	0	245	0	0	0	0	0	0
Lsm14b	96.727273	0	608	0	0	0	456	0	0	0	0	0	0
Trim25	96.636364	0	804	0	259	0	0	0	0	0	0	0	0
Itm2a	96.636364	0	690	0	373	0	0	0	0	0	0	0	0
Inpp5e	96.636364	0	743	0	162	0	158	0	0	0	0	0	0
Fbxo21	96.636364	0	849	0	0	0	214	0	0	0	0	0	0
Bbs1	96.636364	0	814	0	163	0	86	0	0	0	0	0	0
Zfp362	96.545455	0	861	0	201	0	0	0	0	0	0	0	0
Mnt	96.545455	0	546	0	180	0	194	142	0	0	0	0	0
Klf13	96.545455	0	424	0	0	0	521	117	0	0	0	0	0
Cdc25b	96.545455	0	698	0	240	0	0	124	0	0	0	0	0
Cdc16	96.545455	0	745	0	317	0	0	0	0	0	0	0	0
Ylpm1	96.454545	0	604	0	182	0	153	122	0	0	0	0	0
Ubald1	96.454545	0	617	0	194	0	250	0	0	0	0	0	0
Tut4	96.454545	0	708	0	224	0	0	129	0	0	0	0	0
Prr7	96.454545	0	708	0	0	0	201	152	0	0	0	0	0
Ncoa2	96.454545	0	534	0	190	0	164	173	0	0	0	0	0
Lig4	96.454545	0	642	0	195	0	140	84	0	0	0	0	0
Itga4	96.454545	0	697	0	249	0	0	115	0	0	0	0	0
Atp6v1h	96.454545	0	870	0	191	0	0	0	0	0	0	0	0
Tulp4	96.363636	0	688	0	0	0	372	0	0	0	0	0	0
Tmco4	96.363636	0	898	0	162	0	0	0	0	0	0	0	0
Tbc1d16	96.363636	0	372	0	0	0	688	0	0	0	0	0	0
Stambpl1	96.363636	0	834	0	226	0	0	0	0	0	0	0	0
Sae1	96.363636	0	842	0	218	0	0	0	0	0	0	0	0
Prkcb	96.363636	0	765	0	152	0	143	0	0	0	0	0	0
Kdelr1	96.363636	0	757	0	303	0	0	0	0	0	0	0	0
Gm27021	96.363636	0	941	0	0	0	119	0	0	0	0	0	0
Gbp4	96.363636	0	728	0	332	0	0	0	0	0	0	0	0
Emc8	96.363636	0	941	0	0	0	119	0	0	0	0	0	0
Cox4i1	96.363636	0	941	0	0	0	119	0	0	0	0	0	0
Ccdc40	96.363636	0	372	0	0	0	688	0	0	0	0	0	0
Timm8a1	96.272727	0	827	0	232	0	0	0	0	0	0	0	0
Timm23	96.181818	0	838	0	220	0	0	0	0	0	0	0	0
Tex264	96.181818	0	880	0	178	0	0	0	0	0	0	0	0
Smad2	96.181818	0	725	0	168	0	165	0	0	0	0	0	0
Ric1	96.181818	0	834	0	0	0	224	0	0	0	0	0	0
Parg	96.181818	0	838	0	220	0	0	0	0	0	0	0	0
Nyx	96.181818	0	755	0	93	0	116	94	0	0	0	0	0
Nmi	96.181818	0	796	0	262	0	0	0	0	0	0	0	0
Kdm3b	96.181818	0	676	0	303	0	79	0	0	0	0	0	0
Gm12500	96.181818	0	618	0	295	0	145	0	0	0	0	0	0
Cnnm3	96.181818	0	925	0	0	0	133	0	0	0	0	0	0
Cep120	96.181818	0	540	0	181	0	94	243	0	0	0	0	0
Ampd2	96.181818	0	618	0	295	0	145	0	0	0	0	0	0
Aff4	96.181818	0	714	0	218	0	126	0	0	0	0	0	0
Zbtb33	96.090909	0	849	0	208	0	0	0	0	0	0	0	0
Stx11	96.090909	0	810	0	247	0	0	0	0	0	0	0	0
Lrrc24	96.090909	0	777	0	84	0	0	196	0	0	0	0	0
Ccdc74a	96.090909	0	305	0	0	0	646	106	0	0	0	0	0
Zfp647	96.000000	0	657	0	160	0	123	116	0	0	0	0	0
Zfp28	96.000000	0	545	0	0	0	511	0	0	0	0	0	0
Pomgnt1	96.000000	0	876	0	180	0	0	0	0	0	0	0	0
Phf11b	96.000000	0	664	0	392	0	0	0	0	0	0	0	0
Gm13287	96.000000	0	823	0	233	0	0	0	0	0	0	0	0
Cmya5	96.000000	0	551	0	0	0	319	186	0	0	0	0	0
Acot11	96.000000	0	629	0	427	0	0	0	0	0	0	0	0
Yipf4	95.909091	0	897	0	0	0	158	0	0	0	0	0	0
Ube2e2	95.909091	0	715	0	195	0	0	145	0	0	0	0	0
F2r	95.909091	0	695	0	209	0	151	0	0	0	0	0	0
Dclk1	95.909091	0	0	0	0	0	680	375	0	0	0	0	0
Abcb1b	95.909091	0	774	0	103	0	0	178	0	0	0	0	0
Yy1	95.818182	0	584	0	0	0	470	0	0	0	0	0	0
Suds3	95.818182	0	643	0	299	0	0	112	0	0	0	0	0
Proser1	95.818182	0	916	0	138	0	0	0	0	0	0	0	0
Nhlrc3	95.818182	0	916	0	138	0	0	0	0	0	0	0	0
Nadk2	95.818182	0	695	0	230	0	129	0	0	0	0	0	0
Lypla2	95.818182	0	663	0	150	0	148	93	0	0	0	0	0
Lratd2	95.818182	0	581	0	228	0	108	137	0	0	0	0	0
Lamc1	95.818182	0	607	0	148	0	299	0	0	0	0	0	0
Gvin1	95.818182	0	453	0	601	0	0	0	0	0	0	0	0
Gm4070	95.818182	0	453	0	601	0	0	0	0	0	0	0	0
Pxmp2	95.727273	0	788	0	265	0	0	0	0	0	0	0	0
Pole	95.727273	0	788	0	265	0	0	0	0	0	0	0	0
Parn	95.727273	0	649	0	195	0	122	87	0	0	0	0	0
Ndufb10	95.727273	0	761	0	0	0	193	99	0	0	0	0	0
Zfp451	95.636364	0	677	0	195	0	180	0	0	0	0	0	0
Tfe3	95.636364	0	607	0	157	0	288	0	0	0	0	0	0
Sh3rf1	95.636364	0	646	0	129	0	124	153	0	0	0	0	0
Mxra8	95.636364	0	490	0	0	0	345	217	0	0	0	0	0
Zmym3	95.545455	0	741	0	177	0	133	0	0	0	0	0	0
Slc35a3	95.545455	0	796	0	135	0	0	0	0	0	0	120	0
Prkca	95.545455	0	678	0	104	0	162	107	0	0	0	0	0
F8a	95.545455	0	670	0	96	0	121	164	0	0	0	0	0
Tlcd1	95.454545	0	1050	0	0	0	0	0	0	0	0	0	0
Gem	95.454545	0	626	0	187	0	119	118	0	0	0	0	0
Xxylt1	95.363636	0	580	0	142	0	327	0	0	0	0	0	0
Rabep1	95.363636	0	691	0	211	0	147	0	0	0	0	0	0
Pnkp	95.363636	0	878	0	171	0	0	0	0	0	0	0	0
Garnl3	95.363636	0	483	0	146	0	420	0	0	0	0	0	0
Cdc42	95.363636	0	678	0	0	0	371	0	0	0	0	0	0
Zfp94	95.272727	0	534	0	220	0	176	118	0	0	0	0	0
Zfp131	95.272727	0	820	0	228	0	0	0	0	0	0	0	0
Stimate	95.272727	0	777	0	271	0	0	0	0	0	0	0	0
Kif3b	95.272727	0	907	0	141	0	0	0	0	0	0	0	0
H3c13	95.272727	0	348	0	0	0	303	308	0	0	0	89	0
Carmil2	95.272727	0	939	0	109	0	0	0	0	0	0	0	0
Usp42	95.181818	0	571	0	0	0	320	156	0	0	0	0	0
Trim3	95.181818	0	574	0	161	0	175	137	0	0	0	0	0
Il17rd	95.181818	0	586	0	191	0	270	0	0	0	0	0	0
Gm14295	95.181818	0	871	0	176	0	0	0	0	0	0	0	0
Eml2	95.181818	0	704	0	343	0	0	0	0	0	0	0	0
Sipa1l1	95.090909	0	470	0	0	0	313	263	0	0	0	0	0
Shcbp1	95.090909	0	894	0	152	0	0	0	0	0	0	0	0
E130309D02Rik	95.090909	0	1046	0	0	0	0	0	0	0	0	0	0
Dnhd1	95.090909	0	784	0	262	0	0	0	0	0	0	0	0
AI413582	95.090909	0	701	0	218	0	127	0	0	0	0	0	0
Rac2	95.000000	0	755	0	290	0	0	0	0	0	0	0	0
Kifc2	95.000000	0	461	0	0	0	448	136	0	0	0	0	0
Kdm5d	95.000000	0	871	0	174	0	0	0	0	0	0	0	0
H2bc22	95.000000	0	425	0	133	0	228	259	0	0	0	0	0
H2ac22	95.000000	0	425	0	133	0	228	259	0	0	0	0	0
Gtpbp1	95.000000	0	410	0	119	0	516	0	0	0	0	0	0
Gsk3b	95.000000	0	632	0	190	0	223	0	0	0	0	0	0
Git1	95.000000	0	712	0	0	0	333	0	0	0	0	0	0
E2f7	95.000000	0	751	0	0	0	177	117	0	0	0	0	0
Cyhr1	95.000000	0	461	0	0	0	448	136	0	0	0	0	0
Tarsl2	94.909091	0	627	0	0	0	260	157	0	0	0	0	0
Spata5l1	94.909091	0	938	0	0	0	106	0	0	0	0	0	0
Slc25a18	94.909091	0	0	0	0	0	607	437	0	0	0	0	0
Rpl7	94.909091	0	834	0	210	0	0	0	0	0	0	0	0
Rom1	94.909091	0	924	0	120	0	0	0	0	0	0	0	0
Hmces	94.909091	0	852	0	192	0	0	0	0	0	0	0	0
Gm10778	94.909091	0	743	0	176	0	0	125	0	0	0	0	0
Eml3	94.909091	0	924	0	120	0	0	0	0	0	0	0	0
Crtc3	94.909091	0	703	0	244	0	97	0	0	0	0	0	0
Arhgef6	94.909091	0	387	0	137	0	311	209	0	0	0	0	0
Trim12a	94.818182	0	855	0	188	0	0	0	0	0	0	0	0
Rab43	94.818182	0	735	0	0	0	308	0	0	0	0	0	0
Hnrnpd	94.818182	0	707	0	336	0	0	0	0	0	0	0	0
Gstm4	94.818182	0	856	0	187	0	0	0	0	0	0	0	0
Golim4	94.818182	0	634	0	186	0	158	65	0	0	0	0	0
Cyba	94.818182	0	850	0	193	0	0	0	0	0	0	0	0
Cd47	94.818182	0	525	0	237	0	109	172	0	0	0	0	0
Bcl7a	94.818182	0	635	0	138	0	154	116	0	0	0	0	0
Siah1a	94.727273	0	672	0	201	0	169	0	0	0	0	0	0
Rhoq	94.727273	0	365	0	182	0	495	0	0	0	0	0	0
N4bp2l1	94.727273	0	747	0	295	0	0	0	0	0	0	0	0
Itga6	94.727273	0	860	0	83	0	0	99	0	0	0	0	0
Rasa4	94.636364	0	650	0	135	0	256	0	0	0	0	0	0
Gimap1	94.636364	0	795	0	246	0	0	0	0	0	0	0	0
Errfi1	94.636364	0	517	0	0	0	247	111	0	0	0	166	0
Dtx3l	94.636364	0	827	0	214	0	0	0	0	0	0	0	0
2310061I04Rik	94.636364	0	918	0	0	0	123	0	0	0	0	0	0
Zfp318	94.545455	0	465	0	146	0	429	0	0	0	0	0	0
Zfp2	94.545455	0	918	0	122	0	0	0	0	0	0	0	0
Ttll1	94.545455	0	706	0	94	0	240	0	0	0	0	0	0
Rpl35	94.545455	0	662	0	273	0	0	105	0	0	0	0	0
Pwwp2b	94.545455	0	901	0	0	0	0	139	0	0	0	0	0
Mgmt	94.545455	0	615	0	214	0	211	0	0	0	0	0	0
Ly96	94.545455	0	610	0	314	0	0	116	0	0	0	0	0
Lcor	94.545455	0	909	0	131	0	0	0	0	0	0	0	0
Fzd5	94.545455	0	367	0	244	0	429	0	0	0	0	0	0
Cdyl2	94.545455	0	931	0	109	0	0	0	0	0	0	0	0
Ccdc77	94.545455	0	646	0	123	0	175	96	0	0	0	0	0
Ywhah	94.454545	0	764	0	275	0	0	0	0	0	0	0	0
Hid1	94.454545	0	746	0	0	0	293	0	0	0	0	0	0
Acss1	94.454545	0	831	0	208	0	0	0	0	0	0	0	0
H2bc21	94.363636	0	594	0	235	0	0	113	0	0	0	96	0
H2ac20	94.363636	0	594	0	235	0	0	113	0	0	0	96	0
Usp7	94.272727	0	495	0	208	0	334	0	0	0	0	0	0
Trim12c	94.272727	0	752	0	285	0	0	0	0	0	0	0	0
Tm7sf3	94.272727	0	722	0	315	0	0	0	0	0	0	0	0
Tlnrd1	94.272727	0	689	0	123	0	114	111	0	0	0	0	0
Gpr146	94.272727	0	650	0	215	0	172	0	0	0	0	0	0
Gfod1	94.272727	0	559	0	85	0	393	0	0	0	0	0	0
Fbxl4	94.272727	0	649	0	216	0	172	0	0	0	0	0	0
Eola1	94.272727	0	864	0	173	0	0	0	0	0	0	0	0
Stk10	94.181818	0	778	0	258	0	0	0	0	0	0	0	0
Ppp2r2a	94.181818	0	802	0	0	0	234	0	0	0	0	0	0
Ms4a6c	94.181818	0	623	0	413	0	0	0	0	0	0	0	0
Mrps30	94.181818	0	769	0	182	0	85	0	0	0	0	0	0
Mapk14	94.181818	0	773	0	0	0	155	108	0	0	0	0	0
Ifi47	94.181818	0	708	0	328	0	0	0	0	0	0	0	0
Hps1	94.181818	0	937	0	99	0	0	0	0	0	0	0	0
Gprasp1	94.181818	0	773	0	263	0	0	0	0	0	0	0	0
Fbxo6	94.181818	0	706	0	203	0	127	0	0	0	0	0	0
Armcx5	94.181818	0	773	0	263	0	0	0	0	0	0	0	0
Sptan1	94.090909	0	968	0	0	0	67	0	0	0	0	0	0
Slc37a3	94.090909	0	730	0	305	0	0	0	0	0	0	0	0
Slc37a2	94.090909	0	675	0	251	0	109	0	0	0	0	0	0
Pi4k2b	94.090909	0	794	0	241	0	0	0	0	0	0	0	0
Mllt1	94.090909	0	766	0	0	0	144	125	0	0	0	0	0
Lacc1	94.090909	0	889	0	146	0	0	0	0	0	0	0	0
H2bc11	94.090909	0	631	0	149	0	134	121	0	0	0	0	0
H2ac11	94.090909	0	631	0	149	0	134	121	0	0	0	0	0
Ccdc122	94.090909	0	889	0	146	0	0	0	0	0	0	0	0
Rgmb	94.000000	0	535	0	198	0	301	0	0	0	0	0	0
Nkapl	94.000000	0	857	0	177	0	0	0	0	0	0	0	0
Gbp9	94.000000	0	757	0	277	0	0	0	0	0	0	0	0
BC004004	94.000000	0	724	0	0	0	172	138	0	0	0	0	0
Prkch	93.909091	0	779	0	254	0	0	0	0	0	0	0	0
Cpq	93.909091	0	712	0	321	0	0	0	0	0	0	0	0
Clock	93.909091	0	623	0	204	0	97	109	0	0	0	0	0
Ccnd3	93.909091	0	518	0	215	0	300	0	0	0	0	0	0
Utp14a	93.818182	0	794	0	238	0	0	0	0	0	0	0	0
Sec62	93.818182	0	686	0	346	0	0	0	0	0	0	0	0
Ppfibp1	93.818182	0	692	0	0	0	340	0	0	0	0	0	0
Camk4	93.818182	0	828	0	204	0	0	0	0	0	0	0	0
Adipor1	93.818182	0	761	0	153	0	118	0	0	0	0	0	0
1600014C10Rik	93.818182	0	843	0	189	0	0	0	0	0	0	0	0
Usp46	93.727273	0	879	0	152	0	0	0	0	0	0	0	0
Spin1	93.727273	0	756	0	150	0	125	0	0	0	0	0	0
Psat1	93.727273	0	691	0	203	0	0	137	0	0	0	0	0
Mrpl33	93.727273	0	729	0	185	0	0	117	0	0	0	0	0
Arpc5l	93.727273	0	514	0	263	0	254	0	0	0	0	0	0
Senp6	93.636364	0	734	0	296	0	0	0	0	0	0	0	0
Kif2c	93.636364	0	634	0	0	0	216	180	0	0	0	0	0
Cramp1l	93.636364	0	292	0	105	0	355	278	0	0	0	0	0
Alg13	93.636364	0	824	0	206	0	0	0	0	0	0	0	0
Tmem63a	93.545455	0	958	0	71	0	0	0	0	0	0	0	0
Spryd3	93.545455	0	711	0	0	0	193	125	0	0	0	0	0
Rnf43	93.545455	0	747	0	282	0	0	0	0	0	0	0	0
Pabpc4	93.545455	0	687	0	0	0	208	134	0	0	0	0	0
Gadd45g	93.545455	0	536	0	155	0	201	137	0	0	0	0	0
Fam13a	93.545455	0	539	0	106	0	224	160	0	0	0	0	0
Atxn7	93.545455	0	704	0	157	0	168	0	0	0	0	0	0
Acaa1a	93.545455	0	647	0	0	0	255	127	0	0	0	0	0
Smarcc2	93.454545	0	843	0	185	0	0	0	0	0	0	0	0
Slc1a5	93.454545	0	442	0	139	0	447	0	0	0	0	0	0
Rrp8	93.454545	0	731	0	146	0	151	0	0	0	0	0	0
Ric8a	93.454545	0	740	0	111	0	177	0	0	0	0	0	0
Nlk	93.454545	0	652	0	0	0	376	0	0	0	0	0	0
Ilk	93.454545	0	731	0	146	0	151	0	0	0	0	0	0
Gypc	93.454545	0	868	0	160	0	0	0	0	0	0	0	0
Fgd4	93.454545	0	226	0	0	0	273	529	0	0	0	0	0
Ethe1	93.454545	0	787	0	0	0	241	0	0	0	0	0	0
Cd2ap	93.454545	0	781	0	247	0	0	0	0	0	0	0	0
Bri3bp	93.454545	0	793	0	141	0	94	0	0	0	0	0	0
Zfp422	93.363636	0	826	0	201	0	0	0	0	0	0	0	0
Ybx1	93.363636	0	633	0	296	0	98	0	0	0	0	0	0
Ttll11	93.363636	0	708	0	202	0	117	0	0	0	0	0	0
Prkaca	93.363636	0	640	0	0	0	219	168	0	0	0	0	0
Fzd7	93.363636	0	590	0	177	0	260	0	0	0	0	0	0
Dtx4	93.363636	0	883	0	144	0	0	0	0	0	0	0	0
Usp31	93.272727	0	866	0	0	0	160	0	0	0	0	0	0
Lin37	93.272727	0	694	0	0	0	332	0	0	0	0	0	0
Itga5	93.272727	0	710	0	125	0	100	91	0	0	0	0	0
Was	93.181818	0	771	0	254	0	0	0	0	0	0	0	0
Ube3b	93.181818	0	813	0	212	0	0	0	0	0	0	0	0
Naa15	93.181818	0	690	0	130	0	205	0	0	0	0	0	0
Myo7a	93.181818	0	1025	0	0	0	0	0	0	0	0	0	0
Minpp1	93.181818	0	787	0	238	0	0	0	0	0	0	0	0
Leprotl1	93.181818	0	708	0	0	0	183	134	0	0	0	0	0
Kif2a	93.181818	0	713	0	312	0	0	0	0	0	0	0	0
Kctd10	93.181818	0	813	0	212	0	0	0	0	0	0	0	0
Gm13277	93.181818	0	877	0	148	0	0	0	0	0	0	0	0
Efcab8	93.181818	0	791	0	234	0	0	0	0	0	0	0	0
Rgp1	93.090909	0	778	0	152	0	94	0	0	0	0	0	0
Pter	93.090909	0	518	0	115	0	391	0	0	0	0	0	0
Phlpp2	93.090909	0	618	0	88	0	318	0	0	0	0	0	0
Lgals3bp	93.090909	0	780	0	244	0	0	0	0	0	0	0	0
H2bc6	93.090909	0	570	0	260	0	0	194	0	0	0	0	0
Gm13283	93.090909	0	695	0	204	0	0	125	0	0	0	0	0
Gba2	93.090909	0	778	0	152	0	94	0	0	0	0	0	0
Ephb6	93.090909	0	618	0	264	0	0	142	0	0	0	0	0
Zscan12	93.000000	0	720	0	199	0	0	104	0	0	0	0	0
Tmem205	93.000000	0	230	0	0	0	653	140	0	0	0	0	0
Rfx7	93.000000	0	723	0	213	0	0	87	0	0	0	0	0
Ptprcap	93.000000	0	836	0	187	0	0	0	0	0	0	0	0
Nfkbil1	93.000000	0	728	0	173	0	122	0	0	0	0	0	0
Coa8	93.000000	0	773	0	148	0	102	0	0	0	0	0	0
Ccdc159	93.000000	0	230	0	0	0	653	140	0	0	0	0	0
Bag5	93.000000	0	773	0	148	0	102	0	0	0	0	0	0
Atp6v1g2	93.000000	0	728	0	173	0	122	0	0	0	0	0	0
Ydjc	92.909091	0	862	0	160	0	0	0	0	0	0	0	0
Serbp1	92.909091	0	579	0	340	0	103	0	0	0	0	0	0
Crybg1	92.909091	0	1022	0	0	0	0	0	0	0	0	0	0
Cenpf	92.909091	0	392	0	136	0	290	204	0	0	0	0	0
Ccdc116	92.909091	0	862	0	160	0	0	0	0	0	0	0	0
Cbx2	92.909091	0	876	0	0	0	146	0	0	0	0	0	0
Arhgef12	92.909091	0	592	0	189	0	241	0	0	0	0	0	0
1110051M20Rik	92.909091	0	745	0	277	0	0	0	0	0	0	0	0
Chchd1	92.818182	0	731	0	290	0	0	0	0	0	0	0	0
Arhgef3	92.818182	0	691	0	330	0	0	0	0	0	0	0	0
Antkmt	92.818182	0	762	0	158	0	101	0	0	0	0	0	0
5730455P16Rik	92.818182	0	1021	0	0	0	0	0	0	0	0	0	0
Scaf8	92.727273	0	688	0	332	0	0	0	0	0	0	0	0
Plod1	92.727273	0	689	0	0	0	331	0	0	0	0	0	0
Parp16	92.727273	0	830	0	109	0	81	0	0	0	0	0	0
Naa10	92.727273	0	750	0	270	0	0	0	0	0	0	0	0
Marchf5	92.727273	0	668	0	207	0	145	0	0	0	0	0	0
H1f3	92.727273	0	511	0	269	0	0	0	0	0	0	240	0
Eif5a2	92.727273	0	458	0	81	0	481	0	0	0	0	0	0
Bid	92.727273	0	1020	0	0	0	0	0	0	0	0	0	0
Alpl	92.727273	0	228	0	0	0	589	203	0	0	0	0	0
Mboat1	92.636364	0	811	0	208	0	0	0	0	0	0	0	0
Ash2l	92.636364	0	715	0	177	0	127	0	0	0	0	0	0
Zfp358	92.545455	0	1018	0	0	0	0	0	0	0	0	0	0
Vopp1	92.545455	0	855	0	163	0	0	0	0	0	0	0	0
Tmem9b	92.545455	0	853	0	165	0	0	0	0	0	0	0	0
Fhl2	92.545455	0	603	0	185	0	97	133	0	0	0	0	0
Xpo7	92.454545	0	740	0	196	0	81	0	0	0	0	0	0
Wdr60	92.454545	0	643	0	0	0	207	167	0	0	0	0	0
Slc48a1	92.454545	0	902	0	115	0	0	0	0	0	0	0	0
Pogz	92.454545	0	819	0	120	0	0	78	0	0	0	0	0
Plekha8	92.454545	0	502	0	207	0	308	0	0	0	0	0	0
Nrros	92.454545	0	669	0	348	0	0	0	0	0	0	0	0
Fndc3a	92.454545	0	765	0	252	0	0	0	0	0	0	0	0
2810021J22Rik	92.454545	0	806	0	211	0	0	0	0	0	0	0	0
Usp47	92.363636	0	697	0	178	0	141	0	0	0	0	0	0
Sit1	92.363636	0	716	0	300	0	0	0	0	0	0	0	0
Prr3	92.363636	0	852	0	0	0	0	164	0	0	0	0	0
Gnl1	92.363636	0	852	0	0	0	0	164	0	0	0	0	0
Cish	92.363636	0	753	0	165	0	98	0	0	0	0	0	0
Atp1b2	92.363636	0	597	0	0	0	185	234	0	0	0	0	0
Stat5a	92.272727	0	805	0	210	0	0	0	0	0	0	0	0
Neil2	92.272727	0	869	0	146	0	0	0	0	0	0	0	0
Cd99l2	92.272727	0	640	0	110	0	169	96	0	0	0	0	0
Setd4	92.181818	0	774	0	141	0	0	99	0	0	0	0	0
Rab3ip	92.181818	0	694	0	175	0	145	0	0	0	0	0	0
Poc1b	92.090909	0	729	0	168	0	0	116	0	0	0	0	0
Itgb2	92.090909	0	757	0	256	0	0	0	0	0	0	0	0
Gls2	92.090909	0	503	0	91	0	304	115	0	0	0	0	0
Fbxo32	92.090909	0	789	0	224	0	0	0	0	0	0	0	0
Faah	92.090909	0	678	0	0	0	130	205	0	0	0	0	0
Cflar	92.090909	0	778	0	235	0	0	0	0	0	0	0	0
Blvra	92.090909	0	678	0	0	0	155	180	0	0	0	0	0
Zfp865	92.000000	0	650	0	243	0	119	0	0	0	0	0	0
Ttc33	92.000000	0	811	0	201	0	0	0	0	0	0	0	0
Aftph	92.000000	0	635	0	254	0	123	0	0	0	0	0	0
Zfr	91.909091	0	860	0	151	0	0	0	0	0	0	0	0
Sdc3	91.909091	0	508	0	138	0	125	240	0	0	0	0	0
Mcmbp	91.909091	0	533	0	250	0	228	0	0	0	0	0	0
Map3k8	91.909091	0	756	0	152	0	0	103	0	0	0	0	0
Lrrc58	91.909091	0	643	0	228	0	140	0	0	0	0	0	0
Tet3	91.818182	0	769	0	241	0	0	0	0	0	0	0	0
Rab11fip2	91.818182	0	671	0	230	0	109	0	0	0	0	0	0
Meiob	91.818182	0	775	0	235	0	0	0	0	0	0	0	0
Hnrnpa0	91.818182	0	798	0	212	0	0	0	0	0	0	0	0
Elk4	91.727273	0	664	0	185	0	160	0	0	0	0	0	0
Dse	91.727273	0	660	0	217	0	0	132	0	0	0	0	0
Dph1	91.727273	0	818	0	191	0	0	0	0	0	0	0	0
Armcx6	91.727273	0	680	0	329	0	0	0	0	0	0	0	0
Ankrd9	91.727273	0	665	0	143	0	201	0	0	0	0	0	0
Thop1	91.636364	0	320	0	0	0	485	203	0	0	0	0	0
Slc44a1	91.636364	0	846	0	0	0	0	84	0	0	0	78	0
Prag1	91.636364	0	687	0	195	0	0	126	0	0	0	0	0
Ndrg2	91.636364	0	862	0	146	0	0	0	0	0	0	0	0
Brwd1	91.636364	0	807	0	0	0	201	0	0	0	0	0	0
Apeh	91.636364	0	608	0	84	0	316	0	0	0	0	0	0
Stap1	91.545455	0	672	0	335	0	0	0	0	0	0	0	0
Rab11fip1	91.545455	0	898	0	0	0	109	0	0	0	0	0	0
Grsf1	91.545455	0	629	0	0	0	378	0	0	0	0	0	0
Crlf2	91.545455	0	724	0	161	0	0	122	0	0	0	0	0
Cnih1	91.545455	0	801	0	206	0	0	0	0	0	0	0	0
Surf2	91.454545	0	745	0	141	0	120	0	0	0	0	0	0
Surf1	91.454545	0	745	0	141	0	120	0	0	0	0	0	0
Pten	91.454545	0	644	0	172	0	190	0	0	0	0	0	0
Nrf1	91.454545	0	813	0	193	0	0	0	0	0	0	0	0
Grin2d	91.363636	0	745	0	0	0	152	108	0	0	0	0	0
Galnt1	91.363636	0	554	0	451	0	0	0	0	0	0	0	0
Arpc1b	91.363636	0	908	0	0	0	97	0	0	0	0	0	0
Zrsr2	91.181818	0	842	0	0	0	161	0	0	0	0	0	0
Tbc1d2b	91.181818	0	777	0	226	0	0	0	0	0	0	0	0
Socs7	91.181818	0	555	0	0	0	448	0	0	0	0	0	0
Slfn5	91.181818	0	773	0	230	0	0	0	0	0	0	0	0
Nono	91.181818	0	837	0	166	0	0	0	0	0	0	0	0
Arid3a	91.181818	0	673	0	159	0	171	0	0	0	0	0	0
Zfp703	91.090909	0	536	0	169	0	297	0	0	0	0	0	0
Trp53i13	91.090909	0	619	0	145	0	238	0	0	0	0	0	0
Pgls	91.090909	0	709	0	186	0	107	0	0	0	0	0	0
Foxj1	91.090909	0	802	0	0	0	135	65	0	0	0	0	0
Dhrs11	91.090909	0	498	0	163	0	341	0	0	0	0	0	0
Tmc6	91.000000	0	325	0	156	0	325	195	0	0	0	0	0
Tesmin	91.000000	0	610	0	0	0	391	0	0	0	0	0	0
Slc12a6	91.000000	0	696	0	217	0	88	0	0	0	0	0	0
Scrib	91.000000	0	617	0	0	0	273	111	0	0	0	0	0
Plec	91.000000	0	349	0	0	0	462	190	0	0	0	0	0
C2cd2	91.000000	0	768	0	0	0	233	0	0	0	0	0	0
Acp5	91.000000	0	804	0	197	0	0	0	0	0	0	0	0
Zfp771	90.909091	0	761	0	0	0	239	0	0	0	0	0	0
Zfp41	90.909091	0	837	0	0	0	163	0	0	0	0	0	0
Prickle1	90.909091	0	862	0	138	0	0	0	0	0	0	0	0
Nupr1l	90.909091	0	669	0	121	0	210	0	0	0	0	0	0
Iars2	90.909091	0	786	0	214	0	0	0	0	0	0	0	0
Abcb10	90.909091	0	646	0	0	0	217	137	0	0	0	0	0
Zmat3	90.818182	0	878	0	121	0	0	0	0	0	0	0	0
Trim14	90.818182	0	775	0	224	0	0	0	0	0	0	0	0
Serpinb9	90.818182	0	790	0	209	0	0	0	0	0	0	0	0
Pus7	90.818182	0	516	0	175	0	308	0	0	0	0	0	0
Trmt2b	90.727273	0	814	0	0	0	184	0	0	0	0	0	0
Megf8	90.727273	0	509	0	0	0	329	160	0	0	0	0	0
Dnmt3a	90.727273	0	645	0	219	0	0	134	0	0	0	0	0
Laptm4b	90.636364	0	777	0	96	0	0	124	0	0	0	0	0
Gapvd1	90.636364	0	799	0	198	0	0	0	0	0	0	0	0
Apbb1	90.636364	0	774	0	0	0	0	223	0	0	0	0	0
Wdr81	90.545455	0	659	0	0	0	236	101	0	0	0	0	0
Nfia	90.545455	0	524	0	395	0	0	77	0	0	0	0	0
Smad1	90.454545	0	733	0	0	0	145	117	0	0	0	0	0
Sh3d19	90.454545	0	0	0	0	0	747	248	0	0	0	0	0
Marchf8	90.454545	0	396	0	206	0	228	165	0	0	0	0	0
Hk2	90.454545	0	443	0	204	0	262	86	0	0	0	0	0
Rnf169	90.363636	0	688	0	142	0	164	0	0	0	0	0	0
Gm14322	90.363636	0	582	0	199	0	213	0	0	0	0	0	0
Apobec3	90.363636	0	815	0	179	0	0	0	0	0	0	0	0
Zswim8	90.272727	0	542	0	288	0	0	163	0	0	0	0	0
Tapbp	90.272727	0	789	0	204	0	0	0	0	0	0	0	0
St3gal4	90.272727	0	794	0	199	0	0	0	0	0	0	0	0
Ran	90.272727	0	735	0	0	0	258	0	0	0	0	0	0
Ppp6r2	90.272727	0	799	0	194	0	0	0	0	0	0	0	0
Ppm1d	90.272727	0	559	0	318	0	116	0	0	0	0	0	0
Letm2	90.272727	0	870	0	0	0	0	123	0	0	0	0	0
Fbxw4	90.272727	0	896	0	97	0	0	0	0	0	0	0	0
Stx1a	90.181818	0	892	0	0	0	100	0	0	0	0	0	0
Rps11	90.181818	0	533	0	0	0	459	0	0	0	0	0	0
Bik	90.181818	0	854	0	138	0	0	0	0	0	0	0	0
Zfp629	90.090909	0	764	0	114	0	113	0	0	0	0	0	0
Zbtb34	90.090909	0	859	0	132	0	0	0	0	0	0	0	0
Uck2	90.090909	0	724	0	267	0	0	0	0	0	0	0	0
Prkcq	90.090909	0	701	0	290	0	0	0	0	0	0	0	0
Gns	90.090909	0	685	0	193	0	113	0	0	0	0	0	0
Tnfrsf18	90.000000	0	694	0	296	0	0	0	0	0	0	0	0
Spin2c	90.000000	0	733	0	257	0	0	0	0	0	0	0	0
Plppr2	90.000000	0	178	0	0	0	701	111	0	0	0	0	0
Nop10	90.000000	0	636	0	149	0	0	205	0	0	0	0	0
Mocos	90.000000	0	771	0	219	0	0	0	0	0	0	0	0
Itgb7	90.000000	0	782	0	208	0	0	0	0	0	0	0	0
Foxo3	90.000000	0	458	0	220	0	312	0	0	0	0	0	0
Cd3e	90.000000	0	765	0	225	0	0	0	0	0	0	0	0
Atp6v0a1	90.000000	0	435	0	0	0	447	108	0	0	0	0	0
2210016F16Rik	90.000000	0	786	0	204	0	0	0	0	0	0	0	0
Tubb5	89.909091	0	671	0	134	0	184	0	0	0	0	0	0
Phf13	89.909091	0	712	0	0	0	277	0	0	0	0	0	0
Efhc1	89.909091	0	502	0	0	0	281	206	0	0	0	0	0
Wdtc1	89.818182	0	576	0	162	0	131	119	0	0	0	0	0
Ubtf	89.818182	0	507	0	195	0	156	130	0	0	0	0	0
Rreb1	89.818182	0	621	0	153	0	109	105	0	0	0	0	0
Rras2	89.818182	0	667	0	179	0	142	0	0	0	0	0	0
Pglyrp2	89.818182	0	662	0	326	0	0	0	0	0	0	0	0
Nrp1	89.818182	0	472	0	241	0	134	141	0	0	0	0	0
Mpp6	89.818182	0	842	0	146	0	0	0	0	0	0	0	0
Ktn1	89.818182	0	574	0	169	0	177	68	0	0	0	0	0
Rnf113a1	89.727273	0	816	0	171	0	0	0	0	0	0	0	0
Ppara	89.727273	0	235	0	0	0	577	175	0	0	0	0	0
Ndufa1	89.727273	0	816	0	171	0	0	0	0	0	0	0	0
Mob2	89.727273	0	761	0	226	0	0	0	0	0	0	0	0
Zfp428	89.636364	0	619	0	150	0	91	126	0	0	0	0	0
Taf4b	89.636364	0	631	0	222	0	133	0	0	0	0	0	0
Sox12	89.636364	0	567	0	0	0	419	0	0	0	0	0	0
Scml4	89.636364	0	732	0	254	0	0	0	0	0	0	0	0
Numbl	89.636364	0	833	0	0	0	153	0	0	0	0	0	0
Gemin5	89.636364	0	644	0	0	0	342	0	0	0	0	0	0
Ctdsp1	89.636364	0	701	0	67	0	218	0	0	0	0	0	0
Nr2c1	89.545455	0	810	0	175	0	0	0	0	0	0	0	0
Map1s	89.545455	0	766	0	0	0	219	0	0	0	0	0	0
Gm13276	89.545455	0	760	0	225	0	0	0	0	0	0	0	0
St3gal2	89.454545	0	498	0	162	0	169	155	0	0	0	0	0
Ddrgk1	89.454545	0	790	0	89	0	105	0	0	0	0	0	0
Dcun1d1	89.454545	0	717	0	267	0	0	0	0	0	0	0	0
Sun2	89.363636	0	559	0	194	0	230	0	0	0	0	0	0
Sccpdh	89.363636	0	722	0	0	0	261	0	0	0	0	0	0
Rnaseh2c	89.363636	0	890	0	93	0	0	0	0	0	0	0	0
Magt1	89.363636	0	764	0	219	0	0	0	0	0	0	0	0
E2f8	89.363636	0	364	0	109	0	394	116	0	0	0	0	0
Cd200r1	89.363636	0	710	0	273	0	0	0	0	0	0	0	0
Plaat3	89.272727	0	676	0	306	0	0	0	0	0	0	0	0
Nkiras2	89.272727	0	696	0	0	0	286	0	0	0	0	0	0
Stat6	89.181818	0	780	0	201	0	0	0	0	0	0	0	0
Spag4	89.181818	0	801	0	0	0	0	180	0	0	0	0	0
Fastk	89.181818	0	750	0	0	0	231	0	0	0	0	0	0
Creb5	89.181818	0	117	0	147	0	468	249	0	0	0	0	0
Casp9	89.181818	0	531	0	206	0	244	0	0	0	0	0	0
Tkfc	89.090909	0	725	0	149	0	0	106	0	0	0	0	0
Lax1	89.090909	0	729	0	251	0	0	0	0	0	0	0	0
Usf2	89.000000	0	979	0	0	0	0	0	0	0	0	0	0
Tfap4	89.000000	0	806	0	0	0	173	0	0	0	0	0	0
Slc14a1	89.000000	0	765	0	214	0	0	0	0	0	0	0	0
Scmh1	89.000000	0	866	0	113	0	0	0	0	0	0	0	0
Pde8a	89.000000	0	563	0	299	0	0	117	0	0	0	0	0
Llgl2	89.000000	0	880	0	99	0	0	0	0	0	0	0	0
Hyi	89.000000	0	693	0	142	0	0	144	0	0	0	0	0
Baz2a	89.000000	0	662	0	317	0	0	0	0	0	0	0	0
Abi2	89.000000	0	887	0	92	0	0	0	0	0	0	0	0
Slc25a13	88.909091	0	692	0	181	0	105	0	0	0	0	0	0
Rb1cc1	88.909091	0	732	0	246	0	0	0	0	0	0	0	0
Map1lc3a	88.909091	0	805	0	0	0	173	0	0	0	0	0	0
Kpna1	88.909091	0	717	0	0	0	108	153	0	0	0	0	0
Dusp2	88.909091	0	613	0	201	0	0	164	0	0	0	0	0
Cdk1	88.909091	0	848	0	0	0	130	0	0	0	0	0	0
Arhgef11	88.909091	0	627	0	155	0	78	118	0	0	0	0	0
Tdrkh	88.818182	0	521	0	134	0	178	144	0	0	0	0	0
Tcf7l2	88.818182	0	583	0	285	0	0	109	0	0	0	0	0
Inpp4b	88.818182	0	597	0	258	0	0	122	0	0	0	0	0
D5Ertd579e	88.818182	0	594	0	234	0	149	0	0	0	0	0	0
Cpeb2	88.818182	0	595	0	114	0	174	94	0	0	0	0	0
Arhgap45	88.818182	0	780	0	197	0	0	0	0	0	0	0	0
Acap1	88.818182	0	728	0	249	0	0	0	0	0	0	0	0
Zfp236	88.727273	0	607	0	369	0	0	0	0	0	0	0	0
Trappc6a	88.727273	0	807	0	169	0	0	0	0	0	0	0	0
Kif7	88.727273	0	891	0	0	0	0	85	0	0	0	0	0
Bloc1s3	88.727273	0	807	0	169	0	0	0	0	0	0	0	0
1700008O03Rik	88.727273	0	792	0	184	0	0	0	0	0	0	0	0
Surf4	88.636364	0	746	0	119	0	110	0	0	0	0	0	0
Ptbp1	88.636364	0	565	0	0	0	410	0	0	0	0	0	0
Prxl2a	88.636364	0	975	0	0	0	0	0	0	0	0	0	0
Mkln1	88.636364	0	774	0	201	0	0	0	0	0	0	0	0
Coro1c	88.636364	0	469	0	122	0	384	0	0	0	0	0	0
Chst14	88.636364	0	696	0	149	0	130	0	0	0	0	0	0
Cd274	88.636364	0	635	0	340	0	0	0	0	0	0	0	0
Reps1	88.545455	0	740	0	234	0	0	0	0	0	0	0	0
Nfyb	88.545455	0	507	0	0	0	467	0	0	0	0	0	0
Meig1	88.545455	0	732	0	147	0	0	95	0	0	0	0	0
Cmip	88.545455	0	680	0	211	0	83	0	0	0	0	0	0
Rnf144a	88.454545	0	791	0	182	0	0	0	0	0	0	0	0
Rasa3	88.454545	0	651	0	0	0	322	0	0	0	0	0	0
Otud5	88.454545	0	800	0	173	0	0	0	0	0	0	0	0
Myo5a	88.454545	0	741	0	232	0	0	0	0	0	0	0	0
Arf3	88.454545	0	811	0	0	0	0	162	0	0	0	0	0
Tmsb10	88.363636	0	709	0	0	0	140	123	0	0	0	0	0
Mcrip1	88.363636	0	714	0	0	0	123	135	0	0	0	0	0
H3f3a	88.363636	0	655	0	211	0	0	106	0	0	0	0	0
Arid1a	88.363636	0	411	0	152	0	165	244	0	0	0	0	0
Nrarp	88.272727	0	573	0	194	0	204	0	0	0	0	0	0
Ndufab1	88.272727	0	684	0	0	0	165	122	0	0	0	0	0
Glud1	88.272727	0	640	0	123	0	208	0	0	0	0	0	0
B3gnt2	88.272727	0	704	0	267	0	0	0	0	0	0	0	0
Tedc1	88.181818	0	441	0	0	0	387	142	0	0	0	0	0
Plekha3	88.181818	0	402	0	208	0	360	0	0	0	0	0	0
Ncald	88.181818	0	616	0	116	0	97	141	0	0	0	0	0
Csf1	88.181818	0	631	0	0	0	213	126	0	0	0	0	0
Bmp2k	88.181818	0	601	0	244	0	125	0	0	0	0	0	0
Rdh10	88.090909	0	834	0	135	0	0	0	0	0	0	0	0
Dennd4b	88.090909	0	628	0	229	0	0	112	0	0	0	0	0
Qser1	88.000000	0	693	0	188	0	0	87	0	0	0	0	0
Pank4	88.000000	0	632	0	0	0	229	107	0	0	0	0	0
Lynx1	88.000000	0	727	0	241	0	0	0	0	0	0	0	0
Itgav	88.000000	0	556	0	223	0	189	0	0	0	0	0	0
Gng2	88.000000	0	606	0	362	0	0	0	0	0	0	0	0
Ctcf	88.000000	0	669	0	0	0	299	0	0	0	0	0	0
St3gal1	87.909091	0	482	0	219	0	266	0	0	0	0	0	0
Dynlt3	87.909091	0	777	0	190	0	0	0	0	0	0	0	0
Cyfip1	87.909091	0	538	0	277	0	152	0	0	0	0	0	0
Tspan13	87.818182	0	872	0	94	0	0	0	0	0	0	0	0
Trp53i11	87.818182	0	728	0	109	0	129	0	0	0	0	0	0
Slc35e4	87.818182	0	519	0	173	0	136	138	0	0	0	0	0
Six5	87.818182	0	686	0	0	0	280	0	0	0	0	0	0
Mmp17	87.818182	0	717	0	0	0	152	97	0	0	0	0	0
Il1r2	87.818182	0	771	0	195	0	0	0	0	0	0	0	0
Hspg2	87.818182	0	218	0	0	0	650	98	0	0	0	0	0
Dctd	87.818182	0	720	0	246	0	0	0	0	0	0	0	0
Abca5	87.818182	0	595	0	159	0	212	0	0	0	0	0	0
Scaf1	87.727273	0	531	0	0	0	434	0	0	0	0	0	0
Parp4	87.727273	0	675	0	290	0	0	0	0	0	0	0	0
Lpin2	87.727273	0	704	0	174	0	87	0	0	0	0	0	0
Cltb	87.727273	0	814	0	151	0	0	0	0	0	0	0	0
Camsap1	87.727273	0	503	0	109	0	353	0	0	0	0	0	0
Shld2	87.636364	0	640	0	116	0	208	0	0	0	0	0	0
Setdb1	87.636364	0	761	0	203	0	0	0	0	0	0	0	0
Ltb	87.636364	0	598	0	366	0	0	0	0	0	0	0	0
Dda1	87.636364	0	710	0	0	0	254	0	0	0	0	0	0
Ak3	87.636364	0	770	0	194	0	0	0	0	0	0	0	0
Prkab1	87.545455	0	628	0	160	0	92	83	0	0	0	0	0
Plcg1	87.545455	0	413	0	0	0	378	172	0	0	0	0	0
Myh9	87.545455	0	515	0	0	0	448	0	0	0	0	0	0
Isyna1	87.545455	0	963	0	0	0	0	0	0	0	0	0	0
Galnt4	87.545455	0	729	0	234	0	0	0	0	0	0	0	0
Asap2	87.545455	0	746	0	97	0	120	0	0	0	0	0	0
Zfp820	87.454545	0	628	0	155	0	0	0	0	0	179	0	0
Tuba4a	87.454545	0	812	0	150	0	0	0	0	0	0	0	0
Pdlim1	87.454545	0	728	0	234	0	0	0	0	0	0	0	0
Osbpl1a	87.454545	0	392	0	259	0	227	84	0	0	0	0	0
Nhlrc1	87.454545	0	772	0	190	0	0	0	0	0	0	0	0
Mndal	87.454545	0	609	0	353	0	0	0	0	0	0	0	0
Gm7072	87.454545	0	690	0	272	0	0	0	0	0	0	0	0
Fdx1	87.454545	0	627	0	265	0	0	70	0	0	0	0	0
Cdkl3	87.454545	0	632	0	200	0	130	0	0	0	0	0	0
1700017B05Rik	87.454545	0	700	0	262	0	0	0	0	0	0	0	0
Wdr48	87.363636	0	648	0	127	0	186	0	0	0	0	0	0
Pcbp1	87.363636	0	619	0	219	0	123	0	0	0	0	0	0
Osbpl3	87.363636	0	657	0	96	0	208	0	0	0	0	0	0
Mindy1	87.363636	0	509	0	184	0	268	0	0	0	0	0	0
Ifngr2	87.363636	0	746	0	215	0	0	0	0	0	0	0	0
Iffo1	87.363636	0	961	0	0	0	0	0	0	0	0	0	0
Dnaaf2	87.363636	0	961	0	0	0	0	0	0	0	0	0	0
Arsg	87.363636	0	663	0	191	0	107	0	0	0	0	0	0
Ahdc1	87.363636	0	814	0	147	0	0	0	0	0	0	0	0
Rtca	87.272727	0	791	0	0	0	81	88	0	0	0	0	0
Pgs1	87.272727	0	838	0	0	0	122	0	0	0	0	0	0
Mark4	87.272727	0	809	0	151	0	0	0	0	0	0	0	0
Tspo	87.181818	0	762	0	197	0	0	0	0	0	0	0	0
Thap4	87.181818	0	687	0	90	0	182	0	0	0	0	0	0
Mafg	87.181818	0	319	0	0	0	472	168	0	0	0	0	0
Lca5l	87.181818	0	727	0	232	0	0	0	0	0	0	0	0
Icam1	87.181818	0	724	0	140	0	0	0	0	0	95	0	0
Gdf11	87.181818	0	802	0	157	0	0	0	0	0	0	0	0
Fut11	87.181818	0	758	0	0	0	201	0	0	0	0	0	0
Atg4b	87.181818	0	687	0	90	0	182	0	0	0	0	0	0
Urod	87.090909	0	539	0	0	0	419	0	0	0	0	0	0
Rpap3	87.090909	0	811	0	147	0	0	0	0	0	0	0	0
Hectd3	87.090909	0	539	0	0	0	419	0	0	0	0	0	0
H2ac21	87.090909	0	561	0	188	0	0	113	0	0	0	96	0
Fam222a	87.090909	0	652	0	0	0	306	0	0	0	0	0	0
Btc	87.090909	0	752	0	206	0	0	0	0	0	0	0	0
Syne3	87.000000	0	825	0	132	0	0	0	0	0	0	0	0
Septin6	87.000000	0	685	0	272	0	0	0	0	0	0	0	0
Pard6b	87.000000	0	601	0	123	0	233	0	0	0	0	0	0
Nop9	87.000000	0	729	0	228	0	0	0	0	0	0	0	0
Eea1	87.000000	0	240	0	113	0	604	0	0	0	0	0	0
Dhrs1	87.000000	0	729	0	228	0	0	0	0	0	0	0	0
Cyc1	87.000000	0	708	0	0	0	249	0	0	0	0	0	0
Atp13a2	87.000000	0	626	0	119	0	212	0	0	0	0	0	0
Rpl13a	86.909091	0	665	0	164	0	127	0	0	0	0	0	0
Med14	86.909091	0	433	0	231	0	292	0	0	0	0	0	0
Garre1	86.909091	0	751	0	135	0	0	70	0	0	0	0	0
Ccnjl	86.909091	0	717	0	125	0	0	114	0	0	0	0	0
Sos2	86.818182	0	709	0	246	0	0	0	0	0	0	0	0
Slfn2	86.818182	0	691	0	264	0	0	0	0	0	0	0	0
Sh3glb2	86.818182	0	837	0	118	0	0	0	0	0	0	0	0
Pbx3	86.818182	0	502	0	0	0	297	156	0	0	0	0	0
Il17ra	86.818182	0	802	0	153	0	0	0	0	0	0	0	0
Cntln	86.818182	0	755	0	200	0	0	0	0	0	0	0	0
Brd3os	86.818182	0	242	0	0	0	582	131	0	0	0	0	0
Zap70	86.727273	0	763	0	191	0	0	0	0	0	0	0	0
Tdg	86.727273	0	624	0	178	0	0	152	0	0	0	0	0
Slc50a1	86.727273	0	767	0	187	0	0	0	0	0	0	0	0
Pde3b	86.727273	0	506	0	335	0	113	0	0	0	0	0	0
Champ1	86.727273	0	783	0	171	0	0	0	0	0	0	0	0
Tmem230	86.636364	0	592	0	124	0	237	0	0	0	0	0	0
Tcn2	86.636364	0	680	0	132	0	141	0	0	0	0	0	0
Rtl6	86.636364	0	953	0	0	0	0	0	0	0	0	0	0
Pom121	86.636364	0	663	0	0	0	290	0	0	0	0	0	0
Nr1d1	86.636364	0	436	0	105	0	302	110	0	0	0	0	0
Isg20	86.636364	0	689	0	264	0	0	0	0	0	0	0	0
Ints6l	86.636364	0	668	0	285	0	0	0	0	0	0	0	0
Camsap2	86.636364	0	700	0	253	0	0	0	0	0	0	0	0
Zbtb8a	86.545455	0	714	0	238	0	0	0	0	0	0	0	0
Slc10a3	86.545455	0	811	0	141	0	0	0	0	0	0	0	0
Gm44504	86.545455	0	811	0	141	0	0	0	0	0	0	0	0
Srxn1	86.454545	0	0	0	0	0	0	951	0	0	0	0	0
Snx32	86.454545	0	681	0	156	0	114	0	0	0	0	0	0
Pml	86.454545	0	665	0	286	0	0	0	0	0	0	0	0
Nod1	86.454545	0	553	0	177	0	124	97	0	0	0	0	0
Gbp5	86.454545	0	674	0	277	0	0	0	0	0	0	0	0
Ahr	86.454545	0	716	0	235	0	0	0	0	0	0	0	0
Trak1	86.363636	0	465	0	0	0	240	245	0	0	0	0	0
Tagln2	86.363636	0	666	0	117	0	167	0	0	0	0	0	0
Srf	86.363636	0	590	0	100	0	260	0	0	0	0	0	0
Ptpn22	86.363636	0	632	0	318	0	0	0	0	0	0	0	0
Plcb2	86.363636	0	754	0	196	0	0	0	0	0	0	0	0
Hectd1	86.363636	0	726	0	128	0	96	0	0	0	0	0	0
Dhx58	86.363636	0	762	0	188	0	0	0	0	0	0	0	0
Ttc26	86.272727	0	634	0	0	0	0	315	0	0	0	0	0
Treml2	86.272727	0	781	0	168	0	0	0	0	0	0	0	0
Tmem268	86.272727	0	949	0	0	0	0	0	0	0	0	0	0
Lhfp	86.272727	0	507	0	117	0	153	172	0	0	0	0	0
Keap1	86.272727	0	724	0	150	0	0	75	0	0	0	0	0
Ubb	86.181818	0	560	0	202	0	0	186	0	0	0	0	0
Tln1	86.181818	0	767	0	0	0	181	0	0	0	0	0	0
Prrc2b	86.181818	0	758	0	190	0	0	0	0	0	0	0	0
Hey2	86.181818	0	370	0	254	0	324	0	0	0	0	0	0
Fosl2	86.181818	0	378	0	101	0	290	179	0	0	0	0	0
Creb3	86.181818	0	767	0	0	0	181	0	0	0	0	0	0
Tsen54	86.090909	0	947	0	0	0	0	0	0	0	0	0	0
Taf11	86.090909	0	611	0	213	0	0	123	0	0	0	0	0
Rbm41	86.090909	0	756	0	191	0	0	0	0	0	0	0	0
Pycr1	86.090909	0	392	0	181	0	249	125	0	0	0	0	0
Phf23	86.090909	0	434	0	176	0	211	126	0	0	0	0	0
Lipt1	86.090909	0	684	0	117	0	146	0	0	0	0	0	0
Txnrd3	86.000000	0	408	0	0	0	538	0	0	0	0	0	0
Tmed1	86.000000	0	292	0	0	0	417	237	0	0	0	0	0
Qpct	86.000000	0	708	0	134	0	0	104	0	0	0	0	0
Magee1	86.000000	0	662	0	284	0	0	0	0	0	0	0	0
Dgcr6	86.000000	0	620	0	135	0	191	0	0	0	0	0	0
Cd4	86.000000	0	476	0	470	0	0	0	0	0	0	0	0
Ssbp3	85.909091	0	444	0	137	0	196	168	0	0	0	0	0
Cdk5r1	85.909091	0	825	0	120	0	0	0	0	0	0	0	0
Acot6	85.909091	0	732	0	213	0	0	0	0	0	0	0	0
Thap3	85.818182	0	944	0	0	0	0	0	0	0	0	0	0
Lyrm9	85.818182	0	613	0	168	0	163	0	0	0	0	0	0
Klhl42	85.818182	0	770	0	174	0	0	0	0	0	0	0	0
Arglu1	85.818182	0	707	0	237	0	0	0	0	0	0	0	0
Tmem62	85.727273	0	726	0	217	0	0	0	0	0	0	0	0
Stk3	85.727273	0	599	0	0	0	344	0	0	0	0	0	0
Rftn1	85.727273	0	616	0	327	0	0	0	0	0	0	0	0
Rasl11b	85.727273	0	748	0	98	0	97	0	0	0	0	0	0
H2-Q9	85.727273	0	810	0	133	0	0	0	0	0	0	0	0
H2-Q7	85.727273	0	810	0	133	0	0	0	0	0	0	0	0
Gnaz	85.727273	0	361	0	0	0	453	129	0	0	0	0	0
Trpv2	85.636364	0	731	0	211	0	0	0	0	0	0	0	0
Frmd5	85.636364	0	715	0	227	0	0	0	0	0	0	0	0
Erbin	85.636364	0	566	0	376	0	0	0	0	0	0	0	0
Cbfb	85.636364	0	742	0	94	0	106	0	0	0	0	0	0
Tmem108	85.545455	0	335	0	0	0	140	466	0	0	0	0	0
Sp2	85.545455	0	763	0	178	0	0	0	0	0	0	0	0
Parp14	85.545455	0	679	0	262	0	0	0	0	0	0	0	0
H2-T9	85.545455	0	636	0	209	0	96	0	0	0	0	0	0
H2-T22	85.545455	0	636	0	209	0	96	0	0	0	0	0	0
Gm6034	85.545455	0	636	0	209	0	96	0	0	0	0	0	0
Fosl1	85.545455	0	789	0	0	0	0	152	0	0	0	0	0
Fkrp	85.545455	0	645	0	190	0	0	106	0	0	0	0	0
Sufu	85.454545	0	524	0	0	0	416	0	0	0	0	0	0
Rfk	85.454545	0	831	0	0	0	109	0	0	0	0	0	0
Klf2	85.454545	0	513	0	0	0	235	192	0	0	0	0	0
Fmo5	85.454545	0	688	0	252	0	0	0	0	0	0	0	0
Arfgef1	85.454545	0	683	0	158	0	99	0	0	0	0	0	0
Ttc28	85.363636	0	747	0	0	0	192	0	0	0	0	0	0
Slc35f2	85.363636	0	672	0	267	0	0	0	0	0	0	0	0
Slc11a2	85.363636	0	690	0	0	0	249	0	0	0	0	0	0
Rala	85.363636	0	623	0	316	0	0	0	0	0	0	0	0
Cd84	85.363636	0	638	0	301	0	0	0	0	0	0	0	0
Zfp605	85.272727	0	689	0	249	0	0	0	0	0	0	0	0
Tnk2	85.272727	0	356	0	232	0	350	0	0	0	0	0	0
Rtl8c	85.272727	0	764	0	174	0	0	0	0	0	0	0	0
Gpr135	85.272727	0	508	0	132	0	160	138	0	0	0	0	0
Cnppd1	85.272727	0	503	0	175	0	148	112	0	0	0	0	0
Cdc42ep4	85.272727	0	673	0	107	0	158	0	0	0	0	0	0
Actn1	85.272727	0	844	0	0	0	0	94	0	0	0	0	0
Tmem223	85.181818	0	770	0	167	0	0	0	0	0	0	0	0
Tent5d	85.181818	0	562	0	375	0	0	0	0	0	0	0	0
Rcbtb2	85.181818	0	706	0	135	0	0	96	0	0	0	0	0
Osm	85.181818	0	756	0	181	0	0	0	0	0	0	0	0
Gata3	85.181818	0	404	0	271	0	262	0	0	0	0	0	0
Galnt6	85.181818	0	737	0	200	0	0	0	0	0	0	0	0
2610002M06Rik	85.181818	0	562	0	375	0	0	0	0	0	0	0	0
Tk2	85.090909	0	801	0	135	0	0	0	0	0	0	0	0
Sox8	85.090909	0	342	0	152	0	311	131	0	0	0	0	0
Ptpa	85.090909	0	696	0	0	0	0	240	0	0	0	0	0
Pkn3	85.090909	0	844	0	0	0	92	0	0	0	0	0	0
Kmt5b	85.090909	0	598	0	156	0	101	81	0	0	0	0	0
Hsd11b1	85.090909	0	617	0	319	0	0	0	0	0	0	0	0
Fbxl21	85.090909	0	510	0	135	0	291	0	0	0	0	0	0
Crat	85.090909	0	696	0	0	0	0	240	0	0	0	0	0
Cobll1	85.090909	0	507	0	204	0	92	133	0	0	0	0	0
2510039O18Rik	85.090909	0	494	0	0	0	442	0	0	0	0	0	0
Tuba1c	85.000000	0	730	0	205	0	0	0	0	0	0	0	0
Tspan33	85.000000	0	546	0	280	0	109	0	0	0	0	0	0
Kdm2a	85.000000	0	579	0	248	0	108	0	0	0	0	0	0
H2-Ab1	85.000000	0	770	0	165	0	0	0	0	0	0	0	0
Txnrd2	84.909091	0	747	0	187	0	0	0	0	0	0	0	0
Sh2d2a	84.909091	0	721	0	213	0	0	0	0	0	0	0	0
Psmb8	84.909091	0	671	0	263	0	0	0	0	0	0	0	0
Fmr1	84.909091	0	530	0	193	0	211	0	0	0	0	0	0
Comt	84.909091	0	747	0	187	0	0	0	0	0	0	0	0
Cd96	84.909091	0	608	0	326	0	0	0	0	0	0	0	0
Cd55	84.909091	0	714	0	220	0	0	0	0	0	0	0	0
Foxj3	84.818182	0	684	0	139	0	110	0	0	0	0	0	0
Fasn	84.818182	0	591	0	141	0	201	0	0	0	0	0	0
Erf	84.818182	0	806	0	127	0	0	0	0	0	0	0	0
Rp2	84.727273	0	693	0	239	0	0	0	0	0	0	0	0
Ptpn11	84.727273	0	624	0	170	0	0	138	0	0	0	0	0
Nr3c1	84.727273	0	606	0	218	0	108	0	0	0	0	0	0
Fam241a	84.727273	0	790	0	142	0	0	0	0	0	0	0	0
Brd3	84.727273	0	862	0	0	0	70	0	0	0	0	0	0
B3gnt4	84.727273	0	385	0	0	0	441	106	0	0	0	0	0
Syce2	84.636364	0	749	0	182	0	0	0	0	0	0	0	0
Rnd1	84.636364	0	613	0	0	0	148	170	0	0	0	0	0
Abcg3	84.636364	0	634	0	297	0	0	0	0	0	0	0	0
Tlr2	84.545455	0	761	0	169	0	0	0	0	0	0	0	0
Prkd2	84.545455	0	550	0	217	0	0	163	0	0	0	0	0
Prep	84.545455	0	676	0	254	0	0	0	0	0	0	0	0
Ei24	84.545455	0	463	0	166	0	301	0	0	0	0	0	0
Spata2	84.454545	0	774	0	155	0	0	0	0	0	0	0	0
Rnf114	84.454545	0	774	0	155	0	0	0	0	0	0	0	0
Rab20	84.454545	0	621	0	308	0	0	0	0	0	0	0	0
Rab19	84.454545	0	690	0	239	0	0	0	0	0	0	0	0
Ctdsp2	84.454545	0	665	0	0	0	264	0	0	0	0	0	0
Cmas	84.454545	0	662	0	0	0	267	0	0	0	0	0	0
Acaa2	84.454545	0	570	0	208	0	0	151	0	0	0	0	0
Zc3h12d	84.363636	0	749	0	179	0	0	0	0	0	0	0	0
Zbtb22	84.363636	0	600	0	0	0	328	0	0	0	0	0	0
Ldlrad3	84.363636	0	362	0	132	0	324	110	0	0	0	0	0
Cand2	84.363636	0	928	0	0	0	0	0	0	0	0	0	0
Sppl3	84.272727	0	766	0	161	0	0	0	0	0	0	0	0
Patj	84.272727	0	744	0	183	0	0	0	0	0	0	0	0
Slc35g1	84.181818	0	450	0	226	0	250	0	0	0	0	0	0
Pura	84.181818	0	590	0	76	0	135	125	0	0	0	0	0
Dop1a	84.181818	0	638	0	129	0	159	0	0	0	0	0	0
Slc39a10	84.090909	0	572	0	260	0	0	0	0	0	0	93	0
Slc25a23	84.090909	0	832	0	0	0	93	0	0	0	0	0	0
Rhbdf2	84.090909	0	738	0	187	0	0	0	0	0	0	0	0
Phldb3	84.090909	0	722	0	203	0	0	0	0	0	0	0	0
H2-Q8	84.090909	0	767	0	158	0	0	0	0	0	0	0	0
H2-Q6	84.090909	0	767	0	158	0	0	0	0	0	0	0	0
Atp2a3	84.090909	0	763	0	162	0	0	0	0	0	0	0	0
Lasp1	84.000000	0	708	0	216	0	0	0	0	0	0	0	0
Csrnp1	84.000000	0	524	0	149	0	251	0	0	0	0	0	0
Ube2v1	83.909091	0	766	0	0	0	157	0	0	0	0	0	0
Plekhf1	83.909091	0	493	0	94	0	336	0	0	0	0	0	0
Pdxp	83.909091	0	465	0	176	0	282	0	0	0	0	0	0
H4c12	83.909091	0	409	0	172	0	0	94	0	0	0	248	0
Foxj2	83.909091	0	787	0	136	0	0	0	0	0	0	0	0
Ccne2	83.909091	0	713	0	210	0	0	0	0	0	0	0	0
Snx15	83.818182	0	582	0	0	0	189	151	0	0	0	0	0
Mrgpre	83.818182	0	508	0	0	0	286	128	0	0	0	0	0
Ipcef1	83.818182	0	599	0	323	0	0	0	0	0	0	0	0
Egln3	83.818182	0	534	0	230	0	158	0	0	0	0	0	0
Clk3	83.818182	0	713	0	0	0	209	0	0	0	0	0	0
Agpat3	83.818182	0	740	0	182	0	0	0	0	0	0	0	0
Zfp36l1	83.727273	0	318	0	202	0	100	211	0	0	0	90	0
Vangl2	83.727273	0	796	0	125	0	0	0	0	0	0	0	0
Tfdp1	83.727273	0	392	0	158	0	200	171	0	0	0	0	0
Gnas	83.727273	0	469	0	0	0	94	358	0	0	0	0	0
Dpy19l3	83.727273	0	754	0	0	0	167	0	0	0	0	0	0
Tmpo	83.636364	0	775	0	145	0	0	0	0	0	0	0	0
Rb1	83.636364	0	542	0	204	0	174	0	0	0	0	0	0
Pcsk1n	83.636364	0	0	0	0	0	708	212	0	0	0	0	0
Limd1	83.636364	0	751	0	169	0	0	0	0	0	0	0	0
Hnrnph2	83.636364	0	682	0	238	0	0	0	0	0	0	0	0
Gla	83.636364	0	682	0	238	0	0	0	0	0	0	0	0
Dexi	83.636364	0	458	0	125	0	337	0	0	0	0	0	0
Rpl36a	83.545455	0	673	0	149	0	97	0	0	0	0	0	0
Ppargc1b	83.545455	0	638	0	281	0	0	0	0	0	0	0	0
Itk	83.545455	0	610	0	309	0	0	0	0	0	0	0	0
Gnb1	83.545455	0	688	0	0	0	231	0	0	0	0	0	0
Elovl1	83.545455	0	627	0	83	0	209	0	0	0	0	0	0
Cdh24	83.545455	0	745	0	0	0	174	0	0	0	0	0	0
Zfp300	83.454545	0	521	0	397	0	0	0	0	0	0	0	0
Tnfrsf21	83.454545	0	680	0	0	0	238	0	0	0	0	0	0
Plekha7	83.454545	0	732	0	186	0	0	0	0	0	0	0	0
Rapgef1	83.363636	0	685	0	232	0	0	0	0	0	0	0	0
Gngt2	83.363636	0	700	0	217	0	0	0	0	0	0	0	0
Abi3	83.363636	0	700	0	217	0	0	0	0	0	0	0	0
Tspyl2	83.272727	0	581	0	0	0	176	159	0	0	0	0	0
Pde7a	83.272727	0	631	0	285	0	0	0	0	0	0	0	0
Igsf9	83.272727	0	351	0	104	0	339	122	0	0	0	0	0
Zdhhc1	83.181818	0	605	0	0	0	167	143	0	0	0	0	0
Tbc1d8	83.181818	0	633	0	0	0	282	0	0	0	0	0	0
Ranbp9	83.181818	0	677	0	238	0	0	0	0	0	0	0	0
Cyria	83.181818	0	707	0	208	0	0	0	0	0	0	0	0
Cgn	83.181818	0	440	0	147	0	328	0	0	0	0	0	0
Cers2	83.181818	0	749	0	166	0	0	0	0	0	0	0	0
B4galnt1	83.181818	0	678	0	237	0	0	0	0	0	0	0	0
Anxa9	83.181818	0	749	0	166	0	0	0	0	0	0	0	0
Zfp467	83.090909	0	577	0	128	0	209	0	0	0	0	0	0
Tsc22d2	83.090909	0	393	0	271	0	250	0	0	0	0	0	0
Rusc1	83.090909	0	704	0	210	0	0	0	0	0	0	0	0
Rsph9	83.090909	0	432	0	0	0	482	0	0	0	0	0	0
Twsg1	83.000000	0	554	0	167	0	192	0	0	0	0	0	0
Mymk	83.000000	0	0	0	0	0	672	241	0	0	0	0	0
Endod1	83.000000	0	537	0	0	0	206	170	0	0	0	0	0
Tmem158	82.909091	0	685	0	0	0	227	0	0	0	0	0	0
Srgap3	82.909091	0	546	0	0	0	121	245	0	0	0	0	0
Nanos1	82.909091	0	595	0	162	0	155	0	0	0	0	0	0
Etnk1	82.909091	0	502	0	173	0	103	134	0	0	0	0	0
Amfr	82.909091	0	716	0	196	0	0	0	0	0	0	0	0
Phf10	82.818182	0	694	0	217	0	0	0	0	0	0	0	0
Map4k5	82.818182	0	596	0	0	0	315	0	0	0	0	0	0
Atl1	82.818182	0	596	0	0	0	315	0	0	0	0	0	0
Arl4c	82.818182	0	489	0	83	0	339	0	0	0	0	0	0
Aqp11	82.818182	0	725	0	186	0	0	0	0	0	0	0	0
Vav3	82.636364	0	596	0	245	0	0	68	0	0	0	0	0
Nab2	82.636364	0	416	0	150	0	343	0	0	0	0	0	0
Maz	82.636364	0	453	0	0	0	267	189	0	0	0	0	0
Gramd1b	82.636364	0	597	0	208	0	104	0	0	0	0	0	0
Dusp16	82.636364	0	721	0	188	0	0	0	0	0	0	0	0
Cyp4v3	82.636364	0	684	0	225	0	0	0	0	0	0	0	0
Btbd6	82.636364	0	776	0	0	0	133	0	0	0	0	0	0
Ch25h	82.545455	0	618	0	290	0	0	0	0	0	0	0	0
Arhgef18	82.545455	0	618	0	290	0	0	0	0	0	0	0	0
Sfi1	82.454545	0	761	0	146	0	0	0	0	0	0	0	0
Clic1	82.454545	0	783	0	124	0	0	0	0	0	0	0	0
Rassf8	82.363636	0	548	0	77	0	281	0	0	0	0	0	0
Lrp6	82.363636	0	698	0	208	0	0	0	0	0	0	0	0
Dok2	82.363636	0	677	0	229	0	0	0	0	0	0	0	0
Ankef1	82.363636	0	0	0	0	0	548	358	0	0	0	0	0
Zfp316	82.272727	0	587	0	0	0	221	97	0	0	0	0	0
Zcchc24	82.272727	0	636	0	0	0	269	0	0	0	0	0	0
Tha1	82.272727	0	555	0	184	0	0	166	0	0	0	0	0
Macrod1	82.272727	0	653	0	104	0	148	0	0	0	0	0	0
Lmo7	82.272727	0	664	0	154	0	87	0	0	0	0	0	0
Gpr65	82.272727	0	642	0	263	0	0	0	0	0	0	0	0
Frg2f1	82.272727	0	656	0	139	0	110	0	0	0	0	0	0
Cercam	82.272727	0	714	0	109	0	82	0	0	0	0	0	0
Pja1	82.181818	0	781	0	123	0	0	0	0	0	0	0	0
Ift81	82.181818	0	731	0	0	0	0	173	0	0	0	0	0
Xiap	82.090909	0	759	0	144	0	0	0	0	0	0	0	0
Gabarap	82.090909	0	433	0	274	0	105	91	0	0	0	0	0
Pik3ip1	82.000000	0	717	0	185	0	0	0	0	0	0	0	0
Iah1	82.000000	0	902	0	0	0	0	0	0	0	0	0	0
Etv1	82.000000	0	603	0	299	0	0	0	0	0	0	0	0
Efnb1	82.000000	0	462	0	185	0	255	0	0	0	0	0	0
Cdk16	82.000000	0	491	0	246	0	0	165	0	0	0	0	0
Akna	82.000000	0	495	0	145	0	131	131	0	0	0	0	0
Txk	81.909091	0	614	0	287	0	0	0	0	0	0	0	0
Slc38a2	81.909091	0	723	0	178	0	0	0	0	0	0	0	0
Chd2	81.909091	0	545	0	356	0	0	0	0	0	0	0	0
Ccdc63	81.909091	0	722	0	179	0	0	0	0	0	0	0	0
Tnfrsf1a	81.818182	0	682	0	218	0	0	0	0	0	0	0	0
Tnfrsf10b	81.818182	0	649	0	251	0	0	0	0	0	0	0	0
Tle5	81.818182	0	775	0	125	0	0	0	0	0	0	0	0
Snu13	81.818182	0	720	0	180	0	0	0	0	0	0	0	0
Pam	81.818182	0	552	0	143	0	205	0	0	0	0	0	0
Lpin3	81.818182	0	757	0	143	0	0	0	0	0	0	0	0
H4c4	81.818182	0	322	0	0	0	248	170	0	0	0	160	0
Foxn2	81.818182	0	594	0	0	0	151	155	0	0	0	0	0
Tgif2	81.727273	0	423	0	0	0	476	0	0	0	0	0	0
Slfn1	81.727273	0	581	0	318	0	0	0	0	0	0	0	0
Klhl5	81.727273	0	533	0	0	0	221	145	0	0	0	0	0
Fndc11	81.727273	0	495	0	175	0	95	134	0	0	0	0	0
Cmtm3	81.727273	0	778	0	121	0	0	0	0	0	0	0	0
Clba1	81.727273	0	500	0	0	0	241	158	0	0	0	0	0
Adap2	81.727273	0	681	0	0	0	218	0	0	0	0	0	0
Slmap	81.636364	0	589	0	197	0	0	112	0	0	0	0	0
Slc27a4	81.636364	0	626	0	0	0	183	89	0	0	0	0	0
Ifi206	81.636364	0	652	0	246	0	0	0	0	0	0	0	0
Hipk3	81.636364	0	763	0	0	0	135	0	0	0	0	0	0
G6pdx	81.636364	0	678	0	220	0	0	0	0	0	0	0	0
Zfp326	81.545455	0	598	0	299	0	0	0	0	0	0	0	0
Nr4a2	81.545455	0	460	0	241	0	196	0	0	0	0	0	0
Lmntd2	81.545455	0	897	0	0	0	0	0	0	0	0	0	0
Itih5	81.545455	0	738	0	159	0	0	0	0	0	0	0	0
Brpf3	81.545455	0	641	0	94	0	162	0	0	0	0	0	0
Tent5a	81.454545	0	341	0	234	0	0	321	0	0	0	0	0
Gtf2h4	81.454545	0	768	0	128	0	0	0	0	0	0	0	0
Ada	81.454545	0	896	0	0	0	0	0	0	0	0	0	0
Pfkp	81.363636	0	698	0	197	0	0	0	0	0	0	0	0
Nt5m	81.363636	0	707	0	188	0	0	0	0	0	0	0	0
Mfsd10	81.363636	0	815	0	80	0	0	0	0	0	0	0	0
Dnah8	81.363636	0	642	0	253	0	0	0	0	0	0	0	0
Bri3	81.363636	0	510	0	128	0	257	0	0	0	0	0	0
Zdhhc18	81.272727	0	666	0	228	0	0	0	0	0	0	0	0
Tprn	81.272727	0	663	0	0	0	231	0	0	0	0	0	0
Ticam2	81.272727	0	730	0	164	0	0	0	0	0	0	0	0
Radil	81.272727	0	0	0	0	0	894	0	0	0	0	0	0
Dnaaf4	81.272727	0	769	0	125	0	0	0	0	0	0	0	0
Cd81	81.272727	0	729	0	0	0	165	0	0	0	0	0	0
Arl8a	81.272727	0	894	0	0	0	0	0	0	0	0	0	0
Nup43	81.181818	0	695	0	0	0	198	0	0	0	0	0	0
N4bp3	81.181818	0	806	0	0	0	87	0	0	0	0	0	0
Gbp8	81.181818	0	557	0	336	0	0	0	0	0	0	0	0
Abca2	81.181818	0	585	0	108	0	200	0	0	0	0	0	0
Zfp202	81.090909	0	581	0	311	0	0	0	0	0	0	0	0
Tm7sf2	81.090909	0	573	0	0	0	319	0	0	0	0	0	0
P2ry14	81.090909	0	656	0	236	0	0	0	0	0	0	0	0
Il1rl2	81.090909	0	649	0	243	0	0	0	0	0	0	0	0
H2-T24	81.090909	0	706	0	186	0	0	0	0	0	0	0	0
Dennd11	81.090909	0	725	0	167	0	0	0	0	0	0	0	0
Spint2	81.000000	0	891	0	0	0	0	0	0	0	0	0	0
Slc22a21	80.909091	0	343	0	112	0	435	0	0	0	0	0	0
Raph1	80.909091	0	471	0	224	0	195	0	0	0	0	0	0
Ppm1h	80.909091	0	645	0	245	0	0	0	0	0	0	0	0
Ifit1bl2	80.909091	0	508	0	283	0	0	0	0	0	99	0	0
Ifit1	80.909091	0	508	0	283	0	0	0	0	0	99	0	0
Slc22a15	80.818182	0	593	0	181	0	0	115	0	0	0	0	0
Rassf5	80.818182	0	724	0	165	0	0	0	0	0	0	0	0
Ppp1r13l	80.727273	0	768	0	0	0	0	120	0	0	0	0	0
Pkd1l3	80.727273	0	773	0	115	0	0	0	0	0	0	0	0
Eif5	80.727273	0	555	0	0	0	182	151	0	0	0	0	0
Dpf1	80.727273	0	227	0	0	0	661	0	0	0	0	0	0
Ccdc166	80.727273	0	888	0	0	0	0	0	0	0	0	0	0
Armcx2	80.727273	0	748	0	140	0	0	0	0	0	0	0	0
Agfg1	80.727273	0	888	0	0	0	0	0	0	0	0	0	0
Sox4	80.636364	0	421	0	169	0	197	100	0	0	0	0	0
Map3k5	80.636364	0	705	0	182	0	0	0	0	0	0	0	0
Cdyl	80.636364	0	568	0	196	0	123	0	0	0	0	0	0
Ccdc88a	80.636364	0	477	0	136	0	169	105	0	0	0	0	0
Cadm4	80.636364	0	548	0	0	0	339	0	0	0	0	0	0
Bhlhb9	80.636364	0	686	0	201	0	0	0	0	0	0	0	0
Ankrd44	80.636364	0	717	0	170	0	0	0	0	0	0	0	0
Abhd13	80.636364	0	552	0	195	0	140	0	0	0	0	0	0
Ube2q2	80.545455	0	582	0	304	0	0	0	0	0	0	0	0
Rabl2	80.545455	0	618	0	268	0	0	0	0	0	0	0	0
Grasp	80.545455	0	461	0	0	0	425	0	0	0	0	0	0
Gm8909	80.545455	0	715	0	171	0	0	0	0	0	0	0	0
Smpd5	80.454545	0	721	0	164	0	0	0	0	0	0	0	0
Rest	80.454545	0	785	0	0	0	100	0	0	0	0	0	0
Ltbp1	80.454545	0	167	0	98	0	259	361	0	0	0	0	0
H2bu2	80.454545	0	761	0	124	0	0	0	0	0	0	0	0
Gpr132	80.454545	0	706	0	179	0	0	0	0	0	0	0	0
Tns1	80.363636	0	701	0	183	0	0	0	0	0	0	0	0
Rufy4	80.363636	0	701	0	183	0	0	0	0	0	0	0	0
Macir	80.363636	0	444	0	260	0	180	0	0	0	0	0	0
Klf10	80.363636	0	555	0	85	0	244	0	0	0	0	0	0
Flot2	80.363636	0	884	0	0	0	0	0	0	0	0	0	0
Xkrx	80.272727	0	574	0	309	0	0	0	0	0	0	0	0
Tab2	80.272727	0	608	0	275	0	0	0	0	0	0	0	0
Slc12a2	80.272727	0	633	0	0	0	155	95	0	0	0	0	0
Rps6ka4	80.272727	0	753	0	0	0	130	0	0	0	0	0	0
Retreg2	80.181818	0	503	0	119	0	148	112	0	0	0	0	0
Ptger2	80.181818	0	750	0	132	0	0	0	0	0	0	0	0
Pmaip1	80.181818	0	579	0	142	0	161	0	0	0	0	0	0
Msn	80.181818	0	611	0	151	0	0	120	0	0	0	0	0
Dnajb2	80.181818	0	767	0	115	0	0	0	0	0	0	0	0
Rab11fip3	80.090909	0	715	0	0	0	166	0	0	0	0	0	0
Pld1	80.090909	0	406	0	0	0	295	180	0	0	0	0	0
Cyfip2	80.090909	0	667	0	214	0	0	0	0	0	0	0	0
Syngr1	80.000000	0	787	0	0	0	0	93	0	0	0	0	0
Prmt3	80.000000	0	724	0	0	0	156	0	0	0	0	0	0
Il10rb	80.000000	0	691	0	189	0	0	0	0	0	0	0	0
Filip1l	80.000000	0	743	0	137	0	0	0	0	0	0	0	0
Kif3c	79.909091	0	682	0	96	0	0	101	0	0	0	0	0
Eif3g	79.909091	0	696	0	183	0	0	0	0	0	0	0	0
Dnmbp	79.909091	0	511	0	245	0	0	123	0	0	0	0	0
B3gnt5	79.909091	0	532	0	347	0	0	0	0	0	0	0	0
Tbx1	79.818182	0	710	0	168	0	0	0	0	0	0	0	0
Mta3	79.818182	0	614	0	264	0	0	0	0	0	0	0	0
Bhlhe40	79.818182	0	417	0	185	0	131	145	0	0	0	0	0
Usp25	79.727273	0	539	0	210	0	128	0	0	0	0	0	0
Pced1b	79.727273	0	562	0	315	0	0	0	0	0	0	0	0
Memo1	79.727273	0	559	0	199	0	119	0	0	0	0	0	0
Lrch1	79.727273	0	781	0	0	0	96	0	0	0	0	0	0
Il27ra	79.727273	0	717	0	160	0	0	0	0	0	0	0	0
Diaph2	79.727273	0	686	0	191	0	0	0	0	0	0	0	0
Amigo2	79.727273	0	562	0	315	0	0	0	0	0	0	0	0
A930018P22Rik	79.727273	0	380	0	102	0	395	0	0	0	0	0	0
Ube2h	79.636364	0	507	0	199	0	170	0	0	0	0	0	0
Srgn	79.636364	0	629	0	247	0	0	0	0	0	0	0	0
Slc16a13	79.636364	0	743	0	133	0	0	0	0	0	0	0	0
Runx3	79.636364	0	635	0	241	0	0	0	0	0	0	0	0
Rif1	79.636364	0	631	0	245	0	0	0	0	0	0	0	0
Gcat	79.636364	0	239	0	180	0	457	0	0	0	0	0	0
Etv5	79.636364	0	534	0	0	0	252	90	0	0	0	0	0
Ddx3x	79.636364	0	581	0	130	0	0	165	0	0	0	0	0
Ctsz	79.636364	0	876	0	0	0	0	0	0	0	0	0	0
Cnot6l	79.636364	0	644	0	232	0	0	0	0	0	0	0	0
Tgfb1	79.545455	0	655	0	220	0	0	0	0	0	0	0	0
Ing5	79.454545	0	443	0	0	0	431	0	0	0	0	0	0
Zeb1	79.363636	0	665	0	208	0	0	0	0	0	0	0	0
Sv2a	79.363636	0	873	0	0	0	0	0	0	0	0	0	0
Stau2	79.363636	0	573	0	153	0	0	147	0	0	0	0	0
Fam220a	79.363636	0	589	0	0	0	284	0	0	0	0	0	0
Fam131b	79.363636	0	581	0	292	0	0	0	0	0	0	0	0
Clec2i	79.363636	0	634	0	239	0	0	0	0	0	0	0	0
Calm2	79.363636	0	761	0	112	0	0	0	0	0	0	0	0
Atxn2	79.363636	0	873	0	0	0	0	0	0	0	0	0	0
Ppfia3	79.272727	0	491	0	0	0	249	132	0	0	0	0	0
Pds5a	79.272727	0	580	0	138	0	154	0	0	0	0	0	0
Mcat	79.272727	0	726	0	146	0	0	0	0	0	0	0	0
Gm13286	79.272727	0	591	0	281	0	0	0	0	0	0	0	0
Fut8	79.272727	0	711	0	0	0	161	0	0	0	0	0	0
Tas1r1	79.181818	0	740	0	0	0	131	0	0	0	0	0	0
Nenf	79.181818	0	537	0	0	0	200	134	0	0	0	0	0
Hbegf	79.181818	0	580	0	0	0	129	162	0	0	0	0	0
Cibar1	79.181818	0	641	0	230	0	0	0	0	0	0	0	0
Asns	79.181818	0	585	0	155	0	0	131	0	0	0	0	0
Sh3d21	79.090909	0	870	0	0	0	0	0	0	0	0	0	0
Fibp	79.090909	0	720	0	150	0	0	0	0	0	0	0	0
Zfp948	79.000000	0	258	0	162	0	297	152	0	0	0	0	0
St8sia4	79.000000	0	577	0	292	0	0	0	0	0	0	0	0
Midn	79.000000	0	448	0	0	0	421	0	0	0	0	0	0
Maoa	79.000000	0	566	0	112	0	191	0	0	0	0	0	0
Fzd9	79.000000	0	148	0	0	0	721	0	0	0	0	0	0
Zc3h7b	78.909091	0	868	0	0	0	0	0	0	0	0	0	0
Slc2a13	78.909091	0	0	0	0	0	868	0	0	0	0	0	0
Slamf6	78.909091	0	609	0	259	0	0	0	0	0	0	0	0
Rilpl1	78.909091	0	711	0	0	0	157	0	0	0	0	0	0
Maged2	78.909091	0	705	0	163	0	0	0	0	0	0	0	0
Man1a2	78.818182	0	618	0	249	0	0	0	0	0	0	0	0
Hopx	78.818182	0	393	0	205	0	72	197	0	0	0	0	0
Hmgb1	78.818182	0	559	0	217	0	0	91	0	0	0	0	0
Chst11	78.818182	0	517	0	166	0	184	0	0	0	0	0	0
Ankrd35	78.818182	0	495	0	0	0	372	0	0	0	0	0	0
Gramd4	78.727273	0	661	0	205	0	0	0	0	0	0	0	0
Eif4e3	78.727273	0	677	0	189	0	0	0	0	0	0	0	0
Atp8b4	78.727273	0	672	0	194	0	0	0	0	0	0	0	0
Ppm1e	78.636364	0	448	0	292	0	0	125	0	0	0	0	0
Pofut1	78.636364	0	680	0	185	0	0	0	0	0	0	0	0
Plagl2	78.636364	0	680	0	185	0	0	0	0	0	0	0	0
Nedd4l	78.636364	0	599	0	142	0	124	0	0	0	0	0	0
Il2rg	78.636364	0	619	0	246	0	0	0	0	0	0	0	0
Tex26	78.545455	0	577	0	0	0	125	162	0	0	0	0	0
Taz	78.545455	0	669	0	195	0	0	0	0	0	0	0	0
Dnase1l1	78.545455	0	669	0	195	0	0	0	0	0	0	0	0
Ctps2	78.545455	0	737	0	127	0	0	0	0	0	0	0	0
Bbs7	78.545455	0	444	0	0	0	271	149	0	0	0	0	0
Atrx	78.545455	0	712	0	152	0	0	0	0	0	0	0	0
Zfp710	78.454545	0	601	0	0	0	156	106	0	0	0	0	0
Wbp1	78.454545	0	604	0	0	0	165	94	0	0	0	0	0
Ttll7	78.454545	0	0	0	0	0	0	863	0	0	0	0	0
Ltc4s	78.454545	0	863	0	0	0	0	0	0	0	0	0	0
Gsr	78.454545	0	688	0	175	0	0	0	0	0	0	0	0
Gsk3a	78.454545	0	484	0	141	0	238	0	0	0	0	0	0
Gsap	78.454545	0	684	0	179	0	0	0	0	0	0	0	0
Gm9949	78.454545	0	543	0	186	0	134	0	0	0	0	0	0
Gemin7	78.454545	0	637	0	140	0	86	0	0	0	0	0	0
Adrb2	78.454545	0	543	0	186	0	134	0	0	0	0	0	0
Plcb4	78.363636	0	677	0	185	0	0	0	0	0	0	0	0
Vwa3b	78.181818	0	627	0	233	0	0	0	0	0	0	0	0
Sptb	78.181818	0	677	0	183	0	0	0	0	0	0	0	0
Smox	78.181818	0	612	0	0	0	248	0	0	0	0	0	0
Phactr2	78.181818	0	547	0	176	0	137	0	0	0	0	0	0
Pde5a	78.181818	0	551	0	309	0	0	0	0	0	0	0	0
Klf3	78.181818	0	577	0	283	0	0	0	0	0	0	0	0
Kat2b	78.181818	0	694	0	166	0	0	0	0	0	0	0	0
Fbxo17	78.181818	0	674	0	186	0	0	0	0	0	0	0	0
Dpp7	78.181818	0	604	0	0	0	256	0	0	0	0	0	0
Vasp	78.090909	0	540	0	157	0	0	162	0	0	0	0	0
Laptm5	78.090909	0	696	0	163	0	0	0	0	0	0	0	0
Ccdc17	78.090909	0	777	0	82	0	0	0	0	0	0	0	0
Tert	78.000000	0	740	0	118	0	0	0	0	0	0	0	0
Sult2b1	78.000000	0	646	0	212	0	0	0	0	0	0	0	0
Ptms	78.000000	0	551	0	156	0	151	0	0	0	0	0	0
Prkar2b	78.000000	0	603	0	161	0	0	94	0	0	0	0	0
Mgarp	78.000000	0	690	0	168	0	0	0	0	0	0	0	0
Mcl1	78.000000	0	460	0	161	0	237	0	0	0	0	0	0
Hook2	78.000000	0	402	0	0	0	363	93	0	0	0	0	0
Shb	77.909091	0	464	0	0	0	310	83	0	0	0	0	0
Plekhh3	77.909091	0	560	0	0	0	189	108	0	0	0	0	0
Cdc42ep3	77.909091	0	529	0	233	0	0	95	0	0	0	0	0
B3gnt9	77.909091	0	637	0	0	0	131	89	0	0	0	0	0
Zswim6	77.818182	0	535	0	0	0	321	0	0	0	0	0	0
Stkld1	77.818182	0	746	0	0	0	110	0	0	0	0	0	0
Phf12	77.818182	0	495	0	92	0	269	0	0	0	0	0	0
Lfng	77.818182	0	469	0	151	0	236	0	0	0	0	0	0
Ino80b	77.818182	0	628	0	0	0	124	104	0	0	0	0	0
Galnt12	77.818182	0	592	0	264	0	0	0	0	0	0	0	0
Emc9	77.818182	0	710	0	146	0	0	0	0	0	0	0	0
Alg9	77.818182	0	607	0	249	0	0	0	0	0	0	0	0
Tradd	77.727273	0	741	0	114	0	0	0	0	0	0	0	0
St3gal5	77.727273	0	669	0	186	0	0	0	0	0	0	0	0
Ptk2	77.727273	0	685	0	170	0	0	0	0	0	0	0	0
Mef2d	77.727273	0	442	0	138	0	275	0	0	0	0	0	0
Lat	77.727273	0	661	0	194	0	0	0	0	0	0	0	0
Igsf8	77.727273	0	688	0	167	0	0	0	0	0	0	0	0
Fbxl8	77.727273	0	741	0	114	0	0	0	0	0	0	0	0
Cln6	77.727273	0	525	0	173	0	157	0	0	0	0	0	0
Trerf1	77.636364	0	556	0	0	0	190	108	0	0	0	0	0
Slc16a6	77.636364	0	663	0	191	0	0	0	0	0	0	0	0
Shfl	77.636364	0	731	0	123	0	0	0	0	0	0	0	0
Pkia	77.636364	0	0	0	0	0	0	854	0	0	0	0	0
Kif5c	77.636364	0	577	0	155	0	122	0	0	0	0	0	0
Gm13272	77.636364	0	571	0	188	0	95	0	0	0	0	0	0
Trappc2	77.545455	0	655	0	198	0	0	0	0	0	0	0	0
Slc5a3	77.545455	0	853	0	0	0	0	0	0	0	0	0	0
Ofd1	77.545455	0	655	0	198	0	0	0	0	0	0	0	0
Mrps6	77.545455	0	853	0	0	0	0	0	0	0	0	0	0
Epn2	77.545455	0	478	0	0	0	375	0	0	0	0	0	0
Camk1d	77.545455	0	609	0	155	0	0	89	0	0	0	0	0
Adgre5	77.545455	0	685	0	168	0	0	0	0	0	0	0	0
Acer2	77.545455	0	695	0	0	0	158	0	0	0	0	0	0
Trim30a	77.454545	0	565	0	287	0	0	0	0	0	0	0	0
Slc35b2	77.454545	0	570	0	0	0	282	0	0	0	0	0	0
Ring1	77.454545	0	701	0	0	0	151	0	0	0	0	0	0
Rimbp3	77.454545	0	525	0	0	0	133	194	0	0	0	0	0
Plscr1	77.454545	0	420	0	340	0	0	92	0	0	0	0	0
Nek3	77.454545	0	516	0	336	0	0	0	0	0	0	0	0
Gbp11	77.454545	0	606	0	246	0	0	0	0	0	0	0	0
Cd69	77.454545	0	520	0	239	0	0	0	0	0	0	93	0
Ammecr1	77.454545	0	641	0	211	0	0	0	0	0	0	0	0
Tsen34	77.363636	0	495	0	167	0	189	0	0	0	0	0	0
Sqor	77.363636	0	676	0	175	0	0	0	0	0	0	0	0
Oxct1	77.363636	0	616	0	118	0	117	0	0	0	0	0	0
Pim2	77.272727	0	650	0	84	0	116	0	0	0	0	0	0
Itpka	77.272727	0	674	0	0	0	176	0	0	0	0	0	0
Car9	77.272727	0	850	0	0	0	0	0	0	0	0	0	0
Bag2	77.272727	0	636	0	133	0	0	81	0	0	0	0	0
Sp3	77.181818	0	603	0	246	0	0	0	0	0	0	0	0
Jak2	77.181818	0	547	0	181	0	121	0	0	0	0	0	0
Cdc42ep2	77.181818	0	520	0	180	0	149	0	0	0	0	0	0
Armcx3	77.181818	0	698	0	151	0	0	0	0	0	0	0	0
Apbb1ip	77.181818	0	521	0	328	0	0	0	0	0	0	0	0
Ssx2ip	77.090909	0	625	0	72	0	151	0	0	0	0	0	0
Slc37a1	77.090909	0	759	0	89	0	0	0	0	0	0	0	0
Gpi1	77.090909	0	583	0	265	0	0	0	0	0	0	0	0
Tdrd7	77.000000	0	446	0	150	0	251	0	0	0	0	0	0
Riox1	77.000000	0	664	0	0	0	183	0	0	0	0	0	0
Rab4a	77.000000	0	583	0	172	0	0	92	0	0	0	0	0
Med12	77.000000	0	661	0	186	0	0	0	0	0	0	0	0
Fgr	77.000000	0	0	0	0	0	377	470	0	0	0	0	0
Larp1	76.909091	0	525	0	0	0	321	0	0	0	0	0	0
Decr1	76.909091	0	599	0	150	0	97	0	0	0	0	0	0
Wdr26	76.818182	0	593	0	252	0	0	0	0	0	0	0	0
Thnsl2	76.818182	0	739	0	106	0	0	0	0	0	0	0	0
Snx10	76.818182	0	578	0	267	0	0	0	0	0	0	0	0
Slc15a4	76.818182	0	570	0	178	0	97	0	0	0	0	0	0
Niban2	76.818182	0	399	0	0	0	200	246	0	0	0	0	0
Appl2	76.818182	0	482	0	229	0	134	0	0	0	0	0	0
Xpo1	76.727273	0	578	0	135	0	0	131	0	0	0	0	0
Wrap73	76.727273	0	660	0	0	0	184	0	0	0	0	0	0
Kat6a	76.727273	0	654	0	190	0	0	0	0	0	0	0	0
Cd2	76.727273	0	602	0	242	0	0	0	0	0	0	0	0
Adcy3	76.727273	0	655	0	189	0	0	0	0	0	0	0	0
Zfp3	76.636364	0	652	0	0	0	112	79	0	0	0	0	0
Wsb2	76.636364	0	694	0	149	0	0	0	0	0	0	0	0
Rnf220	76.636364	0	676	0	167	0	0	0	0	0	0	0	0
Gucy1b1	76.636364	0	262	0	203	0	289	89	0	0	0	0	0
Fancm	76.636364	0	575	0	142	0	126	0	0	0	0	0	0
Cul1	76.636364	0	615	0	228	0	0	0	0	0	0	0	0
Slc25a24	76.545455	0	591	0	142	0	0	109	0	0	0	0	0
Proca1	76.545455	0	568	0	0	0	0	0	0	0	0	274	0
Arhgdib	76.545455	0	606	0	236	0	0	0	0	0	0	0	0
Rps6kl1	76.454545	0	665	0	176	0	0	0	0	0	0	0	0
Pck2	76.454545	0	543	0	0	0	142	156	0	0	0	0	0
Nde1	76.454545	0	686	0	155	0	0	0	0	0	0	0	0
Gimap8	76.454545	0	650	0	191	0	0	0	0	0	0	0	0
Efna4	76.454545	0	841	0	0	0	0	0	0	0	0	0	0
Ascl4	76.454545	0	633	0	113	0	0	95	0	0	0	0	0
Sema4d	76.363636	0	840	0	0	0	0	0	0	0	0	0	0
Myzap	76.363636	0	581	0	0	0	259	0	0	0	0	0	0
Trim13	76.272727	0	689	0	150	0	0	0	0	0	0	0	0
Nck2	76.272727	0	592	0	247	0	0	0	0	0	0	0	0
Ctse	76.272727	0	582	0	257	0	0	0	0	0	0	0	0
Sntb1	76.181818	0	653	0	185	0	0	0	0	0	0	0	0
Ptpdc1	76.181818	0	560	0	184	0	94	0	0	0	0	0	0
Nedd4	76.181818	0	690	0	148	0	0	0	0	0	0	0	0
Macroh2a1	76.181818	0	733	0	105	0	0	0	0	0	0	0	0
E030030I06Rik	76.181818	0	669	0	169	0	0	0	0	0	0	0	0
Birc3	76.181818	0	651	0	187	0	0	0	0	0	0	0	0
Ube2o	76.090909	0	837	0	0	0	0	0	0	0	0	0	0
Map7d2	76.090909	0	151	0	122	0	247	317	0	0	0	0	0
Adam19	76.090909	0	462	0	184	0	110	81	0	0	0	0	0
Rmdn2	76.000000	0	836	0	0	0	0	0	0	0	0	0	0
Rassf4	76.000000	0	313	0	0	0	523	0	0	0	0	0	0
P2ry2	76.000000	0	398	0	0	0	438	0	0	0	0	0	0
Lrrc8d	76.000000	0	626	0	210	0	0	0	0	0	0	0	0
Lats2	76.000000	0	522	0	144	0	170	0	0	0	0	0	0
Efhd2	76.000000	0	641	0	195	0	0	0	0	0	0	0	0
Cebpg	76.000000	0	550	0	163	0	123	0	0	0	0	0	0
Adora2a	76.000000	0	747	0	89	0	0	0	0	0	0	0	0
Retreg1	75.909091	0	616	0	219	0	0	0	0	0	0	0	0
Msl3	75.909091	0	528	0	210	0	0	97	0	0	0	0	0
Ifi27l2a	75.909091	0	584	0	251	0	0	0	0	0	0	0	0
H2-T10	75.909091	0	697	0	138	0	0	0	0	0	0	0	0
Cfap54	75.909091	0	835	0	0	0	0	0	0	0	0	0	0
Usp24	75.818182	0	679	0	0	0	155	0	0	0	0	0	0
Myo1e	75.818182	0	362	0	225	0	114	133	0	0	0	0	0
Luzp1	75.818182	0	481	0	0	0	353	0	0	0	0	0	0
Hemk1	75.818182	0	834	0	0	0	0	0	0	0	0	0	0
Cttnbp2nl	75.818182	0	604	0	131	0	99	0	0	0	0	0	0
St6galnac3	75.636364	0	832	0	0	0	0	0	0	0	0	0	0
Sh2d3c	75.636364	0	0	0	0	0	723	109	0	0	0	0	0
Rufy3	75.636364	0	451	0	262	0	119	0	0	0	0	0	0
Efnb2	75.636364	0	832	0	0	0	0	0	0	0	0	0	0
Ddah2	75.636364	0	381	0	0	0	297	154	0	0	0	0	0
Cytip	75.636364	0	543	0	289	0	0	0	0	0	0	0	0
Aebp2	75.636364	0	506	0	164	0	162	0	0	0	0	0	0
Zdhhc17	75.545455	0	626	0	205	0	0	0	0	0	0	0	0
Zcchc3	75.545455	0	415	0	0	0	416	0	0	0	0	0	0
Usp9x	75.545455	0	566	0	0	0	0	265	0	0	0	0	0
Cdkn2b	75.545455	0	448	0	178	0	205	0	0	0	0	0	0
6820408C15Rik	75.545455	0	415	0	0	0	416	0	0	0	0	0	0
Zfp768	75.454545	0	592	0	0	0	164	74	0	0	0	0	0
Zfp280c	75.454545	0	830	0	0	0	0	0	0	0	0	0	0
Ptpn6	75.454545	0	611	0	219	0	0	0	0	0	0	0	0
Ppp4r4	75.454545	0	211	0	0	0	619	0	0	0	0	0	0
Polr2h	75.454545	0	457	0	0	0	271	102	0	0	0	0	0
Ifnz	75.454545	0	682	0	148	0	0	0	0	0	0	0	0
Gjd3	75.454545	0	830	0	0	0	0	0	0	0	0	0	0
Clcn5	75.454545	0	613	0	93	0	124	0	0	0	0	0	0
Bcl2a1b	75.454545	0	570	0	260	0	0	0	0	0	0	0	0
1600014C23Rik	75.454545	0	0	0	0	0	666	164	0	0	0	0	0
Ttc7b	75.363636	0	638	0	191	0	0	0	0	0	0	0	0
Timp2	75.363636	0	721	0	0	0	0	108	0	0	0	0	0
Shld1	75.363636	0	588	0	0	0	109	132	0	0	0	0	0
Scamp1	75.363636	0	643	0	0	0	98	88	0	0	0	0	0
Pde12	75.363636	0	574	0	255	0	0	0	0	0	0	0	0
Eml6	75.363636	0	229	0	0	0	357	243	0	0	0	0	0
Akap17b	75.363636	0	743	0	86	0	0	0	0	0	0	0	0
0610010K14Rik	75.363636	0	590	0	135	0	104	0	0	0	0	0	0
Traf3	75.272727	0	630	0	198	0	0	0	0	0	0	0	0
Nfix	75.272727	0	687	0	141	0	0	0	0	0	0	0	0
Mvb12b	75.272727	0	620	0	208	0	0	0	0	0	0	0	0
Ankle1	75.272727	0	243	0	0	0	585	0	0	0	0	0	0
2410004P03Rik	75.272727	0	828	0	0	0	0	0	0	0	0	0	0
Vars	75.181818	0	550	0	125	0	152	0	0	0	0	0	0
Tshz1	75.181818	0	538	0	289	0	0	0	0	0	0	0	0
Fnbp1l	75.181818	0	574	0	253	0	0	0	0	0	0	0	0
D17H6S56E-5	75.181818	0	550	0	125	0	152	0	0	0	0	0	0
Cnot2	75.181818	0	495	0	332	0	0	0	0	0	0	0	0
Ust	75.090909	0	695	0	0	0	0	131	0	0	0	0	0
Slc43a3	75.090909	0	826	0	0	0	0	0	0	0	0	0	0
Mob3b	75.090909	0	633	0	193	0	0	0	0	0	0	0	0
Zfp292	75.000000	0	710	0	0	0	115	0	0	0	0	0	0
Iqgap2	75.000000	0	659	0	166	0	0	0	0	0	0	0	0
Erdr1	75.000000	0	649	0	0	0	176	0	0	0	0	0	0
Acpp	75.000000	0	567	0	258	0	0	0	0	0	0	0	0
Usp11	74.909091	0	571	0	148	0	0	105	0	0	0	0	0
Racgap1	74.909091	0	414	0	0	0	288	122	0	0	0	0	0
Mboat7	74.909091	0	495	0	140	0	189	0	0	0	0	0	0
Gpr157	74.909091	0	563	0	0	0	261	0	0	0	0	0	0
Cdk2ap2	74.909091	0	474	0	0	0	225	125	0	0	0	0	0
Zbtb38	74.818182	0	567	0	256	0	0	0	0	0	0	0	0
Mfsd4b1	74.818182	0	823	0	0	0	0	0	0	0	0	0	0
Zfp217	74.727273	0	484	0	176	0	162	0	0	0	0	0	0
Vps54	74.727273	0	553	0	269	0	0	0	0	0	0	0	0
Rhog	74.727273	0	558	0	264	0	0	0	0	0	0	0	0
Nploc4	74.727273	0	657	0	165	0	0	0	0	0	0	0	0
Lmln	74.727273	0	711	0	0	0	111	0	0	0	0	0	0
Kctd12b	74.727273	0	526	0	296	0	0	0	0	0	0	0	0
Hmgxb4	74.727273	0	613	0	209	0	0	0	0	0	0	0	0
Ddx6	74.727273	0	562	0	260	0	0	0	0	0	0	0	0
Socs3	74.636364	0	330	0	133	0	209	149	0	0	0	0	0
Rassf2	74.636364	0	565	0	256	0	0	0	0	0	0	0	0
Rabepk	74.636364	0	605	0	216	0	0	0	0	0	0	0	0
Ndrg1	74.636364	0	616	0	205	0	0	0	0	0	0	0	0
Fbxl2	74.636364	0	576	0	0	0	245	0	0	0	0	0	0
Fam53b	74.636364	0	511	0	310	0	0	0	0	0	0	0	0
Bcr	74.636364	0	689	0	0	0	132	0	0	0	0	0	0
Ski	74.545455	0	416	0	0	0	174	0	0	0	0	230	0
Hivep1	74.545455	0	463	0	162	0	195	0	0	0	0	0	0
Dlg4	74.545455	0	206	0	0	0	355	259	0	0	0	0	0
Apc2	74.545455	0	0	0	0	0	457	363	0	0	0	0	0
Agrn	74.545455	0	249	0	0	0	483	88	0	0	0	0	0
Gbp6	74.454545	0	593	0	226	0	0	0	0	0	0	0	0
Chic2	74.454545	0	694	0	125	0	0	0	0	0	0	0	0
Slc9a2	74.363636	0	499	0	214	105	0	0	0	0	0	0	0
Sardh	74.363636	0	0	0	0	0	583	235	0	0	0	0	0
Rarg	74.363636	0	507	0	190	0	0	121	0	0	0	0	0
Ptpn21	74.363636	0	551	0	137	0	130	0	0	0	0	0	0
Ppp4c	74.363636	0	656	0	0	0	162	0	0	0	0	0	0
Man2a2	74.363636	0	739	0	79	0	0	0	0	0	0	0	0
Igf1r	74.363636	0	583	0	106	0	129	0	0	0	0	0	0
Entpd2	74.363636	0	0	0	0	0	318	500	0	0	0	0	0
Dek	74.363636	0	652	0	166	0	0	0	0	0	0	0	0
Trim30d	74.272727	0	555	0	262	0	0	0	0	0	0	0	0
Spire1	74.272727	0	313	0	194	0	310	0	0	0	0	0	0
Fli1	74.272727	0	591	0	226	0	0	0	0	0	0	0	0
Cldn10	74.272727	0	449	0	229	0	139	0	0	0	0	0	0
Atp1b1	74.272727	0	668	0	0	0	149	0	0	0	0	0	0
Tlk1	74.181818	0	600	0	216	0	0	0	0	0	0	0	0
Sin3a	74.181818	0	496	0	0	0	320	0	0	0	0	0	0
Lrfn4	74.181818	0	622	0	0	0	194	0	0	0	0	0	0
Gtf3a	74.181818	0	816	0	0	0	0	0	0	0	0	0	0
Csk	74.181818	0	388	0	101	0	234	93	0	0	0	0	0
Cnih4	74.181818	0	727	0	89	0	0	0	0	0	0	0	0
Ccdc50	74.181818	0	646	0	170	0	0	0	0	0	0	0	0
Zdhhc15	74.090909	0	630	0	185	0	0	0	0	0	0	0	0
Plekha2	74.090909	0	596	0	219	0	0	0	0	0	0	0	0
Meis3	74.090909	0	670	0	145	0	0	0	0	0	0	0	0
Ecpas	74.090909	0	536	0	279	0	0	0	0	0	0	0	0
Axdnd1	74.090909	0	815	0	0	0	0	0	0	0	0	0	0
Ak1	74.090909	0	0	0	0	0	456	359	0	0	0	0	0
Smc4	74.000000	0	420	0	202	0	192	0	0	0	0	0	0
P2ry1	74.000000	0	488	0	0	0	108	218	0	0	0	0	0
Ift80	74.000000	0	420	0	202	0	192	0	0	0	0	0	0
Astl	74.000000	0	613	0	201	0	0	0	0	0	0	0	0
Anp32b	74.000000	0	728	0	0	0	86	0	0	0	0	0	0
Zkscan16	73.909091	0	523	0	153	0	0	137	0	0	0	0	0
Zfp592	73.909091	0	521	0	292	0	0	0	0	0	0	0	0
Man2b1	73.909091	0	669	0	0	0	144	0	0	0	0	0	0
Tspan6	73.818182	0	671	0	141	0	0	0	0	0	0	0	0
Tacc2	73.818182	0	704	0	108	0	0	0	0	0	0	0	0
Ppp2r5e	73.818182	0	812	0	0	0	0	0	0	0	0	0	0
Dnmt3b	73.818182	0	689	0	123	0	0	0	0	0	0	0	0
Zc3h4	73.727273	0	417	0	309	0	85	0	0	0	0	0	0
Trim44	73.727273	0	447	0	166	0	120	78	0	0	0	0	0
Top1mt	73.727273	0	608	0	203	0	0	0	0	0	0	0	0
Tead3	73.727273	0	693	0	0	0	118	0	0	0	0	0	0
Stxbp5	73.727273	0	639	0	172	0	0	0	0	0	0	0	0
L3mbtl3	73.727273	0	616	0	195	0	0	0	0	0	0	0	0
Jak3	73.727273	0	556	0	255	0	0	0	0	0	0	0	0
Cystm1	73.727273	0	811	0	0	0	0	0	0	0	0	0	0
Ttc25	73.636364	0	343	0	0	0	328	139	0	0	0	0	0
Tlk2	73.636364	0	562	0	248	0	0	0	0	0	0	0	0
Marveld1	73.636364	0	810	0	0	0	0	0	0	0	0	0	0
Apba3	73.636364	0	712	0	0	0	98	0	0	0	0	0	0
Tapt1	73.454545	0	605	0	203	0	0	0	0	0	0	0	0
Sgcb	73.454545	0	563	0	0	0	245	0	0	0	0	0	0
Rgs1	73.454545	0	614	0	194	0	0	0	0	0	0	0	0
Nwd1	73.454545	0	0	0	0	0	347	461	0	0	0	0	0
Nfkbid	73.454545	0	457	0	135	0	216	0	0	0	0	0	0
Mgat4b	73.454545	0	613	0	84	0	0	111	0	0	0	0	0
Fuom	73.454545	0	486	0	152	0	170	0	0	0	0	0	0
Zfp827	73.363636	0	522	0	285	0	0	0	0	0	0	0	0
Zfp114	73.363636	0	637	0	170	0	0	0	0	0	0	0	0
Zdhhc8	73.363636	0	575	0	232	0	0	0	0	0	0	0	0
Ubash3b	73.363636	0	634	0	0	0	173	0	0	0	0	0	0
Rasd1	73.363636	0	569	0	238	0	0	0	0	0	0	0	0
Ndufaf3	73.363636	0	619	0	0	0	188	0	0	0	0	0	0
Ino80d	73.363636	0	629	0	178	0	0	0	0	0	0	0	0
Bin2	73.363636	0	681	0	126	0	0	0	0	0	0	0	0
Pgpep1	73.272727	0	713	0	93	0	0	0	0	0	0	0	0
Pdzd8	73.272727	0	572	0	126	0	108	0	0	0	0	0	0
Mkrn1	73.272727	0	806	0	0	0	0	0	0	0	0	0	0
Hmgn5	73.272727	0	558	0	248	0	0	0	0	0	0	0	0
Tppp	73.181818	0	465	0	182	0	158	0	0	0	0	0	0
Pfn2	73.181818	0	631	0	174	0	0	0	0	0	0	0	0
Ckb	73.181818	0	669	0	0	0	136	0	0	0	0	0	0
Arhgef2	73.181818	0	556	0	249	0	0	0	0	0	0	0	0
Akap12	73.181818	0	675	0	130	0	0	0	0	0	0	0	0
Mcub	73.090909	0	689	0	115	0	0	0	0	0	0	0	0
Kif21b	73.090909	0	498	0	137	0	169	0	0	0	0	0	0
Dnph1	73.090909	0	374	0	0	0	196	234	0	0	0	0	0
Ankrd52	73.090909	0	703	0	101	0	0	0	0	0	0	0	0
Anapc11	73.090909	0	644	0	0	0	160	0	0	0	0	0	0
Alyref	73.090909	0	644	0	0	0	160	0	0	0	0	0	0
Zbtb39	73.000000	0	550	0	253	0	0	0	0	0	0	0	0
Tbc1d25	73.000000	0	649	0	154	0	0	0	0	0	0	0	0
Rpl13	73.000000	0	682	0	0	0	121	0	0	0	0	0	0
Rock2	73.000000	0	494	0	309	0	0	0	0	0	0	0	0
Map4k3	73.000000	0	623	0	180	0	0	0	0	0	0	0	0
Dock11	73.000000	0	547	0	256	0	0	0	0	0	0	0	0
D17H6S53E	73.000000	0	598	0	205	0	0	0	0	0	0	0	0
Zfp579	72.909091	0	707	0	95	0	0	0	0	0	0	0	0
Optn	72.909091	0	369	0	0	0	433	0	0	0	0	0	0
Noc2l	72.909091	0	473	0	111	0	218	0	0	0	0	0	0
Mafa	72.909091	0	511	0	0	0	291	0	0	0	0	0	0
Irf2	72.909091	0	605	0	197	0	0	0	0	0	0	0	0
Zbtb14	72.818182	0	543	0	258	0	0	0	0	0	0	0	0
Nxnl2	72.818182	0	577	0	224	0	0	0	0	0	0	0	0
Nudt3	72.818182	0	670	0	0	0	131	0	0	0	0	0	0
Igsf3	72.818182	0	488	0	173	0	140	0	0	0	0	0	0
Clip2	72.818182	0	730	0	71	0	0	0	0	0	0	0	0
Zfp512b	72.727273	0	705	0	95	0	0	0	0	0	0	0	0
St6gal1	72.727273	0	614	0	186	0	0	0	0	0	0	0	0
Rgs12	72.727273	0	800	0	0	0	0	0	0	0	0	0	0
Med13l	72.727273	0	605	0	195	0	0	0	0	0	0	0	0
Gch1	72.727273	0	666	0	134	0	0	0	0	0	0	0	0
Dnal1	72.727273	0	800	0	0	0	0	0	0	0	0	0	0
Actr3b	72.727273	0	800	0	0	0	0	0	0	0	0	0	0
Tmcc3	72.636364	0	516	0	196	0	0	87	0	0	0	0	0
Zfp276	72.545455	0	798	0	0	0	0	0	0	0	0	0	0
Vps9d1	72.545455	0	798	0	0	0	0	0	0	0	0	0	0
Ptpmt1	72.545455	0	584	0	214	0	0	0	0	0	0	0	0
Naa30	72.545455	0	495	0	0	0	303	0	0	0	0	0	0
Git2	72.545455	0	439	0	156	0	203	0	0	0	0	0	0
Trib3	72.454545	0	673	0	0	0	0	124	0	0	0	0	0
Ptpn3	72.454545	0	396	0	234	0	167	0	0	0	0	0	0
Nectin2	72.454545	0	150	0	0	0	527	120	0	0	0	0	0
Gab3	72.454545	0	589	0	208	0	0	0	0	0	0	0	0
Fbxl17	72.454545	0	528	0	269	0	0	0	0	0	0	0	0
Chst15	72.454545	0	659	0	138	0	0	0	0	0	0	0	0
Cd5	72.454545	0	592	0	205	0	0	0	0	0	0	0	0
Zfp821	72.363636	0	445	0	128	0	223	0	0	0	0	0	0
Ythdf2	72.363636	0	796	0	0	0	0	0	0	0	0	0	0
Jun	72.363636	0	430	0	195	0	171	0	0	0	0	0	0
Il4ra	72.363636	0	494	0	205	0	97	0	0	0	0	0	0
Dzip1	72.363636	0	610	0	186	0	0	0	0	0	0	0	0
Zfp91	72.272727	0	595	0	200	0	0	0	0	0	0	0	0
Tnfsf8	72.272727	0	524	0	271	0	0	0	0	0	0	0	0
Phf21b	72.272727	0	615	0	180	0	0	0	0	0	0	0	0
Lpxn	72.272727	0	595	0	200	0	0	0	0	0	0	0	0
Gramd3	72.272727	0	315	0	214	0	266	0	0	0	0	0	0
Fuz	72.272727	0	659	0	0	0	0	136	0	0	0	0	0
Fip1l1	72.272727	0	696	0	99	0	0	0	0	0	0	0	0
Ell2	72.272727	0	436	0	185	0	174	0	0	0	0	0	0
Slc23a2	72.181818	0	577	0	217	0	0	0	0	0	0	0	0
Rnasel	72.181818	0	619	0	175	0	0	0	0	0	0	0	0
Rin3	72.181818	0	611	0	183	0	0	0	0	0	0	0	0
Mycn	72.181818	0	518	0	118	0	0	158	0	0	0	0	0
Ankrd60	72.181818	0	794	0	0	0	0	0	0	0	0	0	0
Stk26	72.090909	0	628	0	165	0	0	0	0	0	0	0	0
Ndrg4	72.090909	0	645	0	148	0	0	0	0	0	0	0	0
H2bc13	72.090909	0	586	0	93	0	0	114	0	0	0	0	0
H2ac13	72.090909	0	586	0	93	0	0	114	0	0	0	0	0
Dusp14	72.090909	0	793	0	0	0	0	0	0	0	0	0	0
Cnr2	72.090909	0	655	0	138	0	0	0	0	0	0	0	0
Abcc4	72.090909	0	793	0	0	0	0	0	0	0	0	0	0
Sh2d1a	72.000000	0	556	0	236	0	0	0	0	0	0	0	0
Sephs1	72.000000	0	493	0	175	0	124	0	0	0	0	0	0
Nbeal2	72.000000	0	372	0	154	0	266	0	0	0	0	0	0
Epha7	72.000000	0	0	0	151	84	557	0	0	0	0	0	0
Acvr2a	72.000000	0	537	0	162	0	0	93	0	0	0	0	0
Vdr	71.909091	0	684	0	107	0	0	0	0	0	0	0	0
Ptger4	71.909091	0	574	0	217	0	0	0	0	0	0	0	0
Kmt2d	71.909091	0	655	0	0	0	0	136	0	0	0	0	0
Vwa5a	71.818182	0	435	0	355	0	0	0	0	0	0	0	0
Sorl1	71.818182	0	646	0	144	0	0	0	0	0	0	0	0
Ctnna1	71.818182	0	664	0	0	0	126	0	0	0	0	0	0
Ccdc85b	71.818182	0	545	0	0	0	245	0	0	0	0	0	0
Syn1	71.727273	0	255	0	0	0	0	534	0	0	0	0	0
Pik3c2b	71.727273	0	667	0	122	0	0	0	0	0	0	0	0
Dnajc6	71.727273	0	658	0	131	0	0	0	0	0	0	0	0
Cx3cl1	71.727273	0	0	0	0	0	502	287	0	0	0	0	0
Tnf	71.636364	0	565	0	223	0	0	0	0	0	0	0	0
Tmsb4x	71.636364	0	483	0	129	0	0	176	0	0	0	0	0
Rictor	71.636364	0	588	0	200	0	0	0	0	0	0	0	0
Micall1	71.636364	0	602	0	186	0	0	0	0	0	0	0	0
Mfsd4b4	71.636364	0	788	0	0	0	0	0	0	0	0	0	0
Dock5	71.636364	0	538	0	250	0	0	0	0	0	0	0	0
Carhsp1	71.636364	0	514	0	0	0	274	0	0	0	0	0	0
Rapgef4	71.545455	0	248	0	0	0	422	117	0	0	0	0	0
Plpp2	71.545455	0	787	0	0	0	0	0	0	0	0	0	0
Parp12	71.545455	0	542	0	245	0	0	0	0	0	0	0	0
Pnma1	71.454545	0	425	0	0	0	215	146	0	0	0	0	0
Plekhm2	71.454545	0	604	0	182	0	0	0	0	0	0	0	0
Gpat3	71.454545	0	707	0	79	0	0	0	0	0	0	0	0
Mfsd6	71.363636	0	589	0	196	0	0	0	0	0	0	0	0
Gpc5	71.363636	0	491	0	0	0	294	0	0	0	0	0	0
Ap5b1	71.363636	0	647	0	138	0	0	0	0	0	0	0	0
Zmat1	71.272727	0	488	0	130	0	166	0	0	0	0	0	0
Setd7	71.272727	0	678	0	0	0	0	106	0	0	0	0	0
Mfap3l	71.272727	0	0	0	0	0	784	0	0	0	0	0	0
Kdm2b	71.272727	0	399	0	206	0	179	0	0	0	0	0	0
Pipox	71.181818	0	0	0	0	0	481	302	0	0	0	0	0
Metrnl	71.181818	0	334	0	114	0	335	0	0	0	0	0	0
Zfp580	71.090909	0	509	0	128	0	0	145	0	0	0	0	0
Ubash3a	71.090909	0	612	0	170	0	0	0	0	0	0	0	0
Rasal1	71.090909	0	782	0	0	0	0	0	0	0	0	0	0
Phf21a	71.090909	0	544	0	238	0	0	0	0	0	0	0	0
Mcc	71.090909	0	250	0	79	0	309	144	0	0	0	0	0
Mapk10	71.090909	0	0	0	0	0	240	542	0	0	0	0	0
Usp49	71.000000	0	367	0	138	0	276	0	0	0	0	0	0
Tmie	71.000000	0	618	0	163	0	0	0	0	0	0	0	0
Slc28a2	71.000000	0	533	0	248	0	0	0	0	0	0	0	0
Rtl5	71.000000	0	495	0	0	0	212	74	0	0	0	0	0
Il12rb2	71.000000	0	551	0	230	0	0	0	0	0	0	0	0
Hfm1	71.000000	0	503	116	162	0	0	0	0	0	0	0	0
Coq2	71.000000	0	677	0	104	0	0	0	0	0	0	0	0
Cdc42se1	71.000000	0	475	0	150	0	156	0	0	0	0	0	0
Bicd1	71.000000	0	275	0	196	120	0	190	0	0	0	0	0
Als2cl	71.000000	0	618	0	163	0	0	0	0	0	0	0	0
Spdya	70.909091	0	512	0	142	0	126	0	0	0	0	0	0
Jmy	70.909091	0	560	0	117	0	103	0	0	0	0	0	0
Trib2	70.818182	0	475	0	0	0	217	87	0	0	0	0	0
Padi2	70.818182	0	621	0	0	0	158	0	0	0	0	0	0
Foxp1	70.818182	0	488	0	291	0	0	0	0	0	0	0	0
Ndst1	70.727273	0	549	0	229	0	0	0	0	0	0	0	0
Miga1	70.727273	0	665	0	113	0	0	0	0	0	0	0	0
Fam169b	70.727273	0	620	0	158	0	0	0	0	0	0	0	0
Baz1a	70.727273	0	557	0	221	0	0	0	0	0	0	0	0
Nectin3	70.636364	0	323	0	119	0	210	125	0	0	0	0	0
Kif13a	70.636364	0	248	0	197	0	248	84	0	0	0	0	0
Jrkl	70.636364	0	470	0	307	0	0	0	0	0	0	0	0
Id2	70.636364	0	602	0	175	0	0	0	0	0	0	0	0
Cd52	70.636364	0	583	0	194	0	0	0	0	0	0	0	0
Calhm2	70.636364	0	585	0	192	0	0	0	0	0	0	0	0
Nlrx1	70.545455	0	534	0	0	0	242	0	0	0	0	0	0
Celf6	70.545455	0	90	0	0	0	404	282	0	0	0	0	0
Tirap	70.454545	0	471	0	150	0	154	0	0	0	0	0	0
Camkk2	70.454545	0	775	0	0	0	0	0	0	0	0	0	0
Spen	70.363636	0	621	0	0	0	153	0	0	0	0	0	0
Ppp4r1	70.363636	0	547	0	139	0	88	0	0	0	0	0	0
Mok	70.363636	0	774	0	0	0	0	0	0	0	0	0	0
Hlx	70.363636	0	420	0	0	0	354	0	0	0	0	0	0
Gm42372	70.363636	0	382	0	204	0	106	82	0	0	0	0	0
Gimap3	70.363636	0	577	0	197	0	0	0	0	0	0	0	0
Elovl7	70.363636	0	574	0	200	0	0	0	0	0	0	0	0
Slc36a4	70.272727	0	640	0	133	0	0	0	0	0	0	0	0
Kmt2e	70.272727	0	490	0	283	0	0	0	0	0	0	0	0
Icam5	70.272727	0	638	0	135	0	0	0	0	0	0	0	0
Fzd3	70.272727	0	572	0	201	0	0	0	0	0	0	0	0
Fam171b	70.272727	0	272	0	154	0	109	238	0	0	0	0	0
Agpat2	70.272727	0	636	0	137	0	0	0	0	0	0	0	0
Plekhg3	70.181818	0	574	0	198	0	0	0	0	0	0	0	0
Dclk2	70.181818	0	503	0	105	0	66	98	0	0	0	0	0
Wif1	70.090909	0	541	0	230	0	0	0	0	0	0	0	0
Klhl15	70.090909	0	527	0	0	0	244	0	0	0	0	0	0
As3mt	70.090909	0	606	0	165	0	0	0	0	0	0	0	0
Ampd3	70.090909	0	477	0	294	0	0	0	0	0	0	0	0
BC051142	70.000000	0	770	0	0	0	0	0	0	0	0	0	0
Tmem179b	69.909091	0	605	0	0	0	164	0	0	0	0	0	0
Syn3	69.909091	0	568	0	0	0	0	201	0	0	0	0	0
Rbm10	69.909091	0	603	0	166	0	0	0	0	0	0	0	0
Prkx	69.909091	0	769	0	0	0	0	0	0	0	0	0	0
Ndufb11	69.909091	0	603	0	166	0	0	0	0	0	0	0	0
Ncor2	69.909091	0	437	0	119	0	213	0	0	0	0	0	0
Lmnb1	69.909091	0	480	0	0	0	289	0	0	0	0	0	0
Aldh3b1	69.909091	0	0	0	0	0	426	343	0	0	0	0	0
Rap2c	69.818182	0	516	0	252	0	0	0	0	0	0	0	0
Herc3	69.818182	0	603	0	165	0	0	0	0	0	0	0	0
Gstk1	69.818182	0	501	0	0	0	267	0	0	0	0	0	0
Atp11a	69.818182	0	639	0	129	0	0	0	0	0	0	0	0
Rfng	69.727273	0	767	0	0	0	0	0	0	0	0	0	0
Gps1	69.727273	0	767	0	0	0	0	0	0	0	0	0	0
Foxo6	69.727273	0	159	0	0	0	608	0	0	0	0	0	0
Ehmt2	69.727273	0	670	0	0	0	97	0	0	0	0	0	0
Tnip1	69.636364	0	600	0	166	0	0	0	0	0	0	0	0
Spin4	69.636364	0	491	0	189	0	86	0	0	0	0	0	0
Slco3a1	69.636364	0	567	0	199	0	0	0	0	0	0	0	0
Pigz	69.636364	0	380	0	118	0	160	108	0	0	0	0	0
Pde7b	69.636364	0	766	0	0	0	0	0	0	0	0	0	0
Gcn1	69.636364	0	545	0	221	0	0	0	0	0	0	0	0
Agtrap	69.636364	0	663	0	0	0	0	103	0	0	0	0	0
Adcy7	69.636364	0	647	0	119	0	0	0	0	0	0	0	0
Phf8	69.545455	0	525	0	240	0	0	0	0	0	0	0	0
Lemd3	69.545455	0	765	0	0	0	0	0	0	0	0	0	0
Inpp5b	69.545455	0	620	0	0	0	0	145	0	0	0	0	0
Clec2d	69.545455	0	461	0	144	0	0	160	0	0	0	0	0
Chn2	69.545455	0	450	0	218	0	0	97	0	0	0	0	0
Sash3	69.454545	0	632	0	132	0	0	0	0	0	0	0	0
Rpl36	69.454545	0	764	0	0	0	0	0	0	0	0	0	0
Rara	69.454545	0	324	0	210	0	230	0	0	0	0	0	0
Pkp4	69.454545	0	443	0	101	0	0	220	0	0	0	0	0
Nrip1	69.454545	0	480	0	284	0	0	0	0	0	0	0	0
Lamp1	69.454545	0	764	0	0	0	0	0	0	0	0	0	0
Itpkb	69.454545	0	536	0	0	0	228	0	0	0	0	0	0
Hivep2	69.454545	0	532	0	232	0	0	0	0	0	0	0	0
Zfp777	69.363636	0	556	0	207	0	0	0	0	0	0	0	0
Cd226	69.363636	0	409	0	354	0	0	0	0	0	0	0	0
Brwd3	69.363636	0	530	0	233	0	0	0	0	0	0	0	0
Vim	69.272727	0	624	0	138	0	0	0	0	0	0	0	0
Sort1	69.272727	0	538	0	0	0	128	96	0	0	0	0	0
Mospd2	69.272727	0	610	0	152	0	0	0	0	0	0	0	0
Ier2	69.272727	0	335	0	114	0	139	174	0	0	0	0	0
Gimap5	69.272727	0	509	0	253	0	0	0	0	0	0	0	0
Fancb	69.272727	0	610	0	152	0	0	0	0	0	0	0	0
Tent5b	69.181818	0	190	0	0	0	397	174	0	0	0	0	0
Acot4	69.181818	0	639	0	122	0	0	0	0	0	0	0	0
Syn2	69.090909	0	172	0	0	0	443	145	0	0	0	0	0
Oas2	69.090909	0	487	0	273	0	0	0	0	0	0	0	0
Kdm7a	69.090909	0	634	0	0	0	0	126	0	0	0	0	0
Fhit	69.090909	0	566	0	194	0	0	0	0	0	0	0	0
Smyd2	69.000000	0	521	0	96	0	0	142	0	0	0	0	0
Plxdc2	68.909091	0	571	0	187	0	0	0	0	0	0	0	0
Nyap1	68.909091	0	758	0	0	0	0	0	0	0	0	0	0
Frmd8	68.909091	0	587	0	0	0	171	0	0	0	0	0	0
Aurkb	68.909091	0	582	0	176	0	0	0	0	0	0	0	0
Tyro3	68.818182	0	435	0	176	146	0	0	0	0	0	0	0
Ogfrl1	68.818182	0	282	0	0	0	475	0	0	0	0	0	0
H4c1	68.818182	0	326	0	0	0	337	0	0	0	0	94	0
Tor4a	68.727273	0	582	0	174	0	0	0	0	0	0	0	0
St8sia1	68.727273	0	461	0	154	0	0	141	0	0	0	0	0
Pcnx	68.727273	0	756	0	0	0	0	0	0	0	0	0	0
Nipbl	68.727273	0	459	0	297	0	0	0	0	0	0	0	0
Igf2r	68.636364	0	452	0	159	0	144	0	0	0	0	0	0
Ccnb1	68.636364	0	508	0	142	0	105	0	0	0	0	0	0
Acvr1	68.636364	0	637	0	0	0	118	0	0	0	0	0	0
Ptbp3	68.545455	0	754	0	0	0	0	0	0	0	0	0	0
H2bc8	68.545455	0	491	0	158	0	0	105	0	0	0	0	0
H2ac8	68.545455	0	491	0	158	0	0	105	0	0	0	0	0
Eif4ebp1	68.545455	0	436	0	172	0	0	146	0	0	0	0	0
Dync2h1	68.545455	0	588	0	166	0	0	0	0	0	0	0	0
Steap3	68.454545	0	523	0	112	0	118	0	0	0	0	0	0
Crtap	68.454545	0	662	0	0	0	0	91	0	0	0	0	0
Anxa4	68.454545	0	652	0	101	0	0	0	0	0	0	0	0
Xylt1	68.363636	0	461	0	128	0	163	0	0	0	0	0	0
Lzts2	68.363636	0	638	0	0	0	114	0	0	0	0	0	0
Helz	68.363636	0	752	0	0	0	0	0	0	0	0	0	0
Ddx3y	68.363636	0	611	0	141	0	0	0	0	0	0	0	0
Ankrd13d	68.363636	0	518	0	0	0	234	0	0	0	0	0	0
Strn4	68.272727	0	645	0	0	0	0	106	0	0	0	0	0
Foxred2	68.272727	0	495	0	0	0	172	84	0	0	0	0	0
Cables2	68.272727	0	399	0	138	0	214	0	0	0	0	0	0
Ube2e1	68.181818	0	463	0	287	0	0	0	0	0	0	0	0
Lrrc61	68.181818	0	612	0	138	0	0	0	0	0	0	0	0
Lonrf1	68.181818	0	444	0	0	0	306	0	0	0	0	0	0
Limch1	68.181818	0	0	0	0	0	375	375	0	0	0	0	0
Cyp2u1	68.181818	0	635	0	0	0	115	0	0	0	0	0	0
Zc4h2	68.090909	0	485	0	264	0	0	0	0	0	0	0	0
Slfn9	68.090909	0	509	0	240	0	0	0	0	0	0	0	0
Prkcz	68.000000	0	748	0	0	0	0	0	0	0	0	0	0
Phf19	68.000000	0	383	0	173	0	60	132	0	0	0	0	0
St8sia6	67.909091	0	549	0	198	0	0	0	0	0	0	0	0
Rnf182	67.909091	0	334	0	126	82	82	123	0	0	0	0	0
Klhl8	67.909091	0	747	0	0	0	0	0	0	0	0	0	0
Kcnq5	67.909091	0	487	0	163	0	0	97	0	0	0	0	0
Il18r1	67.909091	0	561	0	186	0	0	0	0	0	0	0	0
Sertad4	67.818182	0	0	0	0	0	601	145	0	0	0	0	0
Cd86	67.818182	0	519	0	227	0	0	0	0	0	0	0	0
Aldh5a1	67.818182	0	578	0	168	0	0	0	0	0	0	0	0
Limd2	67.727273	0	592	0	0	0	153	0	0	0	0	0	0
Vav1	67.636364	0	546	0	198	0	0	0	0	0	0	0	0
Mlycd	67.636364	0	663	0	0	0	0	81	0	0	0	0	0
Hmox1	67.636364	0	514	0	0	0	74	156	0	0	0	0	0
Fggy	67.636364	0	445	0	299	0	0	0	0	0	0	0	0
Znrf1	67.545455	0	525	0	218	0	0	0	0	0	0	0	0
Tshr	67.545455	0	113	0	0	0	630	0	0	0	0	0	0
Skida1	67.545455	0	504	0	239	0	0	0	0	0	0	0	0
Rbms2	67.545455	0	613	0	130	0	0	0	0	0	0	0	0
Prps2	67.545455	0	591	0	152	0	0	0	0	0	0	0	0
Phf6	67.545455	0	488	0	255	0	0	0	0	0	0	0	0
Bcat1	67.545455	0	395	0	198	0	0	150	0	0	0	0	0
4930550C14Rik	67.545455	0	611	0	132	0	0	0	0	0	0	0	0
Tspan31	67.454545	0	364	0	202	0	176	0	0	0	0	0	0
Tnfrsf14	67.454545	0	513	0	229	0	0	0	0	0	0	0	0
Rsph1	67.454545	0	113	0	0	0	327	302	0	0	0	0	0
Ripor2	67.454545	0	586	0	156	0	0	0	0	0	0	0	0
Rbpj	67.454545	0	454	0	119	0	169	0	0	0	0	0	0
Atf3	67.454545	0	270	0	0	0	323	149	0	0	0	0	0
Usp30	67.363636	0	508	0	0	0	233	0	0	0	0	0	0
Smpdl3b	67.363636	0	629	0	112	0	0	0	0	0	0	0	0
Pacs2	67.363636	0	741	0	0	0	0	0	0	0	0	0	0
Foxc2	67.363636	0	568	0	173	0	0	0	0	0	0	0	0
Ccna2	67.363636	0	495	0	0	0	246	0	0	0	0	0	0
Unc13d	67.272727	0	610	0	130	0	0	0	0	0	0	0	0
Mfsd2a	67.272727	0	552	0	188	0	0	0	0	0	0	0	0
Unc5b	67.181818	0	190	0	0	0	549	0	0	0	0	0	0
Pctp	67.181818	0	641	0	98	0	0	0	0	0	0	0	0
Lrrc47	67.181818	0	524	0	215	0	0	0	0	0	0	0	0
Csad	67.181818	0	394	0	0	0	140	205	0	0	0	0	0
Zfp583	67.090909	0	564	0	174	0	0	0	0	0	0	0	0
Sting1	67.090909	0	570	0	168	0	0	0	0	0	0	0	0
Mindy4	67.090909	0	339	0	0	0	160	239	0	0	0	0	0
Bcat2	67.090909	0	611	0	127	0	0	0	0	0	0	0	0
Tbc1d12	67.000000	0	598	0	139	0	0	0	0	0	0	0	0
Rnf216	67.000000	0	422	0	0	0	188	127	0	0	0	0	0
Dnajb3	67.000000	0	611	0	126	0	0	0	0	0	0	0	0
Siah3	66.909091	0	600	0	136	0	0	0	0	0	0	0	0
Pclaf	66.909091	0	377	0	146	0	101	112	0	0	0	0	0
Lipo2	66.909091	0	502	0	234	0	0	0	0	0	0	0	0
Casp7	66.909091	0	578	0	158	0	0	0	0	0	0	0	0
Tmem89	66.818182	0	0	0	0	0	317	418	0	0	0	0	0
Rgs11	66.818182	0	735	0	0	0	0	0	0	0	0	0	0
Lxn	66.818182	0	603	0	132	0	0	0	0	0	0	0	0
Ptpn13	66.727273	0	227	0	159	0	139	209	0	0	0	0	0
Neil3	66.727273	0	384	0	212	0	138	0	0	0	0	0	0
Itgb3	66.727273	0	548	0	186	0	0	0	0	0	0	0	0
Gm1673	66.727273	0	587	0	0	0	0	147	0	0	0	0	0
Dmxl1	66.727273	0	606	0	0	0	128	0	0	0	0	0	0
Cfap97d2	66.727273	0	0	0	0	0	472	262	0	0	0	0	0
Cd27	66.727273	0	576	0	158	0	0	0	0	0	0	0	0
Bicdl1	66.727273	0	532	0	202	0	0	0	0	0	0	0	0
Zc2hc1a	66.636364	0	326	183	115	0	109	0	0	0	0	0	0
Clic5	66.636364	0	570	0	163	0	0	0	0	0	0	0	0
Slc43a1	66.545455	0	488	0	120	0	124	0	0	0	0	0	0
Shisa4	66.545455	0	0	0	0	0	464	268	0	0	0	0	0
Cyp2d22	66.545455	0	732	0	0	0	0	0	0	0	0	0	0
Zfp395	66.454545	0	558	0	0	0	173	0	0	0	0	0	0
Slc39a8	66.454545	0	580	0	151	0	0	0	0	0	0	0	0
Set	66.454545	0	417	0	149	0	165	0	0	0	0	0	0
Raver2	66.454545	0	500	0	97	0	134	0	0	0	0	0	0
Msh5	66.363636	0	188	0	0	0	542	0	0	0	0	0	0
Impdh1	66.363636	0	521	0	209	0	0	0	0	0	0	0	0
Elmo1	66.363636	0	730	0	0	0	0	0	0	0	0	0	0
Evi2b	66.272727	0	438	0	291	0	0	0	0	0	0	0	0
Car5b	66.272727	0	113	0	109	0	507	0	0	0	0	0	0
Zfand4	66.181818	0	560	0	0	0	168	0	0	0	0	0	0
Rmi2	66.181818	0	728	0	0	0	0	0	0	0	0	0	0
Rhoh	66.181818	0	583	0	145	0	0	0	0	0	0	0	0
Pros1	66.181818	0	392	0	176	0	0	160	0	0	0	0	0
Spag1	66.090909	0	605	0	122	0	0	0	0	0	0	0	0
Tspan15	66.000000	0	136	0	0	0	590	0	0	0	0	0	0
Plekha5	66.000000	0	611	0	115	0	0	0	0	0	0	0	0
Abhd3	66.000000	0	596	0	130	0	0	0	0	0	0	0	0
Zfp13	65.909091	0	471	0	99	0	155	0	0	0	0	0	0
Plscr4	65.909091	0	432	0	293	0	0	0	0	0	0	0	0
Paqr7	65.909091	0	593	0	132	0	0	0	0	0	0	0	0
N4bp2	65.909091	0	725	0	0	0	0	0	0	0	0	0	0
Marchf6	65.909091	0	577	0	148	0	0	0	0	0	0	0	0
Itsn2	65.909091	0	530	0	195	0	0	0	0	0	0	0	0
Dnase2a	65.909091	0	190	0	0	0	535	0	0	0	0	0	0
Vipr1	65.818182	0	556	0	168	0	0	0	0	0	0	0	0
Taf9b	65.818182	0	623	0	101	0	0	0	0	0	0	0	0
Pitx2	65.818182	0	623	0	101	0	0	0	0	0	0	0	0
Itga3	65.818182	0	663	0	61	0	0	0	0	0	0	0	0
Skap1	65.727273	0	556	0	167	0	0	0	0	0	0	0	0
Rnase4	65.727273	0	568	0	155	0	0	0	0	0	0	0	0
Pdk3	65.727273	0	576	0	147	0	0	0	0	0	0	0	0
Map3k1	65.727273	0	653	0	70	0	0	0	0	0	0	0	0
Irgm1	65.727273	0	557	0	166	0	0	0	0	0	0	0	0
Ang	65.727273	0	568	0	155	0	0	0	0	0	0	0	0
Stk24	65.636364	0	722	0	0	0	0	0	0	0	0	0	0
Hspb9	65.636364	0	722	0	0	0	0	0	0	0	0	0	0
Acvr2b	65.636364	0	280	0	202	0	240	0	0	0	0	0	0
Zfp516	65.545455	0	585	0	136	0	0	0	0	0	0	0	0
Tgtp2	65.545455	0	393	0	328	0	0	0	0	0	0	0	0
Slc38a1	65.545455	0	522	0	199	0	0	0	0	0	0	0	0
Rcsd1	65.545455	0	721	0	0	0	0	0	0	0	0	0	0
Ptgfrn	65.545455	0	584	0	137	0	0	0	0	0	0	0	0
Pgbd5	65.545455	0	105	0	0	0	616	0	0	0	0	0	0
Mpg	65.545455	0	721	0	0	0	0	0	0	0	0	0	0
Ldb1	65.545455	0	468	0	140	0	113	0	0	0	0	0	0
Enoph1	65.545455	0	460	0	193	0	68	0	0	0	0	0	0
Tbxa2r	65.454545	0	573	0	147	0	0	0	0	0	0	0	0
Foxd2	65.454545	0	720	0	0	0	0	0	0	0	0	0	0
Dhrs13	65.454545	0	580	0	0	0	140	0	0	0	0	0	0
D030056L22Rik	65.454545	0	573	0	0	0	147	0	0	0	0	0	0
Ube2e3	65.363636	0	509	0	210	0	0	0	0	0	0	0	0
Tnfsf11	65.363636	0	512	0	207	0	0	0	0	0	0	0	0
Arrdc3	65.363636	0	427	0	292	0	0	0	0	0	0	0	0
Shcbp1l	65.272727	0	345	0	112	0	261	0	0	0	0	0	0
Sec24b	65.272727	0	547	0	171	0	0	0	0	0	0	0	0
Msl1	65.272727	0	553	0	165	0	0	0	0	0	0	0	0
Irak3	65.272727	0	457	0	261	0	0	0	0	0	0	0	0
H1f1	65.272727	0	461	0	122	0	0	0	0	0	0	135	0
Cstf2	65.272727	0	556	0	0	0	162	0	0	0	0	0	0
Msx3	65.181818	0	477	0	240	0	0	0	0	0	0	0	0
Gstt2	65.181818	0	438	0	279	0	0	0	0	0	0	0	0
Zfp354b	65.090909	0	262	0	166	0	171	117	0	0	0	0	0
Synpo	65.090909	0	631	0	85	0	0	0	0	0	0	0	0
Snx18	65.090909	0	506	0	0	0	210	0	0	0	0	0	0
Ppp1r3b	65.090909	0	557	0	159	0	0	0	0	0	0	0	0
Fgfr3	65.090909	0	407	0	0	0	309	0	0	0	0	0	0
Etv4	65.090909	0	532	0	0	0	184	0	0	0	0	0	0
Esr2	65.090909	0	473	0	243	0	0	0	0	0	0	0	0
Egr2	65.090909	0	431	0	0	0	122	163	0	0	0	0	0
Dram1	65.090909	0	716	0	0	0	0	0	0	0	0	0	0
Dnajc21	65.090909	0	501	0	215	0	0	0	0	0	0	0	0
Btla	65.090909	0	468	0	248	0	0	0	0	0	0	0	0
Maged1	65.000000	0	436	0	147	0	132	0	0	0	0	0	0
Foxo4	65.000000	0	535	0	180	0	0	0	0	0	0	0	0
Fndc10	65.000000	0	715	0	0	0	0	0	0	0	0	0	0
Commd3	65.000000	0	369	0	199	0	0	147	0	0	0	0	0
Vash1	64.909091	0	598	0	0	0	116	0	0	0	0	0	0
Sh3kbp1	64.909091	0	604	0	110	0	0	0	0	0	0	0	0
Klf8	64.909091	0	579	0	135	0	0	0	0	0	0	0	0
Cmtm7	64.909091	0	590	0	124	0	0	0	0	0	0	0	0
Armcx1	64.909091	0	515	0	199	0	0	0	0	0	0	0	0
Arhgef1	64.909091	0	400	0	0	0	200	114	0	0	0	0	0
Ifi214	64.818182	0	353	0	360	0	0	0	0	0	0	0	0
Ifi209	64.818182	0	362	0	351	0	0	0	0	0	0	0	0
Ntrk3	64.727273	0	524	0	188	0	0	0	0	0	0	0	0
Mrps34	64.727273	0	499	0	104	0	109	0	0	0	0	0	0
Mef2c	64.727273	0	246	0	187	0	167	112	0	0	0	0	0
Kmt2a	64.727273	0	438	0	0	0	143	131	0	0	0	0	0
Eme2	64.727273	0	499	0	104	0	109	0	0	0	0	0	0
Ctxn1	64.727273	0	436	0	0	0	276	0	0	0	0	0	0
Anxa2	64.727273	0	526	0	186	0	0	0	0	0	0	0	0
Zcchc14	64.636364	0	0	0	0	0	711	0	0	0	0	0	0
Tnfrsf26	64.636364	0	433	0	278	0	0	0	0	0	0	0	0
Rgs10	64.636364	0	598	0	113	0	0	0	0	0	0	0	0
Rab11fip4	64.636364	0	595	0	116	0	0	0	0	0	0	0	0
Rnf32	64.545455	0	510	0	200	0	0	0	0	0	0	0	0
Poglut3	64.545455	0	323	0	101	0	173	113	0	0	0	0	0
Ogdhl	64.545455	0	329	0	0	0	381	0	0	0	0	0	0
Acox2	64.545455	0	0	0	0	0	432	278	0	0	0	0	0
Rasgrp2	64.454545	0	553	0	156	0	0	0	0	0	0	0	0
Pogk	64.454545	0	439	0	0	0	143	127	0	0	0	0	0
Mgat4a	64.454545	0	709	0	0	0	0	0	0	0	0	0	0
Gamt	64.454545	0	320	0	176	0	213	0	0	0	0	0	0
Fgf2	64.454545	0	493	0	216	0	0	0	0	0	0	0	0
Fam111a	64.454545	0	492	0	217	0	0	0	0	0	0	0	0
Tceal1	64.363636	0	547	0	161	0	0	0	0	0	0	0	0
Taf8	64.363636	0	499	0	0	0	209	0	0	0	0	0	0
Pnmal2	64.363636	0	386	0	0	0	173	149	0	0	0	0	0
2610524H06Rik	64.363636	0	570	0	0	0	138	0	0	0	0	0	0
Chl1	64.181818	0	482	0	224	0	0	0	0	0	0	0	0
Cenpv	64.181818	0	530	0	83	0	0	93	0	0	0	0	0
Adamts3	64.181818	0	509	0	197	0	0	0	0	0	0	0	0
Nudt12	64.090909	0	478	0	227	0	0	0	0	0	0	0	0
Hhat	64.000000	0	586	0	118	0	0	0	0	0	0	0	0
Xk	63.909091	0	398	0	305	0	0	0	0	0	0	0	0
Sema7a	63.909091	0	703	0	0	0	0	0	0	0	0	0	0
Mtfr2	63.909091	0	703	0	0	0	0	0	0	0	0	0	0
Bcap29	63.909091	0	555	0	148	0	0	0	0	0	0	0	0
Plod2	63.818182	0	489	0	104	0	109	0	0	0	0	0	0
Lyplal1	63.818182	0	448	0	123	0	0	131	0	0	0	0	0
Lpp	63.818182	0	614	0	0	0	0	88	0	0	0	0	0
Kcmf1	63.818182	0	561	0	141	0	0	0	0	0	0	0	0
Prelid3a	63.727273	0	285	0	70	0	93	253	0	0	0	0	0
Mex3a	63.727273	0	701	0	0	0	0	0	0	0	0	0	0
Mtmr1	63.636364	0	597	0	103	0	0	0	0	0	0	0	0
Fam199x	63.636364	0	564	0	136	0	0	0	0	0	0	0	0
Boll	63.636364	0	700	0	0	0	0	0	0	0	0	0	0
Tdrp	63.545455	0	587	0	112	0	0	0	0	0	0	0	0
Smco4	63.545455	0	578	0	121	0	0	0	0	0	0	0	0
Nfil3	63.545455	0	567	0	132	0	0	0	0	0	0	0	0
Mtmr11	63.545455	0	526	0	173	0	0	0	0	0	0	0	0
Mapk11	63.545455	0	430	0	163	0	0	106	0	0	0	0	0
Hdac7	63.545455	0	450	0	145	0	0	104	0	0	0	0	0
Cask	63.545455	0	382	0	175	0	142	0	0	0	0	0	0
Snx9	63.454545	0	583	0	115	0	0	0	0	0	0	0	0
Gng8	63.454545	0	441	0	0	0	153	104	0	0	0	0	0
Elovl4	63.454545	0	400	0	98	0	0	200	0	0	0	0	0
Zdhhc23	63.363636	0	566	0	131	0	0	0	0	0	0	0	0
Magi1	63.363636	0	119	0	0	0	397	181	0	0	0	0	0
Kbtbd11	63.363636	0	551	0	0	0	0	146	0	0	0	0	0
Ifi213	63.363636	0	370	0	327	0	0	0	0	0	0	0	0
Gm9222	63.363636	0	410	0	90	0	197	0	0	0	0	0	0
Phf2	63.272727	0	548	0	148	0	0	0	0	0	0	0	0
Gclc	63.272727	0	574	0	122	0	0	0	0	0	0	0	0
Arhgap20	63.272727	0	394	0	302	0	0	0	0	0	0	0	0
Tab3	63.181818	0	469	0	226	0	0	0	0	0	0	0	0
Sucnr1	63.181818	0	0	0	0	0	695	0	0	0	0	0	0
Rpl17	63.181818	0	695	0	0	0	0	0	0	0	0	0	0
Ppp1r2	63.181818	0	695	0	0	0	0	0	0	0	0	0	0
Mfng	63.181818	0	516	0	179	0	0	0	0	0	0	0	0
Tox	63.090909	0	456	0	238	0	0	0	0	0	0	0	0
Rcor3	63.090909	0	573	0	121	0	0	0	0	0	0	0	0
Rad54b	63.090909	0	538	0	156	0	0	0	0	0	0	0	0
Ppp1r3e	63.090909	0	563	0	131	0	0	0	0	0	0	0	0
Msi2	63.090909	0	464	0	0	0	0	230	0	0	0	0	0
Pnpla3	63.000000	0	151	0	0	0	542	0	0	0	0	0	0
Dennd1c	63.000000	0	469	0	224	0	0	0	0	0	0	0	0
Thy1	62.909091	0	515	0	177	0	0	0	0	0	0	0	0
Sfmbt1	62.909091	0	692	0	0	0	0	0	0	0	0	0	0
Nphp1	62.909091	0	464	0	228	0	0	0	0	0	0	0	0
Nfatc1	62.909091	0	519	0	173	0	0	0	0	0	0	0	0
Mlkl	62.909091	0	490	0	202	0	0	0	0	0	0	0	0
Jdp2	62.909091	0	344	0	100	0	137	111	0	0	0	0	0
H2-Ke6	62.909091	0	359	0	0	0	333	0	0	0	0	0	0
H2-DMa	62.909091	0	274	0	0	0	418	0	0	0	0	0	0
Xylb	62.818182	0	407	0	0	0	284	0	0	0	0	0	0
Pcyox1l	62.818182	0	158	0	97	0	240	196	0	0	0	0	0
Irf4	62.727273	0	482	0	208	0	0	0	0	0	0	0	440
Tubb6	62.727273	0	108	0	178	0	213	191	0	0	0	0	0
Pif1	62.727273	0	308	0	143	0	239	0	0	0	0	0	0
Kcnh8	62.727273	0	575	0	115	0	0	0	0	0	0	0	0
Inafm2	62.727273	0	458	0	0	0	232	0	0	0	0	0	0
H3c3	62.727273	0	306	0	126	0	0	151	0	0	0	107	0
Insl6	62.636364	0	448	0	241	0	0	0	0	0	0	0	0
Bmpr1a	62.636364	0	526	0	0	0	163	0	0	0	0	0	0
Arid5b	62.636364	0	386	0	303	0	0	0	0	0	0	0	0
Ajuba	62.636364	0	339	0	133	0	0	217	0	0	0	0	0
Smad3	62.545455	0	507	0	0	0	181	0	0	0	0	0	0
Rab3il1	62.545455	0	164	0	0	0	399	125	0	0	0	0	0
Nrxn2	62.545455	0	688	0	0	0	0	0	0	0	0	0	0
Bcar3	62.545455	0	388	0	148	0	80	72	0	0	0	0	0
Rasal2	62.454545	0	377	0	124	0	186	0	0	0	0	0	0
Tril	62.363636	0	0	0	0	0	584	102	0	0	0	0	0
S1pr1	62.363636	0	488	0	123	0	0	75	0	0	0	0	0
Rhof	62.363636	0	585	0	101	0	0	0	0	0	0	0	0
Mier3	62.363636	0	403	0	283	0	0	0	0	0	0	0	0
Gse1	62.363636	0	568	0	118	0	0	0	0	0	0	0	0
Grina	62.363636	0	686	0	0	0	0	0	0	0	0	0	0
Arl6ip4	62.363636	0	686	0	0	0	0	0	0	0	0	0	0
Ramp1	62.272727	0	524	0	161	0	0	0	0	0	0	0	0
Dalrd3	62.181818	0	489	0	0	0	195	0	0	0	0	0	0
Rab37	62.090909	0	549	0	134	0	0	0	0	0	0	0	0
Phospho1	62.090909	0	409	0	0	0	274	0	0	0	0	0	0
Il7r	62.090909	0	683	0	0	0	0	0	0	0	0	0	0
Ak4	62.090909	0	435	0	0	0	114	134	0	0	0	0	0
Actrt3	62.090909	0	506	0	177	0	0	0	0	0	0	0	0
P2ry10b	62.000000	0	682	0	0	0	0	0	0	0	0	0	0
Nkrf	62.000000	0	476	0	206	0	0	0	0	0	0	0	0
Extl1	62.000000	0	546	0	136	0	0	0	0	0	0	0	0
Egln1	62.000000	0	570	0	0	0	112	0	0	0	0	0	0
Agpat1	62.000000	0	682	0	0	0	0	0	0	0	0	0	0
Maf	61.909091	0	456	0	102	0	0	123	0	0	0	0	0
Jade3	61.909091	0	451	0	109	0	121	0	0	0	0	0	0
Fzd4	61.909091	0	256	0	160	0	137	128	0	0	0	0	0
Ets1	61.909091	0	350	0	122	0	209	0	0	0	0	0	0
Atp11c	61.909091	0	572	0	0	0	109	0	0	0	0	0	0
Fbxo4	61.818182	0	534	0	146	0	0	0	0	0	0	0	0
Cyp1b1	61.818182	0	262	0	0	0	277	141	0	0	0	0	0
Aanat	61.818182	0	0	0	0	0	179	501	0	0	0	0	0
Ptprj	61.636364	0	453	0	117	0	108	0	0	0	0	0	0
Plekho1	61.636364	0	551	0	0	0	127	0	0	0	0	0	0
Mlx	61.636364	0	529	0	149	0	0	0	0	0	0	0	0
Irak1	61.636364	0	678	0	0	0	0	0	0	0	0	0	0
Armc2	61.636364	0	678	0	0	0	0	0	0	0	0	0	0
Slc7a11	61.545455	0	296	0	250	0	0	131	0	0	0	0	0
Rnf128	61.545455	0	471	0	206	0	0	0	0	0	0	0	0
Prkce	61.545455	0	677	0	0	0	0	0	0	0	0	0	0
Nuak2	61.545455	0	559	0	0	0	118	0	0	0	0	0	0
Klhl23	61.545455	0	556	0	121	0	0	0	0	0	0	0	0
Irf2bpl	61.545455	0	521	0	0	0	156	0	0	0	0	0	0
Syt14	61.454545	0	371	0	197	108	0	0	0	0	0	0	0
Cybrd1	61.454545	0	676	0	0	0	0	0	0	0	0	0	0
Marcksl1	61.363636	0	419	0	0	0	256	0	0	0	0	0	0
Kcna3	61.363636	0	391	0	155	0	129	0	0	0	0	0	0
Zfp518b	61.272727	0	423	0	0	0	251	0	0	0	0	0	0
Ulbp1	61.272727	0	491	0	183	0	0	0	0	0	0	0	0
Tgfbr2	61.272727	0	511	0	163	0	0	0	0	0	0	0	0
Prrg4	61.272727	0	490	0	184	0	0	0	0	0	0	0	0
Trpc3	61.181818	0	300	0	195	0	178	0	0	0	0	0	0
Tgtp1	61.181818	0	434	0	239	0	0	0	0	0	0	0	0
Prkcd	61.181818	0	673	0	0	0	0	0	0	0	0	0	0
Glis3	61.181818	0	429	0	244	0	0	0	0	0	0	0	0
Carmil1	61.181818	0	405	0	0	0	95	173	0	0	0	0	0
Cacng4	61.181818	0	562	0	0	0	0	111	0	0	0	0	0
Ago2	61.181818	0	584	0	89	0	0	0	0	0	0	0	0
Rcor2	61.090909	0	524	0	0	0	148	0	0	0	0	0	0
Pde2a	61.090909	0	567	0	0	0	105	0	0	0	0	0	0
Prickle2	61.000000	0	0	0	0	0	423	248	0	0	0	0	0
Ndnf	61.000000	0	472	0	199	0	0	0	0	0	0	0	0
Lpar2	61.000000	0	558	0	113	0	0	0	0	0	0	0	0
Azin2	61.000000	0	391	0	0	0	280	0	0	0	0	0	0
Srms	60.909091	0	495	0	175	0	0	0	0	0	0	0	0
Pitx3	60.909091	0	0	0	0	0	670	0	0	0	0	0	0
Myo1c	60.909091	0	579	0	0	0	91	0	0	0	0	0	0
Fam102a	60.909091	0	332	0	155	0	183	0	0	0	0	0	0
Atxn1	60.909091	0	371	0	299	0	0	0	0	0	0	0	0
Arhgef10	60.909091	0	670	0	0	0	0	0	0	0	0	0	0
Arhgap24	60.909091	0	426	0	0	0	140	104	0	0	0	0	0
Zfp36	60.818182	0	392	0	130	0	147	0	0	0	0	0	0
Ubqln2	60.818182	0	534	0	135	0	0	0	0	0	0	0	0
Neu2	60.818182	0	0	0	0	0	141	528	0	0	0	0	0
Hmga1b	60.818182	0	468	0	0	0	201	0	0	0	0	0	0
Hmga1	60.818182	0	468	0	0	0	201	0	0	0	0	0	0
Gm7609	60.818182	0	494	0	175	0	0	0	0	0	0	0	0
Ssh1	60.727273	0	553	0	115	0	0	0	0	0	0	0	0
Plin3	60.727273	0	489	0	179	0	0	0	0	0	0	0	0
Plekhg1	60.727273	0	0	0	0	0	0	165	0	0	187	316	0
H1f5	60.727273	0	285	0	294	0	0	0	0	0	0	89	0
Efemp2	60.727273	0	207	0	0	0	461	0	0	0	0	0	0
Cep85l	60.727273	0	550	0	118	0	0	0	0	0	0	0	0
AA414768	60.727273	0	548	0	120	0	0	0	0	0	0	0	0
Tmem221	60.636364	0	537	0	0	0	130	0	0	0	0	0	0
Pxylp1	60.636364	0	667	0	0	0	0	0	0	0	0	0	0
H3c1	60.636364	0	236	0	0	0	337	0	0	0	0	94	0
Glb1l2	60.636364	0	0	0	0	0	667	0	0	0	0	0	0
Galnt7	60.636364	0	667	0	0	0	0	0	0	0	0	0	0
Farp2	60.636364	0	402	0	125	0	140	0	0	0	0	0	0
Ggta1	60.545455	0	433	0	233	0	0	0	0	0	0	0	0
Foxp4	60.545455	0	460	0	105	0	0	101	0	0	0	0	0
Syde2	60.454545	0	420	0	157	0	88	0	0	0	0	0	0
C1ql3	60.454545	0	453	0	212	0	0	0	0	0	0	0	0
Coro2a	60.363636	0	664	0	0	0	0	0	0	0	0	0	0
Ralgds	60.272727	0	451	0	0	0	212	0	0	0	0	0	0
Kcnj2	60.272727	0	229	0	102	0	249	83	0	0	0	0	0
Dynll2	60.272727	0	583	0	0	0	80	0	0	0	0	0	0
Dleu7	60.272727	0	579	0	84	0	0	0	0	0	0	0	0
Cited4	60.272727	0	399	0	109	0	155	0	0	0	0	0	0
Ccdc148	60.272727	0	443	0	0	0	0	220	0	0	0	0	0
Rdx	60.181818	0	514	0	0	0	148	0	0	0	0	0	0
H1f0	60.181818	0	345	0	0	0	109	115	0	0	0	93	0
Ccdc6	60.181818	0	536	0	126	0	0	0	0	0	0	0	0
Cgas	60.090909	0	500	0	161	0	0	0	0	0	0	0	0
1110032F04Rik	60.090909	0	661	0	0	0	0	0	0	0	0	0	0
Spats2	60.000000	0	453	0	0	0	0	207	0	0	0	0	0
Rapgef3	60.000000	0	488	0	0	0	96	76	0	0	0	0	0
Hebp1	60.000000	0	418	0	0	0	242	0	0	0	0	0	0
Cbx7	60.000000	0	391	0	0	0	269	0	0	0	0	0	0
Tmem69	59.909091	0	505	0	154	0	0	0	0	0	0	0	0
Tcp11	59.909091	0	659	0	0	0	0	0	0	0	0	0	0
Prdm11	59.909091	0	659	0	0	0	0	0	0	0	0	0	0
Ghrh	59.909091	0	0	0	0	0	451	208	0	0	0	0	0
Dcbld2	59.909091	0	219	0	166	0	274	0	0	0	0	0	0
Simc1	59.818182	0	544	0	114	0	0	0	0	0	0	0	0
Fosb	59.818182	0	490	0	0	0	168	0	0	0	0	0	0
Ms4a4b	59.727273	0	323	0	334	0	0	0	0	0	0	0	0
Gramd1c	59.727273	0	535	0	122	0	0	0	0	0	0	0	0
Camk2g	59.727273	0	657	0	0	0	0	0	0	0	0	0	0
Zfp36l2	59.636364	0	317	0	0	0	232	107	0	0	0	0	0
Tsku	59.636364	0	201	0	128	0	135	192	0	0	0	0	0
Tpst1	59.636364	0	565	0	91	0	0	0	0	0	0	0	0
Tbc1d24	59.636364	0	472	0	113	0	71	0	0	0	0	0	0
Snai1	59.636364	0	291	0	140	0	225	0	0	0	0	0	0
Gpsm1	59.636364	0	494	0	0	0	162	0	0	0	0	0	0
Irs2	59.545455	0	507	0	0	0	148	0	0	0	0	0	0
Cyth4	59.545455	0	456	0	199	0	0	0	0	0	0	0	0
Brd2	59.545455	0	353	0	0	0	302	0	0	0	0	0	0
Il6ra	59.454545	0	474	0	180	0	0	0	0	0	0	0	0
Eif4g3	59.454545	0	654	0	0	0	0	0	0	0	0	0	0
Arl10	59.454545	0	654	0	0	0	0	0	0	0	0	0	0
0610030E20Rik	59.454545	0	654	0	0	0	0	0	0	0	0	0	0
Rai1	59.272727	0	652	0	0	0	0	0	0	0	0	0	0
Nop53	59.272727	0	652	0	0	0	0	0	0	0	0	0	0
Lurap1	59.272727	0	652	0	0	0	0	0	0	0	0	0	0
Gpr160	59.272727	0	652	0	0	0	0	0	0	0	0	0	0
Cecr2	59.272727	0	315	0	0	0	181	156	0	0	0	0	0
Btn1a1	59.272727	0	484	0	168	0	0	0	0	0	0	0	0
H4bc24	59.181818	0	513	0	0	0	0	138	0	0	0	0	0
H2bc23	59.181818	0	513	0	0	0	0	138	0	0	0	0	0
H2ac24	59.181818	0	513	0	0	0	0	138	0	0	0	0	0
H2ac23	59.181818	0	513	0	0	0	0	138	0	0	0	0	0
Arhgap9	59.181818	0	422	0	229	0	0	0	0	0	0	0	0
Tmem156	59.000000	0	649	0	0	0	0	0	0	0	0	0	0
Ppp1r16b	59.000000	0	549	0	100	0	0	0	0	0	0	0	0
Plpp3	59.000000	0	342	0	0	0	178	129	0	0	0	0	0
Rnf213	58.909091	0	557	0	0	0	91	0	0	0	0	0	0
Rapgefl1	58.909091	0	648	0	0	0	0	0	0	0	0	0	0
Nek5	58.909091	0	513	0	135	0	0	0	0	0	0	0	0
Il16	58.909091	0	648	0	0	0	0	0	0	0	0	0	0
Fgfrl1	58.909091	0	416	0	0	0	232	0	0	0	0	0	0
Efna3	58.909091	0	174	0	128	0	346	0	0	0	0	0	0
Csnk2a2	58.909091	0	506	0	142	0	0	0	0	0	0	0	0
Chsy1	58.909091	0	371	0	155	0	122	0	0	0	0	0	0
Ccdc28b	58.909091	0	456	0	0	0	192	0	0	0	0	0	0
Rasa2	58.818182	0	523	0	0	0	124	0	0	0	0	0	0
Irs1	58.818182	0	375	0	0	0	154	118	0	0	0	0	0
Hipk2	58.818182	0	541	0	106	0	0	0	0	0	0	0	0
Grk2	58.818182	0	458	0	189	0	0	0	0	0	0	0	0
Cul9	58.727273	0	646	0	0	0	0	0	0	0	0	0	0
Ccdc38	58.727273	0	425	0	221	0	0	0	0	0	0	0	0
Amdhd1	58.727273	0	425	0	221	0	0	0	0	0	0	0	0
Tlr3	58.636364	0	385	0	260	0	0	0	0	0	0	0	0
Dnaja4	58.636364	0	515	0	130	0	0	0	0	0	0	0	0
2610318N02Rik	58.636364	0	464	0	111	0	0	70	0	0	0	0	0
Zeb2	58.545455	0	504	0	140	0	0	0	0	0	0	0	0
Myef2	58.545455	0	473	0	171	0	0	0	0	0	0	0	0
Myc	58.545455	0	414	0	142	0	0	0	0	0	0	88	0
Epop	58.545455	0	372	0	0	0	272	0	0	0	0	0	0
Tox2	58.454545	0	534	0	109	0	0	0	0	0	0	0	0
Jade1	58.454545	0	367	0	276	0	0	0	0	0	0	0	0
Zswim5	58.363636	0	411	0	141	0	90	0	0	0	0	0	0
Zfp976	58.363636	0	507	0	135	0	0	0	0	0	0	0	0
H4c18	58.363636	0	314	0	0	0	134	0	0	0	0	194	0
Trim36	58.272727	0	450	0	0	0	110	81	0	0	0	0	0
Inppl1	58.272727	0	641	0	0	0	0	0	0	0	0	0	0
Hdgfl3	58.272727	0	466	0	175	0	0	0	0	0	0	0	0
Fgf13	58.272727	0	452	0	189	0	0	0	0	0	0	0	0
Dpysl5	58.272727	0	317	0	117	0	0	207	0	0	0	0	0
Cul7	58.272727	0	381	0	0	0	260	0	0	0	0	0	0
Dynlrb2	58.181818	0	526	0	0	0	0	114	0	0	0	0	0
Tigd3	58.090909	0	375	0	0	0	264	0	0	0	0	0	0
Selplg	58.090909	0	513	0	126	0	0	0	0	0	0	0	0
Rev1	58.090909	0	409	0	112	0	118	0	0	0	0	0	0
Mfhas1	58.090909	0	548	0	0	0	91	0	0	0	0	0	0
Dtx1	58.090909	0	500	0	139	0	0	0	0	0	0	0	0
Basp1	58.090909	0	337	0	186	0	0	116	0	0	0	0	0
Rflnb	58.000000	0	429	0	0	0	209	0	0	0	0	0	0
Klhl22	58.000000	0	638	0	0	0	0	0	0	0	0	0	0
Hmgb3	58.000000	0	413	0	139	0	86	0	0	0	0	0	0
Axin2	58.000000	0	507	0	0	0	131	0	0	0	0	0	0
Arpp21	58.000000	0	455	0	183	0	0	0	0	0	0	0	0
Upp2	57.909091	0	637	0	0	0	0	0	0	0	0	0	0
Slc16a3	57.909091	0	513	0	124	0	0	0	0	0	0	0	0
Gimap6	57.909091	0	637	0	0	0	0	0	0	0	0	0	0
Gimap4	57.909091	0	406	0	231	0	0	0	0	0	0	0	0
Dusp3	57.909091	0	148	0	0	0	233	256	0	0	0	0	0
Tnpo2	57.818182	0	466	0	170	0	0	0	0	0	0	0	0
Sema4f	57.818182	0	512	0	124	0	0	0	0	0	0	0	0
Grid1	57.818182	0	0	0	0	0	501	135	0	0	0	0	0
Fgfr1	57.818182	0	185	0	0	0	451	0	0	0	0	0	0
Etnk2	57.818182	0	495	0	0	0	141	0	0	0	0	0	0
Ctif	57.818182	0	539	0	0	0	97	0	0	0	0	0	0
Arxes1	57.818182	0	378	0	124	0	0	134	0	0	0	0	0
9930012K11Rik	57.818182	0	636	0	0	0	0	0	0	0	0	0	0
Xlr4b	57.727273	0	512	0	123	0	0	0	0	0	0	0	0
Tnfrsf13c	57.727273	0	635	0	0	0	0	0	0	0	0	0	0
Gstt1	57.727273	0	381	0	254	0	0	0	0	0	0	0	0
Fyb	57.727273	0	388	0	247	0	0	0	0	0	0	0	0
Castor1	57.727273	0	635	0	0	0	0	0	0	0	0	0	0
1700016H13Rik	57.727273	0	436	0	199	0	0	0	0	0	0	0	0
Rangrf	57.636364	0	555	0	0	0	0	79	0	0	0	0	0
Slc10a6	57.545455	0	0	0	0	0	386	247	0	0	0	0	0
Chd7	57.545455	0	526	0	0	0	107	0	0	0	0	0	0
Amigo1	57.545455	0	633	0	0	0	0	0	0	0	0	0	0
Lima1	57.454545	0	453	0	0	0	179	0	0	0	0	0	0
Irf2bp1	57.454545	0	488	0	0	0	144	0	0	0	0	0	0
Acot5	57.454545	0	632	0	0	0	0	0	0	0	0	0	0
Mllt11	57.363636	0	475	0	0	0	156	0	0	0	0	0	0
Fam83g	57.363636	0	631	0	0	0	0	0	0	0	0	0	0
Zfp385a	57.272727	0	630	0	0	0	0	0	0	0	0	0	0
Foxo1	57.272727	0	533	0	0	0	97	0	0	0	0	0	0
Ube2a	57.181818	0	456	0	0	0	0	173	0	0	0	0	0
Robo1	57.181818	0	0	0	0	0	0	629	0	0	0	0	0
Hmgn3	57.181818	0	440	0	0	0	189	0	0	0	0	0	0
Tmem150a	56.909091	0	341	0	0	0	285	0	0	0	0	0	0
Lrrc73	56.909091	0	440	0	0	0	186	0	0	0	0	0	0
Golm1	56.909091	0	376	0	250	0	0	0	0	0	0	0	0
Cxxc5	56.818182	0	430	0	0	0	195	0	0	0	0	0	0
Cisd1	56.818182	0	625	0	0	0	0	0	0	0	0	0	0
Myorg	56.727273	0	0	0	0	0	519	105	0	0	0	0	0
Mllt3	56.727273	0	503	0	0	0	121	0	0	0	0	0	0
Adarb1	56.727273	0	203	0	110	0	226	85	0	0	0	0	0
Tdrd5	56.636364	0	462	0	161	0	0	0	0	0	0	0	0
Nefh	56.636364	0	495	0	128	0	0	0	0	0	0	0	0
St14	56.545455	0	489	0	133	0	0	0	0	0	0	0	0
Slc27a1	56.545455	0	431	0	0	0	191	0	0	0	0	0	0
Ptma	56.545455	0	410	0	0	0	212	0	0	0	0	0	0
Chst2	56.545455	0	358	0	0	0	167	97	0	0	0	0	0
Fads6	56.454545	0	621	0	0	0	0	0	0	0	0	0	0
Csrp2	56.454545	0	459	0	0	0	162	0	0	0	0	0	0
Csnk1e	56.454545	0	621	0	0	0	0	0	0	0	0	0	0
Coro6	56.454545	0	101	0	0	0	329	191	0	0	0	0	0
Cacna1c	56.454545	0	254	0	225	0	0	142	0	0	0	0	0
Ms4a6b	56.363636	0	411	0	209	0	0	0	0	0	0	0	0
Car2	56.363636	0	502	0	118	0	0	0	0	0	0	0	0
Traf4	56.272727	0	482	0	0	0	137	0	0	0	0	0	0
Tanc1	56.272727	0	489	0	130	0	0	0	0	0	0	0	0
Niban1	56.272727	0	504	0	115	0	0	0	0	0	0	0	0
Man1a	56.272727	0	462	0	157	0	0	0	0	0	0	0	0
Coro1a	56.272727	0	464	0	155	0	0	0	0	0	0	0	0
Traf1	56.181818	0	444	0	174	0	0	0	0	0	0	0	0
Palm	56.181818	0	443	0	0	0	78	97	0	0	0	0	0
Npepl1	56.181818	0	525	0	93	0	0	0	0	0	0	0	0
Kif21a	56.181818	0	0	0	0	0	318	300	0	0	0	0	0
Bcl2	56.181818	0	513	0	0	0	0	105	0	0	0	0	0
Yes1	56.090909	0	458	0	159	0	0	0	0	0	0	0	0
Tnfaip6	56.090909	0	0	0	0	0	232	385	0	0	0	0	0
Prkar2a	56.090909	0	481	0	136	0	0	0	0	0	0	0	0
Pmel	56.090909	0	144	0	0	0	473	0	0	0	0	0	0
Phldb2	56.090909	0	160	0	0	0	127	330	0	0	0	0	0
Heg1	56.090909	0	459	0	158	0	0	0	0	0	0	0	0
Arxes2	56.090909	0	491	0	126	0	0	0	0	0	0	0	0
Scml2	56.000000	0	464	0	152	0	0	0	0	0	0	0	0
Rab39	56.000000	0	213	0	112	0	291	0	0	0	0	0	0
Oas3	56.000000	0	496	0	120	0	0	0	0	0	0	0	0
Kctd1	56.000000	0	519	0	0	0	0	97	0	0	0	0	0
Cfap299	56.000000	0	477	0	139	0	0	0	0	0	0	0	0
Bmf	56.000000	0	419	0	0	0	197	0	0	0	0	0	0
Ppfibp2	55.909091	0	389	0	115	0	0	111	0	0	0	0	0
Crppa	55.909091	0	615	0	0	0	0	0	0	0	0	0	0
Xlr4c	55.818182	0	486	0	128	0	0	0	0	0	0	0	0
Oas1a	55.818182	0	331	0	283	0	0	0	0	0	0	0	0
Hcfc1	55.818182	0	614	0	0	0	0	0	0	0	0	0	0
Dnah9	55.818182	0	0	0	0	0	614	0	0	0	0	0	0
Crybg3	55.818182	0	301	0	144	0	169	0	0	0	0	0	0
Smo	55.727273	0	438	0	0	0	175	0	0	0	0	0	0
Cstad	55.727273	0	542	0	71	0	0	0	0	0	0	0	0
Arf5	55.727273	0	613	0	0	0	0	0	0	0	0	0	0
Adcy9	55.727273	0	420	0	0	0	193	0	0	0	0	0	0
Prickle4	55.636364	0	311	0	0	0	301	0	0	0	0	0	0
Hrh2	55.636364	0	461	0	151	0	0	0	0	0	0	0	0
Frs3	55.636364	0	311	0	0	0	301	0	0	0	0	0	0
S1pr4	55.545455	0	611	0	0	0	0	0	0	0	0	0	0
Mid1	55.545455	0	433	0	178	0	0	0	0	0	0	0	0
Mfsd13a	55.545455	0	490	0	121	0	0	0	0	0	0	0	0
Mageh1	55.545455	0	135	0	0	0	301	175	0	0	0	0	0
Kcnk6	55.545455	0	611	0	0	0	0	0	0	0	0	0	0
Gm12185	55.545455	0	431	0	180	0	0	0	0	0	0	0	0
Gas7	55.545455	0	0	0	0	0	323	288	0	0	0	0	0
Gas2l1	55.545455	0	347	0	0	0	125	139	0	0	0	0	0
Dok4	55.545455	0	204	0	96	0	311	0	0	0	0	0	0
Bcl9l	55.545455	0	501	0	110	0	0	0	0	0	0	0	0
BC147527	55.545455	0	377	0	234	0	0	0	0	0	0	0	0
Anks1	55.545455	0	611	0	0	0	0	0	0	0	0	0	0
Matk	55.454545	0	610	0	0	0	0	0	0	0	0	0	0
Cmtm8	55.454545	0	459	0	151	0	0	0	0	0	0	0	0
Rgs7bp	55.363636	0	422	0	0	0	78	109	0	0	0	0	0
Lmo4	55.363636	0	408	0	201	0	0	0	0	0	0	0	0
Iqsec1	55.363636	0	479	0	130	0	0	0	0	0	0	0	0
H4c8	55.363636	0	402	0	92	0	0	115	0	0	0	0	0
Camk2n1	55.363636	0	609	0	0	0	0	0	0	0	0	0	0
Nectin1	55.272727	0	436	0	172	0	0	0	0	0	0	0	0
Ifi208	55.272727	0	335	0	273	0	0	0	0	0	0	0	0
Arhgap15	55.272727	0	608	0	0	0	0	0	0	0	0	0	0
Paip1	55.181818	0	607	0	0	0	0	0	0	0	0	0	0
Lgals1	55.181818	0	507	0	0	0	100	0	0	0	0	0	0
Kcna2	55.181818	0	452	0	155	0	0	0	0	0	0	0	0
Bcar1	55.181818	0	359	0	0	0	248	0	0	0	0	0	0
Ikzf3	55.090909	0	435	0	171	0	0	0	0	0	0	0	0
Gpc1	55.090909	0	606	0	0	0	0	0	0	0	0	0	0
Gm12250	55.090909	0	403	0	203	0	0	0	0	0	0	0	0
G6pc3	55.090909	0	452	0	154	0	0	0	0	0	0	0	0
Sorcs2	55.000000	0	605	0	0	0	0	0	0	0	0	0	0
Rbm24	55.000000	0	361	0	0	0	127	117	0	0	0	0	0
Kifc3	55.000000	0	231	0	0	0	220	154	0	0	0	0	0
Hoxa1	55.000000	0	605	0	0	0	0	0	0	0	0	0	0
Acsf2	55.000000	0	406	0	125	0	0	74	0	0	0	0	0
Tmem220	54.909091	0	429	0	0	0	175	0	0	0	0	0	0
Plekhh1	54.909091	0	243	0	135	0	0	226	0	0	0	0	0
Otub2	54.909091	0	429	0	0	0	97	78	0	0	0	0	0
Nrn1l	54.909091	0	0	0	0	0	417	187	0	0	0	0	0
Gramd1a	54.909091	0	431	0	173	0	0	0	0	0	0	0	0
Dlg3	54.909091	0	493	0	111	0	0	0	0	0	0	0	0
Clcf1	54.909091	0	459	0	0	0	0	145	0	0	0	0	0
Wdr54	54.818182	0	337	0	0	0	136	130	0	0	0	0	0
Tmod2	54.818182	0	0	0	0	0	201	402	0	0	0	0	0
Pcdhgb6	54.818182	0	603	0	0	0	0	0	0	0	0	0	0
Nme3	54.818182	0	499	0	104	0	0	0	0	0	0	0	0
Hoxb4	54.818182	0	603	0	0	0	0	0	0	0	0	0	0
1700003E16Rik	54.818182	0	337	0	0	0	136	130	0	0	0	0	0
Tlr1	54.727273	0	317	0	285	0	0	0	0	0	0	0	0
Pnp2	54.727273	0	602	0	0	0	0	0	0	0	0	0	0
Neto2	54.727273	0	379	0	144	0	0	79	0	0	0	0	0
Hey1	54.727273	0	454	0	148	0	0	0	0	0	0	0	0
App	54.727273	0	494	0	108	0	0	0	0	0	0	0	0
Trim5	54.636364	0	601	0	0	0	0	0	0	0	0	0	0
Sh3bp1	54.636364	0	601	0	0	0	0	0	0	0	0	0	0
Pitpnm2	54.636364	0	483	0	118	0	0	0	0	0	0	0	0
Ntn1	54.636364	0	601	0	0	0	0	0	0	0	0	0	0
Gcnt2	54.636364	0	240	0	137	0	224	0	0	0	0	0	0
Clcn2	54.636364	0	242	0	88	0	271	0	0	0	0	0	0
Zfp618	54.545455	0	287	146	167	0	0	0	0	0	0	0	0
Usp51	54.545455	0	506	0	94	0	0	0	0	0	0	0	0
Il2rb	54.545455	0	427	0	173	0	0	0	0	0	0	0	0
Zfp870	54.454545	0	384	0	102	0	0	113	0	0	0	0	0
Ssh3	54.454545	0	599	0	0	0	0	0	0	0	0	0	0
Lif	54.454545	0	599	0	0	0	0	0	0	0	0	0	0
Flvcr2	54.454545	0	599	0	0	0	0	0	0	0	0	0	0
Rims3	54.363636	0	598	0	0	0	0	0	0	0	0	0	0
Rhobtb1	54.363636	0	169	0	123	0	197	109	0	0	0	0	0
Dst	54.363636	0	387	0	0	0	133	78	0	0	0	0	0
Arhgap21	54.363636	0	493	0	105	0	0	0	0	0	0	0	0
A930033H14Rik	54.363636	0	169	0	123	0	197	109	0	0	0	0	0
Ube2l6	54.272727	0	389	0	208	0	0	0	0	0	0	0	0
Ifi30	54.272727	0	461	0	136	0	0	0	0	0	0	0	0
Adgrl1	54.272727	0	469	0	0	0	0	128	0	0	0	0	0
Slc2a12	54.181818	0	596	0	0	0	0	0	0	0	0	0	0
Fah	54.181818	0	464	0	132	0	0	0	0	0	0	0	0
Bbc3	54.181818	0	596	0	0	0	0	0	0	0	0	0	0
Tusc1	54.090909	0	459	0	136	0	0	0	0	0	0	0	0
Sfmbt2	54.090909	0	595	0	0	0	0	0	0	0	0	0	0
Hspb3	54.090909	0	0	0	0	0	480	115	0	0	0	0	0
Dennd2a	54.090909	0	236	0	82	0	277	0	0	0	0	0	0
Ccdc102a	54.090909	0	483	0	112	0	0	0	0	0	0	0	0
Pip5k1b	54.000000	0	474	0	120	0	0	0	0	0	0	0	0
Adora2b	54.000000	0	360	0	0	0	234	0	0	0	0	0	0
Rnf150	53.909091	0	395	0	0	0	0	198	0	0	0	0	0
Lhx2	53.909091	0	314	0	0	0	174	105	0	0	0	0	0
Kcnc3	53.909091	0	0	0	0	0	501	92	0	0	0	0	0
Gpr161	53.909091	0	0	0	0	0	267	326	0	0	0	0	0
Socs2	53.818182	0	204	0	84	0	199	105	0	0	0	0	0
Mypop	53.818182	0	105	0	0	0	281	206	0	0	0	0	0
Elac1	53.818182	0	455	0	137	0	0	0	0	0	0	0	0
Tnfsf18	53.727273	0	0	0	0	0	171	420	0	0	0	0	0
Sestd1	53.727273	0	371	0	104	0	116	0	0	0	0	0	0
Pou6f1	53.727273	0	436	0	155	0	0	0	0	0	0	0	0
Plekhb1	53.727273	0	0	0	0	0	367	224	0	0	0	0	0
Ocrl	53.727273	0	522	0	69	0	0	0	0	0	0	0	0
Igsf11	53.727273	0	416	0	0	0	175	0	0	0	0	0	0
Oaf	53.636364	0	412	0	0	0	83	95	0	0	0	0	0
Grm8	53.636364	0	308	0	282	0	0	0	0	0	0	0	0
Shisal2b	53.545455	0	589	0	0	0	0	0	0	0	0	0	0
Pstpip2	53.454545	0	588	0	0	0	0	0	0	0	0	0	0
Tmem132a	53.363636	0	448	0	0	0	0	139	0	0	0	0	0
Tbc1d4	53.363636	0	327	0	0	0	109	151	0	0	0	0	0
Pltp	53.363636	0	433	0	154	0	0	0	0	0	0	0	0
Nme5	53.363636	0	422	0	165	0	0	0	0	0	0	0	0
Calr3	53.363636	0	341	0	0	0	133	113	0	0	0	0	0
Art5	53.363636	0	587	0	0	0	0	0	0	0	0	0	0
1700030K09Rik	53.363636	0	341	0	0	0	133	113	0	0	0	0	0
Bcl11a	53.272727	0	586	0	0	0	0	0	0	0	0	0	0
Smad7	53.181818	0	249	0	0	0	336	0	0	0	0	0	0
Mlf1	53.181818	0	0	0	117	0	468	0	0	0	0	0	0
Cysltr2	53.181818	0	319	0	266	0	0	0	0	0	0	0	0
Cd28	53.181818	0	415	0	170	0	0	0	0	0	0	0	0
Tekt4	53.090909	0	0	0	0	0	335	249	0	0	0	0	0
Tal1	53.090909	0	286	0	298	0	0	0	0	0	0	0	0
H2bc7	53.090909	0	399	0	112	0	0	0	0	0	0	73	0
H2ac7	53.090909	0	399	0	112	0	0	0	0	0	0	73	0
Vegfa	53.000000	0	372	0	0	0	211	0	0	0	0	0	0
Slc4a2	53.000000	0	583	0	0	0	0	0	0	0	0	0	0
Sell	53.000000	0	364	0	219	0	0	0	0	0	0	0	0
Sirt4	52.909091	0	398	0	0	0	184	0	0	0	0	0	0
Car12	52.909091	0	400	0	182	0	0	0	0	0	0	0	0
Aff3	52.909091	0	400	0	182	0	0	0	0	0	0	0	0
Kdm5b	52.818182	0	581	0	0	0	0	0	0	0	0	0	0
Hs3st3b1	52.818182	0	297	0	0	0	284	0	0	0	0	0	0
Zfp521	52.727273	0	144	0	219	0	217	0	0	0	0	0	0
Itgb8	52.727273	0	178	0	0	0	240	162	0	0	0	0	0
Ccr7	52.727273	0	442	0	138	0	0	0	0	0	0	0	0
Bahcc1	52.727273	0	0	0	0	0	580	0	0	0	0	0	0
Apol7b	52.727273	0	372	0	208	0	0	0	0	0	0	0	0
Thra	52.636364	0	579	0	0	0	0	0	0	0	0	0	0
Fgf18	52.636364	0	275	0	187	0	0	117	0	0	0	0	0
4931414P19Rik	52.636364	0	579	0	0	0	0	0	0	0	0	0	0
Sbf2	52.545455	0	299	0	129	0	150	0	0	0	0	0	0
Rhob	52.545455	0	578	0	0	0	0	0	0	0	0	0	0
Ica1l	52.545455	0	439	0	139	0	0	0	0	0	0	0	0
Fmn1	52.545455	0	0	0	0	0	389	189	0	0	0	0	0
Dip2c	52.545455	0	458	0	0	0	0	120	0	0	0	0	0
Trat1	52.454545	0	361	0	216	0	0	0	0	0	0	0	0
Spsb2	52.454545	0	310	0	267	0	0	0	0	0	0	0	0
Gpr137b	52.454545	0	436	0	141	0	0	0	0	0	0	0	0
Lck	52.363636	0	424	0	152	0	0	0	0	0	0	0	0
Ikzf4	52.363636	0	576	0	0	0	0	0	0	0	0	0	0
Emid1	52.363636	0	576	0	0	0	0	0	0	0	0	0	0
Zc3h12b	52.272727	0	575	0	0	0	0	0	0	0	0	0	0
Six4	52.272727	0	456	0	119	0	0	0	0	0	0	0	0
Ncln	52.272727	0	259	0	0	0	189	127	0	0	0	0	0
H2-Oa	52.272727	0	575	0	0	0	0	0	0	0	0	0	0
Gfpt2	52.272727	0	281	0	0	0	294	0	0	0	0	0	0
Ube2m	52.181818	0	574	0	0	0	0	0	0	0	0	0	0
Ly6e	52.181818	0	574	0	0	0	0	0	0	0	0	0	0
Cacnb3	52.181818	0	478	0	96	0	0	0	0	0	0	0	0
Zfp947	52.090909	0	364	0	209	0	0	0	0	0	0	0	0
Ints5	52.090909	0	424	0	149	0	0	0	0	0	0	0	0
Esr1	52.090909	0	441	0	132	0	0	0	0	0	0	0	0
Thrb	52.000000	0	406	0	166	0	0	0	0	0	0	0	0
Rnf157	52.000000	0	449	0	0	0	123	0	0	0	0	0	0
Ntn4	52.000000	0	572	0	0	0	0	0	0	0	0	0	0
Flot1	52.000000	0	464	0	0	0	108	0	0	0	0	0	0
Gabbr1	51.909091	0	571	0	0	0	0	0	0	0	0	0	0
Frmd4b	51.909091	0	450	0	0	0	0	121	0	0	0	0	0
Esco2	51.909091	0	267	0	0	0	304	0	0	0	0	0	0
Catsperg1	51.909091	0	485	0	86	0	0	0	0	0	0	0	0
Zfp704	51.818182	0	452	0	0	0	0	118	0	0	0	0	0
Rbm15b	51.818182	0	395	0	0	0	175	0	0	0	0	0	0
Ncam1	51.818182	0	114	0	0	131	76	249	0	0	0	0	0
Hddc3	51.818182	0	570	0	0	0	0	0	0	0	0	0	0
Ccdc114	51.818182	0	570	0	0	0	0	0	0	0	0	0	0
Caps2	51.818182	0	0	0	0	0	310	260	0	0	0	0	0
Rundc3a	51.727273	0	370	0	0	0	199	0	0	0	0	0	0
Rbpms2	51.727273	0	569	0	0	0	0	0	0	0	0	0	0
Dlx1	51.727273	0	459	0	110	0	0	0	0	0	0	0	0
Tmem8b	51.636364	0	568	0	0	0	0	0	0	0	0	0	0
Fam221b	51.636364	0	568	0	0	0	0	0	0	0	0	0	0
Actg1	51.636364	0	454	0	114	0	0	0	0	0	0	0	0
Sema3f	51.545455	0	567	0	0	0	0	0	0	0	0	0	0
Tnfrsf25	51.454545	0	461	0	105	0	0	0	0	0	0	0	0
Scamp5	51.454545	0	342	0	0	0	100	124	0	0	0	0	0
Prxl2b	51.454545	0	319	0	0	0	247	0	0	0	0	0	0
Dnah1	51.454545	0	316	0	0	0	171	79	0	0	0	0	0
Cyp4f16	51.454545	0	124	0	157	0	190	95	0	0	0	0	0
Csf2ra	51.454545	0	479	0	0	0	87	0	0	0	0	0	0
Btbd17	51.454545	0	211	0	0	0	215	140	0	0	0	0	0
Plxnb2	51.363636	0	365	0	75	0	125	0	0	0	0	0	0
Ung	51.181818	0	563	0	0	0	0	0	0	0	0	0	0
Hpdl	51.181818	0	382	0	0	0	181	0	0	0	0	0	0
H3c2	51.181818	0	367	0	97	0	0	0	0	0	0	99	0
Gucy2g	51.181818	0	300	0	169	0	0	94	0	0	0	0	0
Tnrc18	51.090909	0	284	0	278	0	0	0	0	0	0	0	0
Tet1	51.090909	0	370	0	192	0	0	0	0	0	0	0	0
Pcdhga7	51.090909	0	414	0	148	0	0	0	0	0	0	0	0
Epm2a	51.090909	0	375	0	187	0	0	0	0	0	0	0	0
Angptl4	51.090909	0	432	0	130	0	0	0	0	0	0	0	0
Sox6	51.000000	0	0	0	180	0	131	250	0	0	0	0	0
Myo18a	51.000000	0	561	0	0	0	0	0	0	0	0	0	0
Dpf3	51.000000	0	319	0	0	0	242	0	0	0	0	0	0
Sema6d	50.909091	0	147	0	0	0	314	99	0	0	0	0	0
Mcam	50.909091	0	318	0	0	0	97	145	0	0	0	0	0
Klf9	50.909091	0	448	0	0	0	112	0	0	0	0	0	0
Fam114a1	50.909091	0	560	0	0	0	0	0	0	0	0	0	0
Rab6b	50.818182	0	461	0	98	0	0	0	0	0	0	0	0
Arid2	50.818182	0	393	0	0	0	166	0	0	0	0	0	0
Zfx	50.727273	0	474	0	0	0	84	0	0	0	0	0	0
Sapcd2	50.727273	0	558	0	0	0	0	0	0	0	0	0	0
Pifo	50.727273	0	310	0	248	0	0	0	0	0	0	0	0
Lpgat1	50.727273	0	558	0	0	0	0	0	0	0	0	0	0
Kdm6a	50.727273	0	558	0	0	0	0	0	0	0	0	0	0
Gpr183	50.727273	0	407	0	151	0	0	0	0	0	0	0	0
Thsd1	50.636364	0	384	0	173	0	0	0	0	0	0	0	0
Slc7a4	50.636364	0	557	0	0	0	0	0	0	0	0	0	0
Septin4	50.636364	0	430	0	0	0	127	0	0	0	0	0	0
Gpr85	50.636364	0	250	0	172	135	0	0	0	0	0	0	0
Tm4sf1	50.545455	0	0	0	0	0	284	272	0	0	0	0	0
Stard10	50.545455	0	556	0	0	0	0	0	0	0	0	0	0
Rtkn	50.545455	0	112	0	0	0	284	160	0	0	0	0	0
Lyzl4	50.545455	0	556	0	0	0	0	0	0	0	0	0	0
Dhrs3	50.545455	0	556	0	0	0	0	0	0	0	0	0	0
Cdc42bpg	50.545455	0	556	0	0	0	0	0	0	0	0	0	0
Ablim3	50.545455	0	556	0	0	0	0	0	0	0	0	0	0
Tlcd5	50.454545	0	347	0	0	0	208	0	0	0	0	0	0
Cracdl	50.454545	0	555	0	0	0	0	0	0	0	0	0	0
Furin	50.363636	0	389	0	165	0	0	0	0	0	0	0	0
Dennd5a	50.272727	0	417	0	136	0	0	0	0	0	0	0	0
Chic1	50.272727	0	354	0	199	0	0	0	0	0	0	0	0
Ccrl2	50.272727	0	399	0	154	0	0	0	0	0	0	0	0
Zfp839	50.181818	0	552	0	0	0	0	0	0	0	0	0	0
Rnd3	50.181818	0	270	0	145	0	137	0	0	0	0	0	0
Reep2	50.181818	0	328	0	0	0	224	0	0	0	0	0	0
Mcoln3	50.181818	0	450	0	102	0	0	0	0	0	0	0	0
Cbln3	50.181818	0	389	0	0	0	163	0	0	0	0	0	0
1110017D15Rik	50.181818	0	138	0	0	0	0	0	211	203	0	0	0
Rab31	50.090909	0	110	0	0	0	441	0	0	0	0	0	0
Piezo1	50.090909	0	414	0	137	0	0	0	0	0	0	0	0
Nipa1	50.090909	0	367	0	184	0	0	0	0	0	0	0	0
Fam131a	50.090909	0	112	0	0	0	337	102	0	0	0	0	0
Zc3hav1l	49.909091	0	451	0	98	0	0	0	0	0	0	0	0
Nckap1	49.909091	0	442	0	107	0	0	0	0	0	0	0	0
Map10	49.909091	0	549	0	0	0	0	0	0	0	0	0	0
Dgkh	49.909091	0	260	0	0	0	101	188	0	0	0	0	0
Rps6ka3	49.818182	0	350	0	0	0	198	0	0	0	0	0	0
Gpr174	49.818182	0	548	0	0	0	0	0	0	0	0	0	0
Slfn10-ps	49.727273	0	387	0	160	0	0	0	0	0	0	0	0
P3h4	49.727273	0	376	0	0	0	171	0	0	0	0	0	0
Gpm6a	49.727273	0	0	0	0	0	295	252	0	0	0	0	0
Fkbp10	49.727273	0	376	0	0	0	171	0	0	0	0	0	0
Cux1	49.727273	0	547	0	0	0	0	0	0	0	0	0	0
Armcx4	49.727273	0	462	0	0	0	0	85	0	0	0	0	0
Pnmal1	49.636364	0	0	0	0	0	299	247	0	0	0	0	0
Pknox2	49.636364	0	546	0	0	0	0	0	0	0	0	0	0
Ctla4	49.636364	0	546	0	0	0	0	0	0	0	0	0	0
Bbx	49.636364	0	546	0	0	0	0	0	0	0	0	0	0
B3gnt3	49.636364	0	420	0	126	0	0	0	0	0	0	0	0
Notch3	49.545455	0	374	0	0	0	171	0	0	0	0	0	0
Cfap74	49.545455	0	315	0	0	0	106	124	0	0	0	0	0
Cerk	49.545455	0	545	0	0	0	0	0	0	0	0	0	0
Tlcd3a	49.454545	0	319	0	118	0	107	0	0	0	0	0	0
Tfap2a	49.454545	0	377	0	167	0	0	0	0	0	0	0	0
Iqgap3	49.454545	0	402	0	0	0	142	0	0	0	0	0	0
Gsdme	49.454545	0	544	0	0	0	0	0	0	0	0	0	0
Cyp2s1	49.363636	0	543	0	0	0	0	0	0	0	0	0	0
Bin1	49.363636	0	163	0	0	0	380	0	0	0	0	0	0
Ank	49.363636	0	543	0	0	0	0	0	0	0	0	0	0
Agap3	49.363636	0	457	0	86	0	0	0	0	0	0	0	0
Trpm3	49.272727	0	0	0	0	0	354	188	0	0	0	0	0
Kcnn1	49.272727	0	0	0	0	0	542	0	0	0	0	0	0
Enpp5	49.272727	0	542	0	0	0	0	0	0	0	0	0	0
Arc	49.272727	0	542	0	0	0	0	0	0	0	0	0	0
Adamtsl2	49.272727	0	69	0	0	0	276	197	0	0	0	0	0
Prr18	49.181818	0	149	0	0	0	228	164	0	0	0	0	0
Mycl	49.181818	0	439	0	102	0	0	0	0	0	0	0	0
Eng	49.181818	0	541	0	0	0	0	0	0	0	0	0	0
Vat1	49.090909	0	540	0	0	0	0	0	0	0	0	0	0
Palld	49.090909	0	382	0	0	0	0	158	0	0	0	0	0
Osbpl6	49.090909	0	284	0	139	0	117	0	0	0	0	0	0
Lrp5	49.090909	0	540	0	0	0	0	0	0	0	0	0	0
Klf4	49.090909	0	404	0	136	0	0	0	0	0	0	0	0
Dgkg	49.090909	0	540	0	0	0	0	0	0	0	0	0	0
Gpr15	49.000000	0	0	0	0	0	388	151	0	0	0	0	0
Ahnak	49.000000	0	539	0	0	0	0	0	0	0	0	0	0
Nacc1	48.909091	0	538	0	0	0	0	0	0	0	0	0	0
Gprasp2	48.909091	0	538	0	0	0	0	0	0	0	0	0	0
Gpr176	48.909091	0	355	0	183	0	0	0	0	0	0	0	0
Foxq1	48.909091	0	358	0	180	0	0	0	0	0	0	0	0
Trim7	48.818182	0	453	0	84	0	0	0	0	0	0	0	0
Stag2	48.818182	0	411	0	126	0	0	0	0	0	0	0	0
Rap1gap2	48.727273	0	410	0	126	0	0	0	0	0	0	0	0
Per1	48.727273	0	292	0	89	0	155	0	0	0	0	0	0
Npepps	48.727273	0	536	0	0	0	0	0	0	0	0	0	0
Flt4	48.727273	0	536	0	0	0	0	0	0	0	0	0	0
Stk39	48.636364	0	442	0	93	0	0	0	0	0	0	0	0
Pdgfc	48.636364	0	366	0	0	0	0	169	0	0	0	0	0
Mafb	48.636364	0	291	0	0	0	138	106	0	0	0	0	0
Wdr31	48.545455	0	407	0	0	0	0	0	0	0	0	127	0
Icosl	48.545455	0	425	0	109	0	0	0	0	0	0	0	0
Gm5431	48.545455	0	289	0	245	0	0	0	0	0	0	0	0
Cuedc1	48.454545	0	533	0	0	0	0	0	0	0	0	0	0
Nynrin	48.363636	0	342	0	190	0	0	0	0	0	0	0	0
Itga2	48.363636	0	268	0	264	0	0	0	0	0	0	0	0
Zfp52	48.272727	0	339	0	192	0	0	0	0	0	0	0	0
Muc1	48.272727	0	531	0	0	0	0	0	0	0	0	0	0
Grm6	48.272727	0	355	0	176	0	0	0	0	0	0	0	0
Gm33887	48.272727	0	531	0	0	0	0	0	0	0	0	0	0
Slc28a2b	48.181818	0	376	0	154	0	0	0	0	0	0	0	0
L1cam	48.181818	0	530	0	0	0	0	0	0	0	0	0	0
Vgf	48.090909	0	0	0	0	0	383	146	0	0	0	0	0
Krtcap3	48.090909	0	529	0	0	0	0	0	0	0	0	0	0
Cth	48.090909	0	186	0	0	0	254	89	0	0	0	0	0
Atn1	48.090909	0	529	0	0	0	0	0	0	0	0	0	0
Aim2	48.090909	0	331	0	198	0	0	0	0	0	0	0	0
2700081O15Rik	48.090909	0	529	0	0	0	0	0	0	0	0	0	0
Vsig10	48.000000	0	390	0	138	0	0	0	0	0	0	0	0
Tubg2	48.000000	0	528	0	0	0	0	0	0	0	0	0	0
Ngef	48.000000	0	0	0	0	0	0	528	0	0	0	0	0
Fbln1	48.000000	0	211	0	0	0	317	0	0	0	0	0	0
Cdkn2a	48.000000	0	425	0	0	0	103	0	0	0	0	0	0
Cdkl1	48.000000	0	343	0	185	0	0	0	0	0	0	0	0
Irf2bp2	47.909091	0	232	0	0	0	295	0	0	0	0	0	0
Gnaq	47.909091	0	527	0	0	0	0	0	0	0	0	0	0
Cars2	47.909091	0	527	0	0	0	0	0	0	0	0	0	0
Aloxe3	47.909091	0	527	0	0	0	0	0	0	0	0	0	0
Akap6	47.909091	0	0	0	0	0	242	285	0	0	0	0	0
Rusc2	47.818182	0	0	0	0	0	195	331	0	0	0	0	0
Pcdhgc4	47.818182	0	526	0	0	0	0	0	0	0	0	0	0
Icos	47.818182	0	526	0	0	0	0	0	0	0	0	0	0
Pcdhga5	47.727273	0	436	0	89	0	0	0	0	0	0	0	0
Fem1al	47.727273	0	525	0	0	0	0	0	0	0	0	0	0
Rasl12	47.636364	0	292	0	0	0	232	0	0	0	0	0	0
Dnah6	47.636364	0	343	0	181	0	0	0	0	0	0	0	0
Card10	47.636364	0	239	0	0	0	169	116	0	0	0	0	0
Olfml2a	47.545455	0	523	0	0	0	0	0	0	0	0	0	0
Arhgap32	47.545455	0	134	0	0	0	253	136	0	0	0	0	0
Gm10499	47.454545	0	331	0	191	0	0	0	0	0	0	0	0
Fndc3b	47.454545	0	299	0	0	0	223	0	0	0	0	0	0
Ephx4	47.454545	0	522	0	0	0	0	0	0	0	0	0	0
Zc3hav1	47.363636	0	521	0	0	0	0	0	0	0	0	0	0
Trim16	47.363636	0	122	0	0	0	217	182	0	0	0	0	0
Socs1	47.272727	0	520	0	0	0	0	0	0	0	0	0	0
Samd14	47.272727	0	428	0	0	0	92	0	0	0	0	0	0
Mex3d	47.272727	0	357	0	0	0	163	0	0	0	0	0	0
Arg2	47.272727	0	352	0	168	0	0	0	0	0	0	0	0
Whrn	47.181818	0	519	0	0	0	0	0	0	0	0	0	0
Tctn2	47.181818	0	168	0	0	0	183	168	0	0	0	0	0
Kcnn4	47.181818	0	385	0	134	0	0	0	0	0	0	0	0
Fn3k	47.181818	0	386	0	0	0	133	0	0	0	0	0	0
Ccser1	47.181818	0	360	0	159	0	0	0	0	0	0	0	0
Nsun7	47.090909	0	279	0	0	0	86	153	0	0	0	0	0
Jade2	47.090909	0	518	0	0	0	0	0	0	0	0	0	0
Mid1ip1	47.000000	0	333	0	184	0	0	0	0	0	0	0	0
Inka1	47.000000	0	517	0	0	0	0	0	0	0	0	0	0
Evi5	47.000000	0	359	0	0	0	158	0	0	0	0	0	0
Crim1	47.000000	0	517	0	0	0	0	0	0	0	0	0	0
Chd3	47.000000	0	517	0	0	0	0	0	0	0	0	0	0
Pld2	46.909091	0	372	0	0	0	144	0	0	0	0	0	0
Fam189b	46.909091	0	401	0	0	0	115	0	0	0	0	0	0
Dtx3	46.909091	0	516	0	0	0	0	0	0	0	0	0	0
Dazl	46.909091	0	516	0	0	0	0	0	0	0	0	0	0
Syde1	46.818182	0	515	0	0	0	0	0	0	0	0	0	0
Mbnl3	46.818182	0	515	0	0	0	0	0	0	0	0	0	0
Htr3a	46.818182	0	0	0	0	0	348	167	0	0	0	0	0
H2bc1	46.818182	0	515	0	0	0	0	0	0	0	0	0	0
H2ac1	46.818182	0	515	0	0	0	0	0	0	0	0	0	0
Vtn	46.727273	0	514	0	0	0	0	0	0	0	0	0	0
Cd24a	46.727273	0	366	0	0	0	0	148	0	0	0	0	0
Olfml2b	46.636364	0	0	0	0	0	319	194	0	0	0	0	0
D830031N03Rik	46.636364	0	387	0	0	0	126	0	0	0	0	0	0
Satb1	46.545455	0	312	0	200	0	0	0	0	0	0	0	0
Lef1	46.545455	0	307	0	78	0	0	127	0	0	0	0	0
Dhtkd1	46.545455	0	512	0	0	0	0	0	0	0	0	0	0
Ccnd2	46.545455	0	338	0	174	0	0	0	0	0	0	0	0
Bend3	46.545455	0	424	0	88	0	0	0	0	0	0	0	0
Apol7e	46.545455	0	288	0	224	0	0	0	0	0	0	0	0
Apcdd1	46.545455	0	361	0	0	0	151	0	0	0	0	0	0
1500009L16Rik	46.545455	0	334	0	178	0	0	0	0	0	0	0	0
Pou2af1	46.454545	0	342	0	169	0	0	0	0	0	0	0	0
Gprc5a	46.454545	0	511	0	0	0	0	0	0	0	0	0	0
Adssl1	46.454545	0	511	0	0	0	0	0	0	0	0	0	0
Adgra3	46.454545	0	221	0	173	0	117	0	0	0	0	0	0
Tbc1d10c	46.363636	0	510	0	0	0	0	0	0	0	0	0	0
Pacsin3	46.363636	0	265	0	80	0	165	0	0	0	0	0	0
Hsd3b7	46.272727	0	0	0	0	0	406	103	0	0	0	0	0
Serpine1	46.181818	0	0	0	0	0	347	161	0	0	0	0	0
Plxnb1	46.181818	0	508	0	0	0	0	0	0	0	0	0	0
Matn2	46.181818	0	508	0	0	0	0	0	0	0	0	0	0
Pgap6	46.090909	0	399	0	108	0	0	0	0	0	0	0	0
Mdfi	46.090909	0	507	0	0	0	0	0	0	0	0	0	0
Lratd1	46.090909	0	0	0	0	0	385	122	0	0	0	0	0
Cd3g	46.090909	0	364	0	143	0	0	0	0	0	0	0	0
Rnd2	46.000000	0	506	0	0	0	0	0	0	0	0	0	0
Slc25a45	45.909091	0	360	0	0	0	0	145	0	0	0	0	0
Fbxo27	45.909091	0	505	0	0	0	0	0	0	0	0	0	0
Cmtm4	45.909091	0	505	0	0	0	0	0	0	0	0	0	0
B4gat1	45.909091	0	505	0	0	0	0	0	0	0	0	0	0
Sms	45.818182	0	504	0	0	0	0	0	0	0	0	0	0
Reep1	45.818182	0	344	0	0	0	160	0	0	0	0	0	0
Plch1	45.818182	0	225	0	66	105	0	108	0	0	0	0	0
H2-Q10	45.818182	0	504	0	0	0	0	0	0	0	0	0	0
Samsn1	45.727273	0	305	0	198	0	0	0	0	0	0	0	0
Mertk	45.727273	0	77	0	0	0	230	196	0	0	0	0	0
Tspan9	45.636364	0	502	0	0	0	0	0	0	0	0	0	0
Trim9	45.636364	0	242	0	0	0	178	82	0	0	0	0	0
Tmem25	45.636364	0	502	0	0	0	0	0	0	0	0	0	0
Pla2g4a	45.636364	0	316	0	186	0	0	0	0	0	0	0	0
Pdzd4	45.636364	0	502	0	0	0	0	0	0	0	0	0	0
Oasl2	45.636364	0	393	0	0	0	109	0	0	0	0	0	0
Gpaa1	45.636364	0	293	0	0	0	209	0	0	0	0	0	0
Epb41l4a	45.636364	0	199	0	0	0	159	144	0	0	0	0	0
Tmem121b	45.545455	0	276	0	117	0	0	108	0	0	0	0	0
Sh3bgrl2	45.545455	0	379	0	0	0	0	122	0	0	0	0	0
Elf4	45.545455	0	501	0	0	0	0	0	0	0	0	0	0
Dennd2d	45.545455	0	275	0	226	0	0	0	0	0	0	0	0
Zcchc18	45.454545	0	375	0	125	0	0	0	0	0	0	0	0
Xlr4a	45.454545	0	500	0	0	0	0	0	0	0	0	0	0
Pacsin1	45.454545	0	500	0	0	0	0	0	0	0	0	0	0
Kazn	45.454545	0	138	0	0	0	362	0	0	0	0	0	0
Iqce	45.454545	0	500	0	0	0	0	0	0	0	0	0	0
Gstm6	45.454545	0	0	0	0	0	225	275	0	0	0	0	0
Fam167a	45.454545	0	196	0	0	0	158	146	0	0	0	0	0
Cnmd	45.454545	0	500	0	0	0	0	0	0	0	0	0	0
Cd8b1	45.454545	0	500	0	0	0	0	0	0	0	0	0	0
Cd3d	45.363636	0	172	0	327	0	0	0	0	0	0	0	0
Spock2	45.272727	0	338	0	0	0	160	0	0	0	0	0	0
Ramp3	45.272727	0	498	0	0	0	0	0	0	0	0	0	0
Plp2	45.272727	0	311	0	187	0	0	0	0	0	0	0	0
Gpr83	45.272727	0	383	0	115	0	0	0	0	0	0	0	0
Zfp651	45.181818	0	273	0	0	0	224	0	0	0	0	0	0
Cdk2ap1	45.181818	0	497	0	0	0	0	0	0	0	0	0	0
Sh2b2	45.090909	0	343	0	0	0	153	0	0	0	0	0	0
Gm5134	45.090909	0	401	0	95	0	0	0	0	0	0	0	0
Lrtm2	45.000000	0	0	0	0	0	317	178	0	0	0	0	0
Josd1	45.000000	0	376	0	119	0	0	0	0	0	0	0	0
H4c9	45.000000	0	329	0	0	0	0	0	0	0	0	166	0
Epcam	45.000000	0	495	0	0	0	0	0	0	0	0	0	0
Ptprc	44.909091	0	311	0	183	0	0	0	0	0	0	0	0
Tapbpl	44.818182	0	493	0	0	0	0	0	0	0	0	0	0
Srgap1	44.818182	0	381	0	112	0	0	0	0	0	0	0	0
Runx2	44.818182	0	493	0	0	0	0	0	0	0	0	0	0
Ifitm10	44.818182	0	424	0	0	0	69	0	0	0	0	0	0
Dlc1	44.818182	0	0	0	0	0	493	0	0	0	0	0	0
4930503B20Rik	44.818182	0	493	0	0	0	0	0	0	0	0	0	0
Zmiz1	44.727273	0	349	0	143	0	0	0	0	0	0	0	0
Mx2	44.727273	0	343	0	149	0	0	0	0	0	0	0	0
Map1b	44.727273	0	221	0	152	0	0	119	0	0	0	0	0
Dnm3	44.727273	0	94	0	0	0	398	0	0	0	0	0	0
Antxr1	44.727273	0	492	0	0	0	0	0	0	0	0	0	0
Nr2f6	44.636364	0	355	0	0	0	136	0	0	0	0	0	0
Fads2	44.636364	0	184	0	0	0	116	191	0	0	0	0	0
Eid2	44.636364	0	491	0	0	0	0	0	0	0	0	0	0
Efr3b	44.636364	0	279	0	0	0	212	0	0	0	0	0	0
S100a3	44.545455	0	0	0	0	0	357	133	0	0	0	0	0
Pitpnm1	44.545455	0	490	0	0	0	0	0	0	0	0	0	0
Pcdhgb5	44.545455	0	490	0	0	0	0	0	0	0	0	0	0
F2rl1	44.545455	0	281	0	209	0	0	0	0	0	0	0	0
Ebf1	44.545455	0	130	0	0	0	196	164	0	0	0	0	0
Tspan32	44.454545	0	331	0	158	0	0	0	0	0	0	0	0
Plxna1	44.454545	0	489	0	0	0	0	0	0	0	0	0	0
Olfr658	44.454545	0	370	0	119	0	0	0	0	0	0	0	0
Iqank1	44.454545	0	489	0	0	0	0	0	0	0	0	0	0
Gpr150	44.454545	0	210	0	0	0	121	158	0	0	0	0	0
Fam83h	44.454545	0	489	0	0	0	0	0	0	0	0	0	0
Crip1	44.454545	0	325	0	164	0	0	0	0	0	0	0	0
Bmp8a	44.454545	0	365	0	124	0	0	0	0	0	0	0	0
Tcp11l1	44.363636	0	354	0	134	0	0	0	0	0	0	0	0
Rbpms	44.363636	0	315	0	173	0	0	0	0	0	0	0	0
Gnb4	44.363636	0	387	0	101	0	0	0	0	0	0	0	0
Dcxr	44.363636	0	165	0	0	0	323	0	0	0	0	0	0
Pcdhgb7	44.272727	0	487	0	0	0	0	0	0	0	0	0	0
Nrep	44.272727	0	184	0	0	0	198	105	0	0	0	0	0
Jakmip1	44.272727	0	278	0	209	0	0	0	0	0	0	0	0
Fam181b	44.272727	0	0	0	0	0	384	103	0	0	0	0	0
Camk2a	44.272727	0	0	0	0	0	244	243	0	0	0	0	0
Phlda3	44.181818	0	486	0	0	0	0	0	0	0	0	0	0
Mtss2	44.181818	0	282	0	0	0	204	0	0	0	0	0	0
Fam241b	44.181818	0	486	0	0	0	0	0	0	0	0	0	0
Aqp3	44.181818	0	307	0	179	0	0	0	0	0	0	0	0
Abcb4	44.181818	0	372	0	114	0	0	0	0	0	0	0	0
Klk8	44.090909	0	365	0	120	0	0	0	0	0	0	0	0
Ybx3	44.000000	0	293	0	191	0	0	0	0	0	0	0	0
Pou2f2	44.000000	0	391	0	93	0	0	0	0	0	0	0	0
Maml3	44.000000	0	381	0	103	0	0	0	0	0	0	0	0
Fam174b	44.000000	0	375	0	0	0	109	0	0	0	0	0	0
Erbb3	44.000000	0	325	0	0	0	0	159	0	0	0	0	0
Pinlyp	43.909091	0	209	0	0	0	105	169	0	0	0	0	0
Mpig6b	43.909091	0	483	0	0	0	0	0	0	0	0	0	0
Eno2	43.909091	0	483	0	0	0	0	0	0	0	0	0	0
Car8	43.909091	0	392	0	0	0	91	0	0	0	0	0	0
Yap1	43.818182	0	345	0	0	0	137	0	0	0	0	0	0
Rragd	43.818182	0	482	0	0	0	0	0	0	0	0	0	0
Pls1	43.818182	0	482	0	0	0	0	0	0	0	0	0	0
Oas1g	43.818182	0	333	0	149	0	0	0	0	0	0	0	0
Clec12b	43.818182	0	0	0	0	0	230	252	0	0	0	0	0
Znhit2	43.727273	0	481	0	0	0	0	0	0	0	0	0	0
Samd1	43.727273	0	481	0	0	0	0	0	0	0	0	0	0
Mgst2	43.727273	0	373	0	108	0	0	0	0	0	0	0	0
Map2	43.727273	0	159	0	0	0	178	144	0	0	0	0	0
Fbxw8	43.727273	0	481	0	0	0	0	0	0	0	0	0	0
Col5a1	43.727273	0	396	0	0	0	85	0	0	0	0	0	0
Cav2	43.727273	0	252	0	79	0	0	150	0	0	0	0	0
Tspan2	43.636364	0	480	0	0	0	0	0	0	0	0	0	0
Ccl27a	43.636364	0	480	0	0	0	0	0	0	0	0	0	0
Sp8	43.545455	0	372	0	107	0	0	0	0	0	0	0	0
Nav2	43.545455	0	378	0	0	0	101	0	0	0	0	0	0
Emp1	43.545455	0	137	0	0	0	166	176	0	0	0	0	0
Cnr1	43.545455	0	251	0	0	0	107	121	0	0	0	0	0
Neurl1b	43.454545	0	478	0	0	0	0	0	0	0	0	0	0
Cebpb	43.454545	0	387	0	0	0	0	91	0	0	0	0	0
Kcne1l	43.363636	0	0	0	0	0	363	114	0	0	0	0	0
Efna1	43.363636	0	330	0	147	0	0	0	0	0	0	0	0
Angptl6	43.363636	0	268	0	209	0	0	0	0	0	0	0	0
Slc2a4	43.272727	0	199	0	0	0	277	0	0	0	0	0	0
Mei4	43.272727	0	348	0	128	0	0	0	0	0	0	0	0
Dok5	43.272727	0	0	0	0	0	226	250	0	0	0	0	0
Arfgef3	43.272727	0	476	0	0	0	0	0	0	0	0	0	0
Thbs1	43.181818	0	141	0	0	0	175	159	0	0	0	0	0
Slc17a9	43.181818	0	272	0	203	0	0	0	0	0	0	0	0
Rtn4rl2	43.090909	0	391	0	83	0	0	0	0	0	0	0	0
Prr5	43.090909	0	241	0	0	0	233	0	0	0	0	0	0
Il21r	43.090909	0	474	0	0	0	0	0	0	0	0	0	0
Actn2	43.090909	0	317	0	157	0	0	0	0	0	0	0	0
Dlx2	43.000000	0	136	337	0	0	0	0	0	0	0	0	419
Sox21	43.000000	0	247	0	0	0	226	0	0	0	0	0	0
Usp27x	42.909091	0	472	0	0	0	0	0	0	0	0	0	0
2700062C07Rik	42.909091	0	472	0	0	0	0	0	0	0	0	0	0
Trmt1	42.818182	0	471	0	0	0	0	0	0	0	0	0	0
Tmc8	42.818182	0	361	0	110	0	0	0	0	0	0	0	0
Ppp1r3f	42.818182	0	471	0	0	0	0	0	0	0	0	0	0
H4c6	42.818182	0	360	0	0	0	0	111	0	0	0	0	0
Disc1	42.818182	0	324	0	0	0	147	0	0	0	0	0	0
Cd38	42.818182	0	256	0	215	0	0	0	0	0	0	0	0
Dgka	42.727273	0	263	0	207	0	0	0	0	0	0	0	0
Chrna5	42.727273	0	340	0	130	0	0	0	0	0	0	0	0
Casq1	42.727273	0	0	0	0	0	212	258	0	0	0	0	0
6330403K07Rik	42.727273	0	331	0	0	0	139	0	0	0	0	0	0
Ttyh2	42.636364	0	469	0	0	0	0	0	0	0	0	0	0
Bdnf	42.636364	0	0	0	0	0	187	282	0	0	0	0	0
Spata18	42.545455	0	344	0	124	0	0	0	0	0	0	0	0
Sh2d5	42.545455	0	468	0	0	0	0	0	0	0	0	0	0
Begain	42.545455	0	468	0	0	0	0	0	0	0	0	0	0
Zfp772	42.454545	0	467	0	0	0	0	0	0	0	0	0	0
Tmem44	42.454545	0	467	0	0	0	0	0	0	0	0	0	0
Slc16a2	42.454545	0	332	0	135	0	0	0	0	0	0	0	0
Kat2a	42.454545	0	467	0	0	0	0	0	0	0	0	0	0
Ankrd29	42.454545	0	467	0	0	0	0	0	0	0	0	0	0
Zhx2	42.363636	0	466	0	0	0	0	0	0	0	0	0	0
Zbtb1	42.363636	0	329	0	137	0	0	0	0	0	0	0	0
Plcg2	42.363636	0	362	0	104	0	0	0	0	0	0	0	0
Ccn1	42.363636	0	0	0	0	0	302	164	0	0	0	0	0
Ttll9	42.272727	0	287	0	0	0	0	178	0	0	0	0	0
Tnfrsf11a	42.272727	0	465	0	0	0	0	0	0	0	0	0	0
Gpr3	42.272727	0	275	0	0	0	190	0	0	0	0	0	0
Fabp7	42.272727	0	0	0	0	0	343	122	0	0	0	0	0
Dock8	42.272727	0	465	0	0	0	0	0	0	0	0	0	0
Cebpa	42.272727	0	212	0	0	0	96	157	0	0	0	0	0
Ccr4	42.272727	0	465	0	0	0	0	0	0	0	0	0	0
Acvr1c	42.272727	0	279	0	186	0	0	0	0	0	0	0	0
Triqk	42.181818	0	139	0	109	0	109	107	0	0	0	0	0
Gmpr	42.181818	0	377	0	0	0	87	0	0	0	0	0	0
Scd1	42.090909	0	174	0	0	0	127	162	0	0	0	0	0
Jam2	42.090909	0	0	0	0	0	382	81	0	0	0	0	0
Serf1	42.000000	0	462	0	0	0	0	0	0	0	0	0	0
Mt1	42.000000	0	0	0	0	0	185	277	0	0	0	0	0
Art4	42.000000	0	362	0	100	0	0	0	0	0	0	0	0
Arhgap4	42.000000	0	462	0	0	0	0	0	0	0	0	0	0
Acat3	41.909091	0	461	0	0	0	0	0	0	0	0	0	0
Tcf7	41.818182	0	273	0	75	0	112	0	0	0	0	0	0
Eva1b	41.818182	0	460	0	0	0	0	0	0	0	0	0	0
Snai3	41.727273	0	459	0	0	0	0	0	0	0	0	0	0
Slc41a2	41.727273	0	333	0	0	0	0	126	0	0	0	0	0
Ppp1r27	41.727273	0	459	0	0	0	0	0	0	0	0	0	0
Npdc1	41.727273	0	363	0	0	0	0	96	0	0	0	0	0
Abtb2	41.727273	0	459	0	0	0	0	0	0	0	0	0	0
Ikzf1	41.636364	0	281	0	177	0	0	0	0	0	0	0	0
Bahd1	41.636364	0	458	0	0	0	0	0	0	0	0	0	0
Marveld2	41.545455	0	316	0	141	0	0	0	0	0	0	0	0
Kcnh3	41.545455	0	457	0	0	0	0	0	0	0	0	0	0
Fkbp11	41.545455	0	457	0	0	0	0	0	0	0	0	0	0
Cd40lg	41.545455	0	239	0	218	0	0	0	0	0	0	0	0
Fhl3	41.454545	0	365	0	91	0	0	0	0	0	0	0	0
Cd83	41.454545	0	456	0	0	0	0	0	0	0	0	0	0
Btbd3	41.454545	0	153	0	0	0	156	147	0	0	0	0	0
Kank3	41.363636	0	222	0	0	0	233	0	0	0	0	0	0
Irf6	41.363636	0	455	0	0	0	0	0	0	0	0	0	0
B4galt4	41.363636	0	244	0	211	0	0	0	0	0	0	0	0
Sgip1	41.272727	0	174	0	182	0	0	98	0	0	0	0	0
Rtn4rl1	41.272727	0	328	0	126	0	0	0	0	0	0	0	0
Nmb	41.272727	0	454	0	0	0	0	0	0	0	0	0	0
Ubiad1	41.181818	0	453	0	0	0	0	0	0	0	0	0	0
Tmem164	41.181818	0	453	0	0	0	0	0	0	0	0	0	0
Elmo3	41.181818	0	336	0	0	0	117	0	0	0	0	0	0
Dach2	41.181818	0	330	0	123	0	0	0	0	0	0	0	0
Phldb1	41.090909	0	272	0	0	0	0	180	0	0	0	0	0
H4c2	41.090909	0	302	0	0	0	0	150	0	0	0	0	0
Cacna2d4	41.090909	0	0	0	0	0	452	0	0	0	0	0	0
Nrxn1	41.000000	0	0	0	0	0	151	300	0	0	0	0	0
Mga	41.000000	0	369	0	0	0	0	82	0	0	0	0	0
Sstr2	40.909091	0	365	0	85	0	0	0	0	0	0	0	0
Ptk7	40.909091	0	450	0	0	0	0	0	0	0	0	0	0
Cd14	40.909091	0	312	0	138	0	0	0	0	0	0	0	0
Trpt1	40.818182	0	103	0	0	0	346	0	0	0	0	0	0
Nudt22	40.818182	0	103	0	0	0	346	0	0	0	0	0	0
Klrb1a	40.818182	0	0	0	0	0	170	279	0	0	0	0	0
Bmp1	40.818182	0	315	0	134	0	0	0	0	0	0	0	0
Zfp612	40.727273	0	448	0	0	0	0	0	0	0	0	0	0
Il17rb	40.727273	0	448	0	0	0	0	0	0	0	0	0	0
Chdh	40.727273	0	448	0	0	0	0	0	0	0	0	0	0
Hdac9	40.636364	0	0	0	0	0	217	230	0	0	0	0	0
Gstt3	40.636364	0	324	0	123	0	0	0	0	0	0	0	0
Gstp3	40.636364	0	447	0	0	0	0	0	0	0	0	0	0
Arhgef19	40.636364	0	194	0	0	0	129	124	0	0	0	0	0
Ifit3b	40.545455	0	193	0	253	0	0	0	0	0	0	0	0
Ephb1	40.545455	0	0	0	0	0	232	214	0	0	0	0	0
Carmil3	40.545455	0	446	0	0	0	0	0	0	0	0	0	0
Cd53	40.454545	0	445	0	0	0	0	0	0	0	0	0	0
Tiam1	40.363636	0	332	0	112	0	0	0	0	0	0	0	0
Spats1	40.363636	0	351	0	93	0	0	0	0	0	0	0	0
Itpripl2	40.363636	0	282	0	162	0	0	0	0	0	0	0	0
Dll1	40.363636	0	349	0	95	0	0	0	0	0	0	0	0
Cdc42bpa	40.363636	0	444	0	0	0	0	0	0	0	0	0	0
Lrrc32	40.272727	0	210	0	0	0	233	0	0	0	0	0	0
Klc3	40.272727	0	443	0	0	0	0	0	0	0	0	0	0
1700019D03Rik	40.272727	0	294	0	149	0	0	0	0	0	0	0	0
Ttc12	40.181818	0	442	0	0	0	0	0	0	0	0	0	0
Tmprss7	40.181818	0	0	0	0	0	239	203	0	0	0	0	0
Tagap	40.181818	0	215	0	227	0	0	0	0	0	0	0	0
Slc7a8	40.181818	0	338	0	104	0	0	0	0	0	0	0	0
Peli3	40.181818	0	309	0	0	0	133	0	0	0	0	0	0
Kcnab3	40.181818	0	301	0	0	0	141	0	0	0	0	0	0
Ggt5	40.181818	0	264	0	178	0	0	0	0	0	0	0	0
Tmeff2	40.090909	0	208	0	111	0	0	122	0	0	0	0	0
Ripply3	40.090909	0	441	0	0	0	0	0	0	0	0	0	0
Ppp1r3c	40.090909	0	0	0	0	0	161	280	0	0	0	0	0
Ncf4	40.000000	0	306	0	134	0	0	0	0	0	0	0	0
Lysmd2	40.000000	0	306	0	134	0	0	0	0	0	0	0	0
Eomes	40.000000	0	242	0	198	0	0	0	0	0	0	0	0
1700016K19Rik	40.000000	0	440	0	0	0	0	0	0	0	0	0	0
Pnck	39.909091	0	346	0	93	0	0	0	0	0	0	0	0
Myof	39.909091	0	439	0	0	0	0	0	0	0	0	0	0
Fam110b	39.909091	0	303	0	136	0	0	0	0	0	0	0	0
Bcl2a1d	39.909091	0	264	0	175	0	0	0	0	0	0	0	0
Trim8	39.818182	0	438	0	0	0	0	0	0	0	0	0	0
Hdac11	39.818182	0	244	0	0	0	194	0	0	0	0	0	0
Angptl2	39.818182	0	0	0	0	0	345	93	0	0	0	0	0
Slc29a4	39.727273	0	136	0	0	0	301	0	0	0	0	0	0
Mical3	39.727273	0	333	0	0	0	0	104	0	0	0	0	0
Il15	39.727273	0	275	0	162	0	0	0	0	0	0	0	0
Emp3	39.727273	0	291	0	146	0	0	0	0	0	0	0	0
Cfap20dc	39.727273	0	329	0	108	0	0	0	0	0	0	0	0
Cd55b	39.727273	0	228	0	209	0	0	0	0	0	0	0	0
Rhbdl3	39.636364	0	286	0	0	0	150	0	0	0	0	0	0
Aldh1l2	39.636364	0	152	0	102	0	182	0	0	0	0	0	0
Ttc39a	39.545455	0	0	0	0	0	220	215	0	0	0	0	0
Tlcd2	39.545455	0	435	0	0	0	0	0	0	0	0	0	0
Myrf	39.545455	0	435	0	0	0	0	0	0	0	0	0	0
Dio2	39.545455	0	335	0	100	0	0	0	0	0	0	0	0
Cnn2	39.545455	0	337	0	98	0	0	0	0	0	0	0	0
Cdc42bpb	39.545455	0	0	0	0	0	319	116	0	0	0	0	0
Syk	39.454545	0	434	0	0	0	0	0	0	0	0	0	0
Cebpd	39.454545	0	299	0	135	0	0	0	0	0	0	0	0
Myb	39.363636	0	433	0	0	0	0	0	0	0	0	0	0
Lrrk2	39.363636	0	289	0	144	0	0	0	0	0	0	0	0
Olfm2	39.272727	0	226	0	0	0	206	0	0	0	0	0	0
Mlc1	39.272727	0	0	0	0	0	257	175	0	0	0	0	0
Dyrk2	39.272727	0	432	0	0	0	0	0	0	0	0	0	0
Bend4	39.272727	0	291	0	0	0	141	0	0	0	0	0	0
Pcbp4	39.181818	0	431	0	0	0	0	0	0	0	0	0	0
Il17d	39.181818	0	431	0	0	0	0	0	0	0	0	0	0
Gpsm3	39.181818	0	307	0	124	0	0	0	0	0	0	0	0
Fez1	39.181818	0	0	0	0	0	94	337	0	0	0	0	0
Cadm2	39.181818	0	0	0	0	0	297	134	0	0	0	0	0
Snx22	39.090909	0	250	0	0	0	180	0	0	0	0	0	0
Rnpepl1	39.090909	0	430	0	0	0	0	0	0	0	0	0	0
Pon3	39.090909	0	327	0	103	0	0	0	0	0	0	0	0
Gab2	39.090909	0	254	0	176	0	0	0	0	0	0	0	0
Slc9a7	39.000000	0	293	0	136	0	0	0	0	0	0	0	0
Ppp1r18	39.000000	0	132	0	0	0	168	129	0	0	0	0	0
Nol4l	39.000000	0	429	0	0	0	0	0	0	0	0	0	0
Mcoln2	39.000000	0	429	0	0	0	0	0	0	0	0	0	0
Denn2b	39.000000	0	113	0	0	0	183	133	0	0	0	0	0
Zfp111	38.818182	0	300	0	127	0	0	0	0	0	0	0	0
Mab21l2	38.818182	0	427	0	0	0	0	0	0	0	0	0	0
Fgd1	38.818182	0	427	0	0	0	0	0	0	0	0	0	0
Vwa1	38.727273	0	175	0	0	0	102	149	0	0	0	0	0
Tmem37	38.727273	0	81	0	0	0	345	0	0	0	0	0	0
Nek6	38.727273	0	336	0	90	0	0	0	0	0	0	0	0
Mtcl1	38.727273	0	296	0	0	0	0	130	0	0	0	0	0
Ldhd	38.727273	0	426	0	0	0	0	0	0	0	0	0	0
Fam171a2	38.727273	0	426	0	0	0	0	0	0	0	0	0	0
Cdkn1c	38.636364	0	307	0	0	0	118	0	0	0	0	0	0
Slc2a10	38.545455	0	0	0	0	0	186	238	0	0	0	0	0
Shank3	38.545455	0	312	0	0	0	112	0	0	0	0	0	0
Neurl3	38.545455	0	424	0	0	0	0	0	0	0	0	0	0
Ccin	38.545455	0	260	0	0	0	164	0	0	0	0	0	0
Bmi1	38.545455	0	424	0	0	0	0	0	0	0	0	0	0
Shisa7	38.454545	0	0	0	0	0	120	303	0	0	0	0	0
Psme2b	38.454545	0	423	0	0	0	0	0	0	0	0	0	0
Marcks	38.454545	0	261	0	162	0	0	0	0	0	0	0	0
Kif6	38.454545	0	0	0	0	0	277	146	0	0	0	0	0
Gcnt4	38.454545	0	423	0	0	0	0	0	0	0	0	0	0
Cdkn1a	38.454545	0	0	0	0	0	179	244	0	0	0	0	0
Pcdh7	38.363636	0	99	0	0	0	323	0	0	0	0	0	0
H4c17	38.363636	0	229	0	0	0	0	94	0	0	0	99	0
B3galt4	38.363636	0	422	0	0	0	0	0	0	0	0	0	0
Tmub1	38.272727	0	340	0	0	0	81	0	0	0	0	0	0
Slc6a8	38.272727	0	421	0	0	0	0	0	0	0	0	0	0
Sh3pxd2b	38.272727	0	206	0	0	0	215	0	0	0	0	0	0
Rab34	38.272727	0	195	0	0	0	149	77	0	0	0	0	0
Pik3cd	38.272727	0	421	0	0	0	0	0	0	0	0	0	0
Klhl17	38.272727	0	310	0	111	0	0	0	0	0	0	0	0
Chrm4	38.272727	0	332	0	0	0	0	89	0	0	0	0	0
Tiam2	38.181818	0	420	0	0	0	0	0	0	0	0	0	0
Optc	38.181818	0	420	0	0	0	0	0	0	0	0	0	0
Irx6	38.181818	0	0	0	0	0	275	145	0	0	0	0	0
Enpp2	38.181818	0	308	0	112	0	0	0	0	0	0	0	0
Ccdc184	38.181818	0	106	0	0	0	100	214	0	0	0	0	0
Plaur	38.090909	0	419	0	0	0	0	0	0	0	0	0	0
Lrfn1	38.090909	0	419	0	0	0	0	0	0	0	0	0	0
Wnt5b	38.000000	0	418	0	0	0	0	0	0	0	0	0	0
Tns3	38.000000	0	418	0	0	0	0	0	0	0	0	0	0
Eml1	38.000000	0	118	0	0	0	126	174	0	0	0	0	0
Dhdh	38.000000	0	418	0	0	0	0	0	0	0	0	0	0
Marchf10	37.909091	0	0	0	0	0	112	305	0	0	0	0	0
Cbfa2t3	37.909091	0	417	0	0	0	0	0	0	0	0	0	0
Fam89a	37.818182	0	416	0	0	0	0	0	0	0	0	0	0
Aox1	37.818182	0	0	0	0	0	206	210	0	0	0	0	0
Tespa1	37.727273	0	415	0	0	0	0	0	0	0	0	0	0
Lrrc23	37.727273	0	308	0	0	0	0	107	0	0	0	0	0
Kctd14	37.727273	0	415	0	0	0	0	0	0	0	0	0	0
Cbs	37.727273	0	415	0	0	0	0	0	0	0	0	0	0
A2m	37.727273	0	0	0	0	0	166	249	0	0	0	0	0
Tmbim1	37.636364	0	414	0	0	0	0	0	0	0	0	0	0
Tifa	37.636364	0	282	0	132	0	0	0	0	0	0	0	0
Svip	37.636364	0	233	0	181	0	0	0	0	0	0	0	0
Iqsec3	37.636364	0	0	0	0	0	275	139	0	0	0	0	0
Podxl	37.545455	0	201	0	0	0	97	115	0	0	0	0	0
Papss2	37.545455	0	306	0	107	0	0	0	0	0	0	0	0
Fstl3	37.545455	0	0	0	0	0	413	0	0	0	0	0	0
Tmem35a	37.454545	0	333	0	79	0	0	0	0	0	0	0	0
Pde9a	37.454545	0	412	0	0	0	0	0	0	0	0	0	0
Farp1	37.454545	0	412	0	0	0	0	0	0	0	0	0	0
Celsr2	37.454545	0	412	0	0	0	0	0	0	0	0	0	0
Cep126	37.363636	0	232	0	0	0	179	0	0	0	0	0	0
Zfp978	37.272727	0	0	0	223	187	0	0	0	0	0	0	0
Sp110	37.272727	0	410	0	0	0	0	0	0	0	0	0	0
Smim18	37.272727	0	0	0	0	0	214	196	0	0	0	0	0
Nrip3	37.272727	0	410	0	0	0	0	0	0	0	0	0	0
Fsip1	37.272727	0	315	0	0	0	95	0	0	0	0	0	0
Irf8	37.181818	0	409	0	0	0	0	0	0	0	0	0	0
Rasl11a	37.090909	0	179	0	0	0	229	0	0	0	0	0	0
Plcxd1	37.090909	0	408	0	0	0	0	0	0	0	0	0	0
Mapt	37.090909	0	210	0	0	0	0	198	0	0	0	0	0
Zfp608	37.000000	0	211	0	196	0	0	0	0	0	0	0	0
Cibar2	37.000000	0	0	0	0	0	194	213	0	0	0	0	0
Bmp7	37.000000	0	407	0	0	0	0	0	0	0	0	0	0
Tmem266	36.909091	0	321	0	85	0	0	0	0	0	0	0	0
Slc4a11	36.909091	0	406	0	0	0	0	0	0	0	0	0	0
Rimkla	36.909091	0	328	0	0	0	78	0	0	0	0	0	0
Isl2	36.909091	0	326	0	0	0	0	80	0	0	0	0	0
Gprc5b	36.909091	0	406	0	0	0	0	0	0	0	0	0	0
Gfi1	36.909091	0	272	0	134	0	0	0	0	0	0	0	0
Exph5	36.909091	0	406	0	0	0	0	0	0	0	0	0	0
Unkl	36.818182	0	405	0	0	0	0	0	0	0	0	0	0
Casz1	36.818182	0	0	0	0	0	196	209	0	0	0	0	0
Atp8a2	36.818182	0	405	0	0	0	0	0	0	0	0	0	0
Sez6l2	36.727273	0	214	0	0	0	190	0	0	0	0	0	0
Plxna3	36.727273	0	217	0	0	0	0	187	0	0	0	0	0
Nrg2	36.727273	0	274	0	0	0	0	130	0	0	0	0	0
Hip1r	36.727273	0	327	0	77	0	0	0	0	0	0	0	0
Gipc2	36.727273	0	237	0	167	0	0	0	0	0	0	0	0
Fam43a	36.727273	0	246	0	0	0	0	158	0	0	0	0	0
Asphd1	36.727273	0	214	0	0	0	190	0	0	0	0	0	0
Ar	36.727273	0	243	0	161	0	0	0	0	0	0	0	0
Alkbh2	36.727273	0	404	0	0	0	0	0	0	0	0	0	0
Septin8	36.636364	0	265	0	0	0	138	0	0	0	0	0	0
Kcnj10	36.636364	0	211	0	0	0	192	0	0	0	0	0	0
Jmjd8	36.636364	0	403	0	0	0	0	0	0	0	0	0	0
Aldoc	36.636364	0	0	0	0	0	144	259	0	0	0	0	0
Ppp1r9b	36.545455	0	284	0	0	0	118	0	0	0	0	0	0
Fbxw10	36.545455	0	402	0	0	0	0	0	0	0	0	0	0
Tnc	36.454545	0	0	0	0	0	157	244	0	0	0	0	0
Scd4	36.454545	0	0	0	0	0	155	246	0	0	0	0	0
Rab3b	36.454545	0	294	0	0	0	107	0	0	0	0	0	0
Pcdhgb4	36.454545	0	401	0	0	0	0	0	0	0	0	0	0
Osbp2	36.454545	0	401	0	0	0	0	0	0	0	0	0	0
Nav3	36.454545	0	0	0	0	0	185	216	0	0	0	0	0
Gldc	36.454545	0	0	0	0	0	252	149	0	0	0	0	0
Rab33a	36.363636	0	400	0	0	0	0	0	0	0	0	0	0
Glt28d2	36.363636	0	241	0	0	0	159	0	0	0	0	0	0
F2rl3	36.363636	0	233	0	167	0	0	0	0	0	0	0	0
Egfl7	36.363636	0	400	0	0	0	0	0	0	0	0	0	0
Tbkbp1	36.272727	0	316	0	0	0	0	83	0	0	0	0	0
Serpinh1	36.272727	0	0	0	0	0	136	263	0	0	0	0	0
Pakap	36.272727	0	0	0	0	0	217	182	0	0	0	0	0
Ncs1	36.272727	0	272	0	0	0	0	127	0	0	0	0	0
Spaca9	36.181818	0	324	0	0	0	0	74	0	0	0	0	0
Ggn	36.181818	0	187	0	0	0	211	0	0	0	0	0	0
Erich2	36.181818	0	0	0	0	0	244	154	0	0	0	0	0
Ccdc9b	36.181818	0	0	0	0	0	297	101	0	0	0	0	0
Ak8	36.181818	0	324	0	0	0	0	74	0	0	0	0	0
Unc13b	36.090909	0	257	0	0	0	140	0	0	0	0	0	0
Nova2	36.090909	0	0	0	0	0	397	0	0	0	0	0	0
Nckap5	36.090909	0	0	0	0	0	206	191	0	0	0	0	0
Zxdb	36.000000	0	269	0	127	0	0	0	0	0	0	0	0
G0s2	36.000000	0	299	0	0	0	0	97	0	0	0	0	0
Sly	35.909091	0	0	0	0	0	0	0	0	0	395	0	0
Plxnc1	35.909091	0	395	0	0	0	0	0	0	0	0	0	0
Irf5	35.909091	0	395	0	0	0	0	0	0	0	0	0	0
Gm20931	35.909091	0	0	0	0	0	0	0	0	0	395	0	0
Fam135a	35.909091	0	261	0	134	0	0	0	0	0	0	0	0
Pdia5	35.818182	0	70	0	0	0	227	97	0	0	0	0	0
Cdk6	35.818182	0	286	0	108	0	0	0	0	0	0	0	0
Atoh7	35.818182	0	266	0	0	0	128	0	0	0	0	0	0
Snta1	35.727273	0	393	0	0	0	0	0	0	0	0	0	0
Scube3	35.636364	0	392	0	0	0	0	0	0	0	0	0	0
Lsr	35.636364	0	392	0	0	0	0	0	0	0	0	0	0
Fam187b	35.636364	0	392	0	0	0	0	0	0	0	0	0	0
Itga9	35.545455	0	391	0	0	0	0	0	0	0	0	0	0
Gm973	35.545455	0	0	0	0	0	166	225	0	0	0	0	0
Zfp939	35.454545	0	184	0	0	0	206	0	0	0	0	0	0
Jarid2	35.454545	0	390	0	0	0	0	0	0	0	0	0	0
F11r	35.454545	0	390	0	0	0	0	0	0	0	0	0	0
Pfn1	35.363636	0	389	0	0	0	0	0	0	0	0	0	0
Coprs	35.363636	0	200	0	0	0	189	0	0	0	0	0	0
Syt7	35.272727	0	220	0	0	0	0	168	0	0	0	0	0
Prickle3	35.272727	0	388	0	0	0	0	0	0	0	0	0	0
Dusp8	35.272727	0	388	0	0	0	0	0	0	0	0	0	0
Rap1gap	35.181818	0	0	0	0	0	215	172	0	0	0	0	0
Kank4	35.181818	0	0	0	0	0	387	0	0	0	0	0	0
Foxe1	35.181818	0	387	0	0	0	0	0	0	0	0	0	0
Setbp1	35.090909	0	386	0	0	0	0	0	0	0	0	0	0
Plekhg5	35.090909	0	386	0	0	0	0	0	0	0	0	0	0
Nt5e	35.090909	0	235	0	151	0	0	0	0	0	0	0	0
Fam124a	35.090909	0	166	0	0	0	110	110	0	0	0	0	0
Dennd5b	35.090909	0	176	0	90	0	0	120	0	0	0	0	0
Cfap58	35.090909	0	386	0	0	0	0	0	0	0	0	0	0
Adam11	35.000000	0	385	0	0	0	0	0	0	0	0	0	0
Jcad	34.909091	0	221	0	0	0	163	0	0	0	0	0	0
Sned1	34.818182	0	0	0	0	0	249	134	0	0	0	0	0
Olfr287	34.818182	0	0	0	0	0	122	261	0	0	0	0	0
Cpxm2	34.818182	0	0	0	0	0	140	243	0	0	0	0	0
Cenpi	34.818182	0	383	0	0	0	0	0	0	0	0	0	0
Maneal	34.727273	0	135	0	0	0	97	150	0	0	0	0	0
Dipk1b	34.727273	0	382	0	0	0	0	0	0	0	0	0	0
Cbr3	34.727273	0	382	0	0	0	0	0	0	0	0	0	0
Zfr2	34.636364	0	208	0	0	0	173	0	0	0	0	0	0
Cap2	34.636364	0	381	0	0	0	0	0	0	0	0	0	0
Mxra7	34.545455	0	186	0	0	0	194	0	0	0	0	0	0
Armc3	34.545455	0	380	0	0	0	0	0	0	0	0	0	0
Tgm6	34.454545	0	0	0	0	0	256	123	0	0	0	0	0
Rasgef1a	34.454545	0	206	0	173	0	0	0	0	0	0	0	0
Rasd2	34.454545	0	379	0	0	0	0	0	0	0	0	0	0
Pygl	34.454545	0	379	0	0	0	0	0	0	0	0	0	0
Car13	34.454545	0	270	0	109	0	0	0	0	0	0	0	0
B4galnt3	34.454545	0	379	0	0	0	0	0	0	0	0	0	0
Amotl2	34.454545	0	0	0	0	0	199	180	0	0	0	0	0
Rhobtb3	34.363636	0	134	0	127	0	117	0	0	0	0	0	0
Tspan11	34.272727	0	0	0	0	0	222	155	0	0	0	0	0
Spats2l	34.272727	0	175	0	104	0	0	98	0	0	0	0	0
Smim10l2a	34.272727	0	377	0	0	0	0	0	0	0	0	0	0
Cyp4f17	34.272727	0	377	0	0	0	0	0	0	0	0	0	0
Ano3	34.272727	0	0	0	0	0	244	133	0	0	0	0	0
1700113H08Rik	34.272727	0	0	0	0	0	247	130	0	0	0	0	0
Celsr1	34.181818	0	376	0	0	0	0	0	0	0	0	0	0
Tmem26	34.090909	0	220	0	155	0	0	0	0	0	0	0	0
Smim24	34.090909	0	375	0	0	0	0	0	0	0	0	0	0
Phf11a	34.000000	0	113	0	261	0	0	0	0	0	0	0	0
Pald1	34.000000	0	195	0	0	0	179	0	0	0	0	0	0
Csdc2	34.000000	0	0	0	0	0	253	121	0	0	0	0	0
Bace2	34.000000	0	0	0	0	0	163	211	0	0	0	0	0
Atp9a	34.000000	0	374	0	0	0	0	0	0	0	0	0	0
Pm20d2	33.909091	0	226	0	0	0	147	0	0	0	0	0	0
Pld6	33.909091	0	373	0	0	0	0	0	0	0	0	0	0
Fmnl1	33.909091	0	265	0	108	0	0	0	0	0	0	0	0
Cldn23	33.909091	0	373	0	0	0	0	0	0	0	0	0	0
Slc35d3	33.818182	0	372	0	0	0	0	0	0	0	0	0	0
Gucy1a1	33.818182	0	215	0	157	0	0	0	0	0	0	0	0
F3	33.818182	0	155	0	0	0	129	88	0	0	0	0	0
Tbx21	33.727273	0	249	0	122	0	0	0	0	0	0	0	0
Mcf2l	33.727273	0	371	0	0	0	0	0	0	0	0	0	0
H3c10	33.727273	0	244	0	0	0	0	0	0	0	0	127	0
Gkap1	33.727273	0	371	0	0	0	0	0	0	0	0	0	0
Dusp4	33.727273	0	371	0	0	0	0	0	0	0	0	0	0
2900026A02Rik	33.727273	0	232	0	0	0	139	0	0	0	0	0	0
Vipr2	33.636364	0	370	0	0	0	0	0	0	0	0	0	0
Sdk1	33.636364	0	182	0	0	0	188	0	0	0	0	0	0
Rxra	33.636364	0	370	0	0	0	0	0	0	0	0	0	0
Nid2	33.636364	0	200	0	74	0	0	96	0	0	0	0	0
Lgalsl	33.636364	0	370	0	0	0	0	0	0	0	0	0	0
Clec2g	33.636364	0	370	0	0	0	0	0	0	0	0	0	0
Cep170b	33.636364	0	370	0	0	0	0	0	0	0	0	0	0
Nrbp2	33.545455	0	0	0	0	0	369	0	0	0	0	0	0
Gstm5	33.545455	0	0	0	0	0	219	150	0	0	0	0	0
Ccn2	33.545455	0	0	0	0	0	281	88	0	0	0	0	0
Vash2	33.454545	0	250	0	0	0	118	0	0	0	0	0	0
Tbl1x	33.454545	0	368	0	0	0	0	0	0	0	0	0	0
Rhou	33.454545	0	210	0	0	0	158	0	0	0	0	0	0
Lmo2	33.454545	0	368	0	0	0	0	0	0	0	0	0	0
Hoxa3	33.454545	0	250	0	118	0	0	0	0	0	0	0	0
Stbd1	33.363636	0	367	0	0	0	0	0	0	0	0	0	0
Rgma	33.363636	0	144	0	0	0	223	0	0	0	0	0	0
Igfbp4	33.363636	0	367	0	0	0	0	0	0	0	0	0	0
Ifi27	33.363636	0	367	0	0	0	0	0	0	0	0	0	0
H2ac4	33.363636	0	367	0	0	0	0	0	0	0	0	0	0
Dnah11	33.363636	0	367	0	0	0	0	0	0	0	0	0	0
Cavin1	33.363636	0	152	0	0	0	215	0	0	0	0	0	0
Wnk2	33.272727	0	220	0	0	0	146	0	0	0	0	0	0
Ptprn2	33.272727	0	156	0	0	0	210	0	0	0	0	0	0
Lingo1	33.272727	0	265	0	0	0	0	101	0	0	0	0	0
Cadm1	33.272727	0	227	0	0	0	0	139	0	0	0	0	0
Xkr6	33.181818	0	165	0	0	0	0	200	0	0	0	0	0
Olig3	33.181818	0	365	0	0	0	0	0	0	0	0	0	0
Mkx	33.181818	0	0	0	0	0	265	100	0	0	0	0	0
Kcng3	33.181818	0	365	0	0	0	0	0	0	0	0	0	0
Gria3	33.181818	0	365	0	0	0	0	0	0	0	0	0	0
Dnajc5b	33.181818	0	0	0	0	0	177	188	0	0	0	0	0
Ppp1r1b	33.090909	0	364	0	0	0	0	0	0	0	0	0	0
Pcdh9	33.090909	0	0	0	0	0	211	153	0	0	0	0	0
Ifi44	33.090909	0	147	0	217	0	0	0	0	0	0	0	0
Caskin1	33.090909	0	211	0	0	0	153	0	0	0	0	0	0
Brsk2	33.090909	0	364	0	0	0	0	0	0	0	0	0	0
Arhgef40	33.090909	0	260	0	0	0	0	104	0	0	0	0	0
Arhgef5	33.000000	0	363	0	0	0	0	0	0	0	0	0	0
Adgrb2	33.000000	0	0	0	0	0	249	114	0	0	0	0	0
Ppp1ca	32.909091	0	362	0	0	0	0	0	0	0	0	0	0
Dnm1	32.909091	0	362	0	0	0	0	0	0	0	0	0	0
Schip1	32.818182	0	0	0	0	0	197	164	0	0	0	0	0
Praf2	32.818182	0	361	0	0	0	0	0	0	0	0	0	0
Plat	32.818182	0	92	0	0	0	170	99	0	0	0	0	0
Msrb3	32.818182	0	88	0	89	0	107	77	0	0	0	0	0
Gab1	32.818182	0	0	0	0	0	361	0	0	0	0	0	0
Creg2	32.818182	0	140	0	0	0	116	105	0	0	0	0	0
B3gnt8	32.818182	0	361	0	0	0	0	0	0	0	0	0	0
Lta	32.727273	0	360	0	0	0	0	0	0	0	0	0	0
Tox3	32.636364	0	251	0	0	0	0	108	0	0	0	0	0
Patz1	32.636364	0	359	0	0	0	0	0	0	0	0	0	0
Tpbg	32.545455	0	0	0	0	0	0	358	0	0	0	0	0
Sp6	32.545455	0	358	0	0	0	0	0	0	0	0	0	0
Ly6k	32.545455	0	358	0	0	0	0	0	0	0	0	0	0
Ell3	32.545455	0	358	0	0	0	0	0	0	0	0	0	0
Cnrip1	32.545455	0	227	0	0	0	0	131	0	0	0	0	0
Ago4	32.545455	0	274	0	84	0	0	0	0	0	0	0	0
Thegl	32.454545	0	277	0	80	0	0	0	0	0	0	0	0
Myo1d	32.454545	0	357	0	0	0	0	0	0	0	0	0	0
Lmcd1	32.454545	0	0	0	0	0	192	165	0	0	0	0	0
Depdc7	32.454545	0	357	0	0	0	0	0	0	0	0	0	0
Cttn	32.454545	0	113	0	0	0	244	0	0	0	0	0	0
Col27a1	32.454545	0	357	0	0	0	0	0	0	0	0	0	0
Cisd3	32.454545	0	357	0	0	0	0	0	0	0	0	0	0
Ecrg4	32.363636	0	0	0	0	0	120	236	0	0	0	0	0
Tbc1d30	32.272727	0	355	0	0	0	0	0	0	0	0	0	0
Kctd17	32.272727	0	196	0	0	0	159	0	0	0	0	0	0
Gm20346	32.272727	0	355	0	0	0	0	0	0	0	0	0	0
Wfdc2	32.181818	0	354	0	0	0	0	0	0	0	0	0	0
Tmem30b	32.181818	0	354	0	0	0	0	0	0	0	0	0	0
P2rx7	32.181818	0	130	0	101	0	0	123	0	0	0	0	0
Gimap7	32.181818	0	205	0	149	0	0	0	0	0	0	0	0
Gbp10	32.181818	0	200	0	154	0	0	0	0	0	0	0	0
Dbndd2	32.181818	0	222	0	0	0	0	132	0	0	0	0	0
Cald1	32.181818	0	0	0	0	0	110	244	0	0	0	0	0
Anks6	32.181818	0	192	0	0	0	162	0	0	0	0	0	0
Wdr63	32.090909	0	353	0	0	0	0	0	0	0	0	0	0
Cyp2j9	32.090909	0	249	0	0	0	0	104	0	0	0	0	0
Anp32a	32.090909	0	353	0	0	0	0	0	0	0	0	0	0
Serp2	32.000000	0	205	0	0	0	0	147	0	0	0	0	0
Ppm1j	32.000000	0	264	0	88	0	0	0	0	0	0	0	0
1190005I06Rik	32.000000	0	352	0	0	0	0	0	0	0	0	0	0
Sdc4	31.909091	0	154	0	0	0	0	197	0	0	0	0	0
Prokr1	31.909091	0	351	0	0	0	0	0	0	0	0	0	0
Nrgn	31.909091	0	351	0	0	0	0	0	0	0	0	0	0
Mn1	31.909091	0	224	0	0	0	127	0	0	0	0	0	0
Gjc1	31.909091	0	130	0	103	0	118	0	0	0	0	0	0
Pcyt1b	31.818182	0	246	0	0	0	104	0	0	0	0	0	0
Kctd15	31.818182	0	101	0	0	0	158	91	0	0	0	0	0
Cp	31.818182	0	0	0	0	0	190	160	0	0	0	0	0
Cox7a1	31.818182	0	147	0	0	0	203	0	0	0	0	0	0
Ccnb2	31.818182	0	350	0	0	0	0	0	0	0	0	0	0
Klf15	31.727273	0	0	0	0	0	199	150	0	0	0	0	0
Dnah7a	31.727273	0	349	0	0	0	0	0	0	0	0	0	0
Ppp1r14a	31.636364	0	348	0	0	0	0	0	0	0	0	0	0
Glis1	31.636364	0	0	0	0	0	348	0	0	0	0	0	0
Chaf1a	31.636364	0	237	0	0	0	111	0	0	0	0	0	0
Wwtr1	31.545455	0	0	0	0	0	247	100	0	0	0	0	0
Tagln3	31.545455	0	347	0	0	0	0	0	0	0	0	0	0
Sh2d6	31.545455	0	0	0	0	0	95	252	0	0	0	0	0
Scn4b	31.545455	0	347	0	0	0	0	0	0	0	0	0	0
Rhov	31.545455	0	347	0	0	0	0	0	0	0	0	0	0
Lrp2	31.545455	0	0	0	0	0	220	127	0	0	0	0	0
Hecw2	31.545455	0	229	0	118	0	0	0	0	0	0	0	0
Gchfr	31.545455	0	347	0	0	0	0	0	0	0	0	0	0
Fgf15	31.545455	0	347	0	0	0	0	0	0	0	0	0	0
Rnf144b	31.454545	0	346	0	0	0	0	0	0	0	0	0	0
Pate10	31.454545	0	0	0	0	0	117	229	0	0	0	0	0
Kbtbd12	31.454545	0	346	0	0	0	0	0	0	0	0	0	0
Fscn1	31.454545	0	346	0	0	0	0	0	0	0	0	0	0
Abca8b	31.454545	0	0	0	0	0	120	226	0	0	0	0	0
Zfyve28	31.363636	0	107	0	0	0	238	0	0	0	0	0	0
Ptpru	31.363636	0	345	0	0	0	0	0	0	0	0	0	0
Epha3	31.363636	0	0	0	137	0	0	208	0	0	0	0	0
Cfap99	31.363636	0	107	0	0	0	238	0	0	0	0	0	0
Pym1	31.181818	0	343	0	0	0	0	0	0	0	0	0	0
Gja3	31.181818	0	0	0	0	0	343	0	0	0	0	0	0
Vegfb	31.090909	0	342	0	0	0	0	0	0	0	0	0	0
Armh4	31.090909	0	0	0	0	0	342	0	0	0	0	0	0
Vps37d	31.000000	0	341	0	0	0	0	0	0	0	0	0	0
P4ha2	31.000000	0	341	0	0	0	0	0	0	0	0	0	0
Tlr12	30.909091	0	340	0	0	0	0	0	0	0	0	0	0
Jag1	30.909091	0	150	0	0	0	190	0	0	0	0	0	0
Grtp1	30.909091	0	218	0	122	0	0	0	0	0	0	0	0
Spry2	30.818182	0	154	0	0	0	185	0	0	0	0	0	0
D930020B18Rik	30.818182	0	339	0	0	0	0	0	0	0	0	0	0
Cdr2l	30.818182	0	177	0	0	0	162	0	0	0	0	0	0
Pik3ap1	30.727273	0	338	0	0	0	0	0	0	0	0	0	0
Gpr162	30.727273	0	338	0	0	0	0	0	0	0	0	0	0
Zfp692	30.636364	0	258	0	0	0	79	0	0	0	0	0	0
Nexmif	30.636364	0	161	0	0	176	0	0	0	0	0	0	0
Frmpd1	30.636364	0	118	0	0	0	219	0	0	0	0	0	0
Dlgap3	30.636364	0	118	0	219	0	0	0	0	0	0	0	0
Chn1	30.636364	0	193	0	0	0	0	144	0	0	0	0	0
Arhgef28	30.636364	0	170	0	0	0	0	167	0	0	0	0	0
Rhoj	30.545455	0	0	0	0	0	192	144	0	0	0	0	0
Kdelr3	30.545455	0	175	0	0	0	0	161	0	0	0	0	0
Kcnn3	30.545455	0	0	0	0	0	336	0	0	0	0	0	0
Ciita	30.545455	0	336	0	0	0	0	0	0	0	0	0	0
Bcl11b	30.545455	0	336	0	0	0	0	0	0	0	0	0	0
Adap1	30.545455	0	336	0	0	0	0	0	0	0	0	0	0
Rnf152	30.454545	0	335	0	0	0	0	0	0	0	0	0	0
Pianp	30.454545	0	335	0	0	0	0	0	0	0	0	0	0
Fry	30.454545	0	196	0	139	0	0	0	0	0	0	0	0
Plcd4	30.363636	0	0	0	0	0	141	193	0	0	0	0	0
Gm3696	30.363636	0	334	0	0	0	0	0	0	0	0	0	0
Chac1	30.363636	0	164	0	0	0	0	170	0	0	0	0	0
Adamts7	30.363636	0	334	0	0	0	0	0	0	0	0	0	0
Spns2	30.272727	0	0	0	0	0	333	0	0	0	0	0	0
Dapk1	30.272727	0	236	0	97	0	0	0	0	0	0	0	0
Samd9l	30.181818	0	332	0	0	0	0	0	0	0	0	0	0
Hrh1	30.181818	0	0	0	0	0	188	144	0	0	0	0	0
Zbtb46	30.000000	0	217	0	0	0	0	113	0	0	0	0	0
Selenom	30.000000	0	108	0	0	0	108	114	0	0	0	0	0
Pop5	30.000000	0	138	0	0	0	192	0	0	0	0	0	0
H1f10	30.000000	0	89	0	0	0	241	0	0	0	0	0	0
Akap5	30.000000	0	330	0	0	0	0	0	0	0	0	0	0
Zbtb25	29.909091	0	329	0	0	0	0	0	0	0	0	0	0
Tmem121	29.909091	0	147	0	0	0	117	65	0	0	0	0	0
Glipr1l1	29.909091	0	0	0	0	0	140	189	0	0	0	0	0
Cpsf4l	29.909091	0	0	0	0	0	196	133	0	0	0	0	0
Pde1b	29.818182	0	328	0	0	0	0	0	0	0	0	0	0
Olfml3	29.818182	0	328	0	0	0	0	0	0	0	0	0	0
Nrn1	29.818182	0	328	0	0	0	0	0	0	0	0	0	0
Mab21l1	29.818182	0	179	0	149	0	0	0	0	0	0	0	0
Gm7102	29.818182	0	328	0	0	0	0	0	0	0	0	0	0
Cdh1	29.818182	0	328	0	0	0	0	0	0	0	0	0	0
Cdc20b	29.818182	0	328	0	0	0	0	0	0	0	0	0	0
Bcl2a1a	29.818182	0	180	0	148	0	0	0	0	0	0	0	0
Agmo	29.818182	0	0	0	0	0	127	201	0	0	0	0	0
Myo16	29.727273	0	0	0	0	0	131	196	0	0	0	0	0
Mfsd4a	29.727273	0	327	0	0	0	0	0	0	0	0	0	0
Hsd11b2	29.727273	0	238	0	0	0	89	0	0	0	0	0	0
Gabrg1	29.545455	0	0	0	0	0	120	205	0	0	0	0	0
AA467197	29.545455	0	325	0	0	0	0	0	0	0	0	0	0
Rhpn1	29.454545	0	217	0	0	0	0	107	0	0	0	0	0
Pak6	29.454545	0	324	0	0	0	0	0	0	0	0	0	0
Dock1	29.454545	0	93	0	0	0	231	0	0	0	0	0	0
5730409E04Rik	29.454545	0	324	0	0	0	0	0	0	0	0	0	0
Slc14a2	29.363636	0	0	0	0	0	0	323	0	0	0	0	0
Pcdh19	29.363636	0	323	0	0	0	0	0	0	0	0	0	0
Paqr5	29.363636	0	323	0	0	0	0	0	0	0	0	0	0
H3c11	29.363636	0	196	0	0	0	0	127	0	0	0	0	0
Atp8b3	29.363636	0	0	0	0	0	323	0	0	0	0	0	0
Prkaa2	29.272727	0	226	0	96	0	0	0	0	0	0	0	0
Klhl4	29.272727	0	322	0	0	0	0	0	0	0	0	0	0
Klf1	29.272727	0	322	0	0	0	0	0	0	0	0	0	0
Enah	29.272727	0	132	0	190	0	0	0	0	0	0	0	0
Dlx4	29.272727	0	322	0	0	0	0	0	0	0	0	0	0
Cpne2	29.272727	0	322	0	0	0	0	0	0	0	0	0	0
C1ql1	29.272727	0	0	0	0	0	322	0	0	0	0	0	0
B4galnt4	29.272727	0	119	0	112	0	0	91	0	0	0	0	0
St6galnac2	29.181818	0	234	0	87	0	0	0	0	0	0	0	0
Npl	29.090909	0	320	0	0	0	0	0	0	0	0	0	0
Mtus1	29.090909	0	0	0	0	0	193	127	0	0	0	0	0
Fabp3	29.090909	0	320	0	0	0	0	0	0	0	0	0	0
Cd109	29.090909	0	0	0	0	0	0	320	0	0	0	0	0
Wdr17	29.000000	0	0	0	0	0	189	130	0	0	0	0	0
Slc39a4	29.000000	0	319	0	0	0	0	0	0	0	0	0	0
Kctd12	29.000000	0	319	0	0	0	0	0	0	0	0	0	0
Kcnip3	29.000000	0	0	0	0	0	188	131	0	0	0	0	0
Vcam1	28.909091	0	0	0	0	0	214	104	0	0	0	0	0
Slc1a1	28.909091	0	318	0	0	0	0	0	0	0	0	0	0
Sec14l2	28.909091	0	213	0	0	0	0	105	0	0	0	0	0
Ctsw	28.909091	0	318	0	0	0	0	0	0	0	0	0	0
Sox30	28.818182	0	317	0	0	0	0	0	0	0	0	0	0
Rex1bd	28.818182	0	317	0	0	0	0	0	0	0	0	0	0
Nes	28.818182	0	111	0	0	0	206	0	0	0	0	0	0
Myadm	28.818182	0	0	0	0	0	162	155	0	0	0	0	0
Cygb	28.818182	0	317	0	0	0	0	0	0	0	0	0	0
Nt5dc2	28.727273	0	157	0	0	0	159	0	0	0	0	0	0
Ehbp1l1	28.727273	0	316	0	0	0	0	0	0	0	0	0	0
Ccdc136	28.727273	0	316	0	0	0	0	0	0	0	0	0	0
Sybu	28.636364	0	103	0	0	0	0	212	0	0	0	0	0
Slc15a2	28.636364	0	0	0	0	0	151	164	0	0	0	0	0
Klrb1c	28.636364	0	0	0	0	0	129	186	0	0	0	0	0
Gprin3	28.636364	0	315	0	0	0	0	0	0	0	0	0	0
Zfp449	28.545455	0	314	0	0	0	0	0	0	0	0	0	0
Stxbp5l	28.545455	0	0	0	0	164	150	0	0	0	0	0	0
Sema6a	28.545455	0	0	0	0	0	136	178	0	0	0	0	0
Nme4	28.545455	0	223	0	0	0	0	91	0	0	0	0	0
Elovl2	28.545455	0	183	0	0	0	131	0	0	0	0	0	0
Dync2li1	28.545455	0	314	0	0	0	0	0	0	0	0	0	0
Cysrt1	28.545455	0	314	0	0	0	0	0	0	0	0	0	0
Ccdc192	28.545455	0	0	0	0	0	128	186	0	0	0	0	0
Ccdc110	28.545455	0	0	0	0	0	0	314	0	0	0	0	0
Zbtb42	28.454545	0	313	0	0	0	0	0	0	0	0	0	0
Smoc1	28.454545	0	160	0	0	0	0	153	0	0	0	0	0
Neurog2	28.454545	0	313	0	0	0	0	0	0	0	0	0	0
Kit	28.454545	0	205	0	0	0	0	108	0	0	0	0	0
Gja1	28.454545	0	159	0	154	0	0	0	0	0	0	0	0
Dock3	28.454545	0	212	0	101	0	0	0	0	0	0	0	0
Zfp93	28.363636	0	312	0	0	0	0	0	0	0	0	0	0
Ptch1	28.363636	0	312	0	0	0	0	0	0	0	0	0	0
Galnt3	28.363636	0	164	0	148	0	0	0	0	0	0	0	0
C77080	28.363636	0	180	0	0	0	132	0	0	0	0	0	0
Aplp1	28.363636	0	312	0	0	0	0	0	0	0	0	0	0
Slc35g2	28.272727	0	134	0	177	0	0	0	0	0	0	0	0
Ripk4	28.272727	0	311	0	0	0	0	0	0	0	0	0	0
Plau	28.272727	0	311	0	0	0	0	0	0	0	0	0	0
Lrrn4	28.272727	0	311	0	0	0	0	0	0	0	0	0	0
Gcnt1	28.272727	0	149	0	162	0	0	0	0	0	0	0	0
Dlk2	28.272727	0	311	0	0	0	0	0	0	0	0	0	0
Slc1a3	28.181818	0	145	0	165	0	0	0	0	0	0	0	0
Nkd2	28.181818	0	310	0	0	0	0	0	0	0	0	0	0
Bcl3	28.181818	0	211	0	99	0	0	0	0	0	0	0	0
Zadh2	28.090909	0	309	0	0	0	0	0	0	0	0	0	0
Tle3	28.090909	0	309	0	0	0	0	0	0	0	0	0	0
Tgif1	28.090909	0	309	0	0	0	0	0	0	0	0	0	0
Rarb	28.090909	0	0	0	0	0	170	139	0	0	0	0	0
Nudt17	28.090909	0	309	0	0	0	0	0	0	0	0	0	0
Gm2237	28.090909	0	309	0	0	0	0	0	0	0	0	0	0
Esm1	28.090909	0	211	0	98	0	0	0	0	0	0	0	0
Cyp11a1	28.090909	0	309	0	0	0	0	0	0	0	0	0	0
Clstn3	28.090909	0	164	0	145	0	0	0	0	0	0	0	0
Cd63	28.090909	0	0	0	0	0	207	102	0	0	0	0	0
Stard8	28.000000	0	308	0	0	0	0	0	0	0	0	0	0
P2ry10	28.000000	0	308	0	0	0	0	0	0	0	0	0	0
Iqsec2	28.000000	0	308	0	0	0	0	0	0	0	0	0	0
Zbtb10	27.909091	0	307	0	0	0	0	0	0	0	0	0	0
Slc9a3r2	27.909091	0	307	0	0	0	0	0	0	0	0	0	0
Prdm5	27.909091	0	223	0	0	0	0	84	0	0	0	0	0
H3c8	27.909091	0	197	0	0	0	0	0	0	0	0	110	0
Alox8	27.909091	0	307	0	0	0	0	0	0	0	0	0	0
Msi1	27.818182	0	0	0	0	0	166	140	0	0	0	0	0
Kcnk13	27.818182	0	195	0	0	0	0	111	0	0	0	0	0
Cdsn	27.818182	0	0	0	0	0	179	127	0	0	0	0	0
Nr4a3	27.727273	0	225	0	80	0	0	0	0	0	0	0	0
Myh7	27.727273	0	0	0	0	0	165	140	0	0	0	0	0
Adam22	27.727273	0	0	0	0	0	176	129	0	0	0	0	0
Zfp57	27.636364	0	146	158	0	0	0	0	0	0	0	0	0
Slc24a3	27.636364	0	207	0	0	0	0	97	0	0	0	0	0
Plagl1	27.636364	0	304	0	0	0	0	0	0	0	0	0	0
Nradd	27.636364	0	0	0	0	0	162	142	0	0	0	0	0
Il20ra	27.636364	0	304	0	0	0	0	0	0	0	0	0	0
Rapgef5	27.545455	0	303	0	0	0	0	0	0	0	0	0	0
Il6	27.545455	0	0	0	0	0	97	206	0	0	0	0	0
Cfap100	27.545455	0	113	0	0	0	0	190	0	0	0	0	0
Plcb3	27.454545	0	302	0	0	0	0	0	0	0	0	0	0
Mreg	27.454545	0	302	0	0	0	0	0	0	0	0	0	0
Gfra1	27.454545	0	171	0	0	0	0	131	0	0	0	0	0
Fbxo43	27.454545	0	302	0	0	0	0	0	0	0	0	0	0
Arid1b	27.454545	0	302	0	0	0	0	0	0	0	0	0	0
Stac2	27.363636	0	134	0	0	0	167	0	0	0	0	0	0
Slc4a4	27.363636	0	0	0	174	127	0	0	0	0	0	0	0
Pou3f1	27.363636	0	109	0	0	0	192	0	0	0	0	0	0
Hoxa13	27.363636	0	301	0	0	0	0	0	0	0	0	0	0
Gm960	27.363636	0	0	0	0	0	103	198	0	0	0	0	0
Ckap4	27.363636	0	301	0	0	0	0	0	0	0	0	0	0
Adgra1	27.363636	0	0	0	0	0	175	126	0	0	0	0	0
Zfyve9	27.272727	0	205	0	95	0	0	0	0	0	0	0	0
Tmem159	27.272727	0	201	0	99	0	0	0	0	0	0	0	0
Sema6b	27.272727	0	300	0	0	0	0	0	0	0	0	0	0
Pla2r1	27.272727	0	300	0	0	0	0	0	0	0	0	0	0
Il12a	27.272727	0	178	0	122	0	0	0	0	0	0	0	0
Gm19774	27.272727	0	300	0	0	0	0	0	0	0	0	0	0
Cpt1a	27.272727	0	300	0	0	0	0	0	0	0	0	0	0
Zkscan4	27.181818	0	180	0	0	0	0	119	0	0	0	0	0
Tmem163	27.181818	0	210	0	89	0	0	0	0	0	0	0	0
Rab42	27.181818	0	299	0	0	0	0	0	0	0	0	0	0
Mill2	27.181818	0	299	0	0	0	0	0	0	0	0	0	0
Cdh15	27.090909	0	0	0	0	0	298	0	0	0	0	0	0
Zfp982	27.000000	0	0	0	148	149	0	0	0	0	0	0	0
Slc9b2	27.000000	0	297	0	0	0	0	0	0	0	0	0	0
Foxp2	27.000000	0	0	0	0	0	204	93	0	0	0	0	0
Best2	27.000000	0	297	0	0	0	0	0	0	0	0	0	0
Bcl2l2	27.000000	0	297	0	0	0	0	0	0	0	0	0	0
Agap1	27.000000	0	0	0	0	0	297	0	0	0	0	0	0
Rtn4r	26.909091	0	296	0	0	0	0	0	0	0	0	0	0
Fign	26.909091	0	0	0	0	97	0	199	0	0	0	0	0
Uaca	26.818182	0	295	0	0	0	0	0	0	0	0	0	0
Syt17	26.818182	0	0	0	0	0	126	169	0	0	0	0	0
Kcnj8	26.818182	0	295	0	0	0	0	0	0	0	0	0	0
Ephb4	26.818182	0	0	0	0	0	185	110	0	0	0	0	0
Bcam	26.818182	0	0	0	0	0	295	0	0	0	0	0	0
Zfp185	26.727273	0	294	0	0	0	0	0	0	0	0	0	0
Tctex1d1	26.727273	0	294	0	0	0	0	0	0	0	0	0	0
Rasgrp3	26.727273	0	0	0	0	0	133	161	0	0	0	0	0
Plek2	26.727273	0	294	0	0	0	0	0	0	0	0	0	0
Npr1	26.727273	0	200	0	0	0	0	94	0	0	0	0	0
Hpse	26.727273	0	294	0	0	0	0	0	0	0	0	0	0
Awat2	26.727273	0	0	0	0	0	0	0	0	0	0	294	0
Synm	26.636364	0	143	0	0	0	150	0	0	0	0	0	0
Ccdc13	26.636364	0	214	0	0	0	79	0	0	0	0	0	0
Susd1	26.545455	0	292	0	0	0	0	0	0	0	0	0	0
Sox11	26.545455	0	0	0	0	0	292	0	0	0	0	0	0
Nos1ap	26.545455	0	292	0	0	0	0	0	0	0	0	0	0
Itgb5	26.545455	0	292	0	0	0	0	0	0	0	0	0	0
H2bc3	26.545455	0	292	0	0	0	0	0	0	0	0	0	0
H2-Q1	26.545455	0	292	0	0	0	0	0	0	0	0	0	0
Cacnb2	26.545455	0	177	0	0	0	115	0	0	0	0	0	0
Ssbp4	26.454545	0	291	0	0	0	0	0	0	0	0	0	0
Mllt6	26.454545	0	291	0	0	0	0	0	0	0	0	0	0
LOC100861978	26.454545	0	291	0	0	0	0	0	0	0	0	0	0
Gm13306	26.454545	0	291	0	0	0	0	0	0	0	0	0	0
Glis2	26.454545	0	291	0	0	0	0	0	0	0	0	0	0
Dok6	26.454545	0	0	0	0	149	0	142	0	0	0	0	0
Ccl27b	26.454545	0	291	0	0	0	0	0	0	0	0	0	0
1700001O22Rik	26.454545	0	291	0	0	0	0	0	0	0	0	0	0
Stox1	26.363636	0	290	0	0	0	0	0	0	0	0	0	0
Samd10	26.363636	0	290	0	0	0	0	0	0	0	0	0	0
Lhx1	26.272727	0	289	0	0	0	0	0	0	0	0	0	0
Bche	26.272727	0	0	0	0	0	130	159	0	0	0	0	0
Fam20c	26.181818	0	0	0	0	0	125	163	0	0	0	0	0
Acaa1b	26.181818	0	288	0	0	0	0	0	0	0	0	0	0
Zmynd8	26.090909	0	287	0	0	0	0	0	0	0	0	0	0
Zcchc12	26.090909	0	287	0	0	0	0	0	0	0	0	0	0
Septin5	26.090909	0	287	0	0	0	0	0	0	0	0	0	0
Prss41	26.090909	0	287	0	0	0	0	0	0	0	0	0	0
Nup62cl	26.090909	0	167	0	120	0	0	0	0	0	0	0	0
Enho	26.090909	0	117	0	0	0	170	0	0	0	0	0	0
Dnaaf6b	26.090909	0	167	0	120	0	0	0	0	0	0	0	0
Ctnnd2	26.090909	0	0	0	0	0	192	95	0	0	0	0	0
Bace1	26.090909	0	126	0	0	0	161	0	0	0	0	0	0
Stard13	26.000000	0	196	0	90	0	0	0	0	0	0	0	0
Prf1	26.000000	0	184	0	102	0	0	0	0	0	0	0	0
Pik3c2g	26.000000	0	0	0	0	0	0	0	0	0	286	0	0
Pear1	26.000000	0	286	0	0	0	0	0	0	0	0	0	0
Mbd6	26.000000	0	286	0	0	0	0	0	0	0	0	0	0
Smim5	25.909091	0	0	0	0	0	285	0	0	0	0	0	0
Grin1	25.909091	0	188	0	0	0	97	0	0	0	0	0	0
Jam3	25.818182	0	0	0	0	0	154	130	0	0	0	0	0
Fam78b	25.818182	0	284	0	0	0	0	0	0	0	0	0	0
Dact1	25.818182	0	159	0	0	0	125	0	0	0	0	0	0
Syt2	25.727273	0	283	0	0	0	0	0	0	0	0	0	0
Pgf	25.727273	0	187	0	0	0	0	96	0	0	0	0	0
Ly6c1	25.727273	0	283	0	0	0	0	0	0	0	0	0	0
Elavl2	25.727273	0	0	0	0	0	172	111	0	0	0	0	0
Dab2ip	25.727273	0	0	0	0	0	283	0	0	0	0	0	0
Cemip	25.727273	0	0	0	0	0	114	169	0	0	0	0	0
Ccdc158	25.727273	0	122	0	161	0	0	0	0	0	0	0	0
Fasl	25.636364	0	114	0	168	0	0	0	0	0	0	0	0
C1qtnf12	25.636364	0	282	0	0	0	0	0	0	0	0	0	0
Adrb1	25.636364	0	0	0	0	0	152	130	0	0	0	0	0
Fam169a	25.545455	0	130	151	0	0	0	0	0	0	0	0	0
Adra2b	25.545455	0	281	0	0	0	0	0	0	0	0	0	0
Adamts20	25.545455	0	135	0	0	0	146	0	0	0	0	0	0
Dsp	25.454545	0	280	0	0	0	0	0	0	0	0	0	0
Diras2	25.454545	0	0	0	0	0	103	177	0	0	0	0	0
Cfap45	25.454545	0	280	0	0	0	0	0	0	0	0	0	0
Med12l	25.363636	0	199	0	0	0	0	80	0	0	0	0	0
Ism2	25.363636	0	160	0	119	0	0	0	0	0	0	0	0
Usp43	25.272727	0	278	0	0	0	0	0	0	0	0	0	0
Nsd1	25.272727	0	278	0	0	0	0	0	0	0	0	0	0
Ly6a	25.272727	0	156	0	122	0	0	0	0	0	0	0	0
Hcn3	25.272727	0	278	0	0	0	0	0	0	0	0	0	0
Ddah1	25.272727	0	0	0	0	0	104	174	0	0	0	0	0
Ankrd55	25.272727	0	278	0	0	0	0	0	0	0	0	0	0
Susd4	25.181818	0	153	0	0	0	0	124	0	0	0	0	0
Mpp4	25.181818	0	0	0	0	0	111	166	0	0	0	0	0
Erfe	25.090909	0	276	0	0	0	0	0	0	0	0	0	0
Zfp37	25.000000	0	0	0	0	0	120	155	0	0	0	0	0
Zc3h12c	25.000000	0	275	0	0	0	0	0	0	0	0	0	0
S100a4	25.000000	0	0	0	0	0	0	275	0	0	0	0	0
Foxd3	25.000000	0	275	0	0	0	0	0	0	0	0	0	0
Cdc42ep1	25.000000	0	0	0	0	0	275	0	0	0	0	0	0
Ptpn14	24.909091	0	274	0	0	0	0	0	0	0	0	0	0
LOC100862220	24.909091	0	274	0	0	0	0	0	0	0	0	0	0
Gm21953	24.909091	0	274	0	0	0	0	0	0	0	0	0	0
Gm21586	24.909091	0	274	0	0	0	0	0	0	0	0	0	0
Gm20878	24.909091	0	274	0	0	0	0	0	0	0	0	0	0
Fam205a4	24.909091	0	274	0	0	0	0	0	0	0	0	0	0
Fam205a3	24.909091	0	274	0	0	0	0	0	0	0	0	0	0
Ccr8	24.909091	0	274	0	0	0	0	0	0	0	0	0	0
Xdh	24.818182	0	273	0	0	0	0	0	0	0	0	0	0
Setd1b	24.818182	0	273	0	0	0	0	0	0	0	0	0	0
Mcts2	24.818182	0	0	0	0	0	106	167	0	0	0	0	0
Fam78a	24.818182	0	273	0	0	0	0	0	0	0	0	0	0
Fam183b	24.818182	0	273	0	0	0	0	0	0	0	0	0	0
Derl3	24.818182	0	273	0	0	0	0	0	0	0	0	0	0
Cstdc2	24.818182	0	0	0	0	0	0	273	0	0	0	0	0
Jazf1	24.727273	0	272	0	0	0	0	0	0	0	0	0	0
Gsta4	24.727273	0	272	0	0	0	0	0	0	0	0	0	0
Gm3646	24.727273	0	0	0	0	0	0	272	0	0	0	0	0
Csrnp3	24.727273	0	0	0	0	0	0	272	0	0	0	0	0
Pomgnt2	24.636364	0	117	0	0	0	154	0	0	0	0	0	0
Map6d1	24.636364	0	271	0	0	0	0	0	0	0	0	0	0
Bmpr1b	24.636364	0	0	0	0	0	117	154	0	0	0	0	0
Bex3	24.636364	0	271	0	0	0	0	0	0	0	0	0	0
Bcor	24.636364	0	271	0	0	0	0	0	0	0	0	0	0
Tcf24	24.545455	0	270	0	0	0	0	0	0	0	0	0	0
Sez6l	24.545455	0	0	0	0	0	105	165	0	0	0	0	0
Sema4g	24.545455	0	270	0	0	0	0	0	0	0	0	0	0
Pcgf2	24.545455	0	107	0	0	0	0	163	0	0	0	0	0
Erbb2	24.545455	0	184	0	0	0	86	0	0	0	0	0	0
Cdh4	24.545455	0	0	0	0	0	87	183	0	0	0	0	0
4930505A04Rik	24.545455	0	0	0	0	0	109	161	0	0	0	0	0
Sh3rf3	24.454545	0	136	0	0	0	0	133	0	0	0	0	0
Ptprg	24.454545	0	0	0	0	0	190	79	0	0	0	0	0
Cacna1d	24.454545	0	269	0	0	0	0	0	0	0	0	0	0
Slamf7	24.363636	0	268	0	0	0	0	0	0	0	0	0	0
Odf3b	24.363636	0	268	0	0	0	0	0	0	0	0	0	0
Ociad2	24.363636	0	268	0	0	0	0	0	0	0	0	0	0
Gm3636	24.363636	0	268	0	0	0	0	0	0	0	0	0	0
Zfp385c	24.272727	0	267	0	0	0	0	0	0	0	0	0	0
Wnt2b	24.272727	0	267	0	0	0	0	0	0	0	0	0	0
Serpine2	24.272727	0	267	0	0	0	0	0	0	0	0	0	0
Rtn2	24.272727	0	130	0	0	0	137	0	0	0	0	0	0
Lipg	24.272727	0	197	0	70	0	0	0	0	0	0	0	0
Evpl	24.272727	0	267	0	0	0	0	0	0	0	0	0	0
Themis2	24.181818	0	266	0	0	0	0	0	0	0	0	0	0
Myh8	24.181818	0	0	0	0	0	107	159	0	0	0	0	0
Gsx1	24.181818	0	113	0	153	0	0	0	0	0	0	0	0
Camk2n2	24.181818	0	266	0	0	0	0	0	0	0	0	0	0
Rgs3	24.000000	0	0	0	0	0	264	0	0	0	0	0	0
Ptgds	24.000000	0	0	0	0	0	126	138	0	0	0	0	0
Nqo1	24.000000	0	0	0	0	0	181	83	0	0	0	0	0
C1qtnf5	24.000000	0	0	0	0	0	136	128	0	0	0	0	0
Fzd1	23.909091	0	0	0	0	0	137	126	0	0	0	0	0
Rapgef2	23.818182	0	0	0	0	0	98	164	0	0	0	0	0
Ptprm	23.818182	0	0	0	0	0	262	0	0	0	0	0	0
Ptprf	23.818182	0	262	0	0	0	0	0	0	0	0	0	0
Npas1	23.818182	0	0	0	0	0	262	0	0	0	0	0	0
Klhl32	23.818182	0	147	0	0	0	0	115	0	0	0	0	0
Ccr9	23.818182	0	262	0	0	0	0	0	0	0	0	0	0
Trim71	23.727273	0	261	0	0	0	0	0	0	0	0	0	0
Tlr7	23.727273	0	261	0	0	0	0	0	0	0	0	0	0
Mcidas	23.727273	0	261	0	0	0	0	0	0	0	0	0	0
Enox1	23.727273	0	0	0	0	0	115	146	0	0	0	0	0
Alk	23.727273	0	0	0	0	0	261	0	0	0	0	0	0
Tuba8	23.636364	0	260	0	0	0	0	0	0	0	0	0	0
Slc16a5	23.636364	0	158	0	102	0	0	0	0	0	0	0	0
Gpx7	23.636364	0	260	0	0	0	0	0	0	0	0	0	0
Celf5	23.636364	0	260	0	0	0	0	0	0	0	0	0	0
Celf3	23.636364	0	0	0	0	0	0	260	0	0	0	0	0
4930451I11Rik	23.636364	0	260	0	0	0	0	0	0	0	0	0	0
Uggt2	23.545455	0	0	0	0	0	109	150	0	0	0	0	0
Snx24	23.545455	0	259	0	0	0	0	0	0	0	0	0	0
Papln	23.545455	0	259	0	0	0	0	0	0	0	0	0	0
Rbm47	23.454545	0	258	0	0	0	0	0	0	0	0	0	0
Hpcal4	23.454545	0	258	0	0	0	0	0	0	0	0	0	0
Gm3005	23.454545	0	258	0	0	0	0	0	0	0	0	0	0
Calca	23.454545	0	258	0	0	0	0	0	0	0	0	0	0
Trnp1	23.363636	0	161	0	0	0	96	0	0	0	0	0	0
Scn8a	23.363636	0	173	0	84	0	0	0	0	0	0	0	0
Itgb4	23.363636	0	257	0	0	0	0	0	0	0	0	0	0
Slc27a6	23.272727	0	256	0	0	0	0	0	0	0	0	0	0
Perp	23.272727	0	256	0	0	0	0	0	0	0	0	0	0
Igf2bp3	23.272727	0	256	0	0	0	0	0	0	0	0	0	0
Hs3st6	23.272727	0	256	0	0	0	0	0	0	0	0	0	0
Ccdc113	23.272727	0	165	0	91	0	0	0	0	0	0	0	0
Map6	23.181818	0	0	0	0	0	124	131	0	0	0	0	0
Gas1	23.181818	0	0	0	0	0	104	151	0	0	0	0	0
Ccdc39	23.181818	0	255	0	0	0	0	0	0	0	0	0	0
Tmem52b	23.090909	0	0	0	0	0	254	0	0	0	0	0	0
Mx1	23.090909	0	254	0	0	0	0	0	0	0	0	0	0
Metrn	23.090909	0	254	0	0	0	0	0	0	0	0	0	0
Megf10	23.090909	0	0	0	0	0	0	254	0	0	0	0	0
Map7d3	23.090909	0	254	0	0	0	0	0	0	0	0	0	0
Hcst	23.090909	0	254	0	0	0	0	0	0	0	0	0	0
Gm13889	23.090909	0	0	0	0	0	254	0	0	0	0	0	0
Ednrb	23.090909	0	0	0	0	0	0	254	0	0	0	0	0
Cdcp2	23.090909	0	0	0	0	0	0	254	0	0	0	0	0
Zfp108	23.000000	0	253	0	0	0	0	0	0	0	0	0	0
Trpc1	23.000000	0	161	0	0	0	92	0	0	0	0	0	0
Nav1	23.000000	0	253	0	0	0	0	0	0	0	0	0	0
Lhfpl2	23.000000	0	253	0	0	0	0	0	0	0	0	0	0
Lalba	23.000000	0	0	0	0	0	122	131	0	0	0	0	0
Igdcc3	23.000000	0	253	0	0	0	0	0	0	0	0	0	0
Wnk4	22.909091	0	252	0	0	0	0	0	0	0	0	0	0
Syt5	22.909091	0	0	0	0	0	252	0	0	0	0	0	0
Pkp2	22.909091	0	252	0	0	0	0	0	0	0	0	0	0
Gm20594	22.909091	0	0	0	0	0	252	0	0	0	0	0	0
Dmtn	22.909091	0	252	0	0	0	0	0	0	0	0	0	0
Bsn	22.909091	0	132	0	0	0	120	0	0	0	0	0	0
Tdgf1	22.818182	0	251	0	0	0	0	0	0	0	0	0	0
Tcte2	22.818182	0	251	0	0	0	0	0	0	0	0	0	0
Jakmip2	22.818182	0	0	0	0	0	147	104	0	0	0	0	0
Ift43	22.818182	0	251	0	0	0	0	0	0	0	0	0	0
Akt1	22.818182	0	251	0	0	0	0	0	0	0	0	0	0
Afdn	22.818182	0	251	0	0	0	0	0	0	0	0	0	0
Gja4	22.727273	0	124	0	0	0	126	0	0	0	0	0	0
Pdgfb	22.636364	0	143	0	0	0	0	106	0	0	0	0	0
Cplx2	22.636364	0	0	0	0	0	146	103	0	0	0	0	0
Adgrf2	22.636364	0	0	0	0	0	142	107	0	0	0	0	0
Acsl6	22.636364	0	249	0	0	0	0	0	0	0	0	0	0
Spn	22.545455	0	248	0	0	0	0	0	0	0	0	0	0
Hes5	22.545455	0	142	0	0	0	106	0	0	0	0	0	0
Fcor	22.545455	0	130	0	0	0	0	118	0	0	0	0	0
Aldh1a1	22.545455	0	0	0	0	0	161	87	0	0	0	0	0
St6galnac6	22.454545	0	247	0	0	0	0	0	0	0	0	0	0
Myl9	22.454545	0	0	0	0	0	145	102	0	0	0	0	0
Mro	22.454545	0	247	0	0	0	0	0	0	0	0	0	0
Lrfn2	22.454545	0	247	0	0	0	0	0	0	0	0	0	0
Lifr	22.454545	0	247	0	0	0	0	0	0	0	0	0	0
Coro2b	22.454545	0	247	0	0	0	0	0	0	0	0	0	0
Zc2hc1c	22.363636	0	102	0	0	0	0	144	0	0	0	0	0
Srcin1	22.363636	0	246	0	0	0	0	0	0	0	0	0	0
Sobp	22.363636	0	246	0	0	0	0	0	0	0	0	0	0
Sntg2	22.363636	0	0	0	0	0	246	0	0	0	0	0	0
Myo5b	22.363636	0	246	0	0	0	0	0	0	0	0	0	0
Lypd6b	22.363636	0	246	0	0	0	0	0	0	0	0	0	0
Layn	22.363636	0	0	0	0	0	246	0	0	0	0	0	0
Cnih3	22.363636	0	139	0	0	0	0	107	0	0	0	0	0
Zar1	22.272727	0	245	0	0	0	0	0	0	0	0	0	0
Uchl1	22.272727	0	0	0	0	0	0	245	0	0	0	0	0
Ttc29	22.272727	0	0	0	0	0	245	0	0	0	0	0	0
Lypd6	22.272727	0	0	0	0	0	131	114	0	0	0	0	0
Kcnj16	22.272727	0	0	0	0	0	125	120	0	0	0	0	0
Gpc6	22.272727	0	0	0	0	0	121	124	0	0	0	0	0
Eva1c	22.272727	0	245	0	0	0	0	0	0	0	0	0	0
2810459M11Rik	22.272727	0	245	0	0	0	0	0	0	0	0	0	0
Sdc1	22.181818	0	244	0	0	0	0	0	0	0	0	0	0
Pkdcc	22.181818	0	149	0	0	0	0	95	0	0	0	0	0
Osr2	22.181818	0	121	0	123	0	0	0	0	0	0	0	0
Echdc3	22.181818	0	244	0	0	0	0	0	0	0	0	0	0
Wnt3	22.090909	0	243	0	0	0	0	0	0	0	0	0	0
Mapk13	22.090909	0	243	0	0	0	0	0	0	0	0	0	0
Lrrc72	22.090909	0	243	0	0	0	0	0	0	0	0	0	0
Igsf23	22.090909	0	243	0	0	0	0	0	0	0	0	0	0
Fam184a	22.090909	0	126	0	0	0	117	0	0	0	0	0	0
Smtnl2	22.000000	0	0	0	0	0	242	0	0	0	0	0	0
Lrrc75b	22.000000	0	242	0	0	0	0	0	0	0	0	0	0
Klhdc7a	22.000000	0	0	0	0	0	108	134	0	0	0	0	0
Edn1	22.000000	0	120	0	122	0	0	0	0	0	0	0	0
Cacng5	22.000000	0	0	0	0	0	242	0	0	0	0	0	0
Atf7ip2	22.000000	0	0	0	0	0	242	0	0	0	0	0	0
Nkain3	21.909091	0	0	0	0	0	0	241	0	0	0	0	0
Lrrc3	21.909091	0	92	0	149	0	0	0	0	0	0	0	0
Asb4	21.909091	0	0	0	121	0	120	0	0	0	0	0	0
Spsb4	21.818182	0	88	0	0	0	152	0	0	0	0	0	0
Irx3	21.818182	0	0	0	0	0	119	121	0	0	0	0	0
Gm33933	21.818182	0	240	0	0	0	0	0	0	0	0	0	0
Gm30191	21.818182	0	0	0	0	0	157	83	0	0	0	0	0
Tk1	21.727273	0	0	0	0	0	239	0	0	0	0	0	0
Misp3	21.727273	0	239	0	0	0	0	0	0	0	0	0	0
Ier5l	21.727273	0	76	0	0	0	163	0	0	0	0	0	0
Hmcn1	21.727273	0	239	0	0	0	0	0	0	0	0	0	0
Crispld2	21.727273	0	0	0	0	0	239	0	0	0	0	0	0
Add2	21.727273	0	0	0	0	0	0	239	0	0	0	0	0
Slc52a3	21.636364	0	238	0	0	0	0	0	0	0	0	0	0
Slc2a6	21.636364	0	0	0	0	0	157	81	0	0	0	0	0
Raet1e	21.636364	0	238	0	0	0	0	0	0	0	0	0	0
Raet1a	21.636364	0	238	0	0	0	0	0	0	0	0	0	0
Sirpa	21.545455	0	0	0	0	0	127	110	0	0	0	0	0
Fam171a1	21.545455	0	237	0	0	0	0	0	0	0	0	0	0
Disp2	21.545455	0	0	0	0	0	237	0	0	0	0	0	0
Bex2	21.545455	0	237	0	0	0	0	0	0	0	0	0	0
Ptprr	21.454545	0	0	0	0	0	133	103	0	0	0	0	0
Gpr25	21.454545	0	128	0	0	0	108	0	0	0	0	0	0
Bcl2l14	21.454545	0	236	0	0	0	0	0	0	0	0	0	0
B3galt2	21.454545	0	236	0	0	0	0	0	0	0	0	0	0
Wnt7a	21.363636	0	0	0	0	0	0	235	0	0	0	0	0
Pth1r	21.363636	0	235	0	0	0	0	0	0	0	0	0	0
Phyhd1	21.363636	0	0	0	0	0	235	0	0	0	0	0	0
Olfr389	21.363636	0	0	0	0	0	0	0	0	0	235	0	0
H2-Ob	21.363636	0	235	0	0	0	0	0	0	0	0	0	0
Gpr45	21.363636	0	235	0	0	0	0	0	0	0	0	0	0
Gm3752	21.363636	0	235	0	0	0	0	0	0	0	0	0	0
Gm2956	21.363636	0	235	0	0	0	0	0	0	0	0	0	0
Fibcd1	21.363636	0	235	0	0	0	0	0	0	0	0	0	0
Eppk1	21.363636	0	235	0	0	0	0	0	0	0	0	0	0
Cst6	21.363636	0	235	0	0	0	0	0	0	0	0	0	0
Usp29	21.272727	0	0	0	0	0	234	0	0	0	0	0	0
Tspan18	21.272727	0	234	0	0	0	0	0	0	0	0	0	0
Peg3	21.272727	0	0	0	0	0	234	0	0	0	0	0	0
Nr3c2	21.272727	0	0	0	0	0	234	0	0	0	0	0	0
Fgf9	21.272727	0	133	0	101	0	0	0	0	0	0	0	0
Capsl	21.272727	0	234	0	0	0	0	0	0	0	0	0	0
Abat	21.272727	0	234	0	0	0	0	0	0	0	0	0	0
Tpbgl	21.181818	0	233	0	0	0	0	0	0	0	0	0	0
Rag2	21.181818	0	0	0	0	233	0	0	0	0	0	0	0
Fkbp14	21.181818	0	0	95	0	0	138	0	0	0	0	0	0
Egfr	21.181818	0	0	0	0	0	133	100	0	0	0	0	0
Ebf2	21.181818	0	107	0	0	0	126	0	0	0	0	0	0
Hvcn1	21.090909	0	232	0	0	0	0	0	0	0	0	0	0
Gm11837	21.090909	0	135	0	97	0	0	0	0	0	0	0	0
Gli2	21.090909	0	100	0	0	0	0	132	0	0	0	0	0
Erfl	21.090909	0	232	0	0	0	0	0	0	0	0	0	0
Hoxc9	21.000000	0	231	0	0	0	0	0	0	0	0	0	0
Dmxl2	21.000000	0	0	0	0	0	86	145	0	0	0	0	0
Cpne7	21.000000	0	133	0	98	0	0	0	0	0	0	0	0
Ccdc65	21.000000	0	231	0	0	0	0	0	0	0	0	0	0
2610042L04Rik	21.000000	0	231	0	0	0	0	0	0	0	0	0	0
Nova1	20.818182	0	0	0	109	0	120	0	0	0	0	0	0
Hif3a	20.818182	0	229	0	0	0	0	0	0	0	0	0	0
Henmt1	20.818182	0	229	0	0	0	0	0	0	0	0	0	0
Fkbp9	20.818182	0	0	0	0	0	101	128	0	0	0	0	0
Tnfrsf4	20.727273	0	228	0	0	0	0	0	0	0	0	0	0
Stk32a	20.727273	0	0	0	0	0	228	0	0	0	0	0	0
Shc4	20.727273	0	154	0	0	0	0	74	0	0	0	0	0
Mef2b	20.727273	0	0	0	0	0	228	0	0	0	0	0	0
Gad2	20.727273	0	228	0	0	0	0	0	0	0	0	0	0
Cables1	20.727273	0	228	0	0	0	0	0	0	0	0	0	0
Rhoc	20.636364	0	227	0	0	0	0	0	0	0	0	0	0
Prrt4	20.636364	0	227	0	0	0	0	0	0	0	0	0	0
Prr5l	20.636364	0	0	0	0	0	87	140	0	0	0	0	0
Podxl2	20.636364	0	227	0	0	0	0	0	0	0	0	0	0
Lonrf3	20.636364	0	227	0	0	0	0	0	0	0	0	0	0
Clstn1	20.636364	0	227	0	0	0	0	0	0	0	0	0	0
Rtn1	20.545455	0	77	0	0	149	0	0	0	0	0	0	0
Htra1	20.545455	0	114	0	0	0	0	112	0	0	0	0	0
Gm21814	20.545455	0	226	0	0	0	0	0	0	0	0	0	0
Ifnlr1	20.454545	0	225	0	0	0	0	0	0	0	0	0	0
Rad51ap2	20.363636	0	0	0	0	0	224	0	0	0	0	0	0
Pdzd2	20.363636	0	0	0	0	0	224	0	0	0	0	0	0
Parva	20.363636	0	0	0	0	0	114	110	0	0	0	0	0
Efcab12	20.363636	0	224	0	0	0	0	0	0	0	0	0	0
Sphk1	20.272727	0	223	0	0	0	0	0	0	0	0	0	0
Ncan	20.272727	0	0	0	0	0	124	99	0	0	0	0	0
Gper1	20.272727	0	0	0	0	0	0	223	0	0	0	0	0
Gabrb3	20.272727	0	0	0	0	0	135	88	0	0	0	0	0
Ebf3	20.272727	0	118	0	0	0	105	0	0	0	0	0	0
Sec14l5	20.181818	0	0	0	0	0	222	0	0	0	0	0	0
Zfp972	20.090909	0	221	0	0	0	0	0	0	0	0	0	0
Slc27a2	20.090909	0	221	0	0	0	0	0	0	0	0	0	0
Il18bp	20.090909	0	221	0	0	0	0	0	0	0	0	0	0
Ikzf2	20.090909	0	221	0	0	0	0	0	0	0	0	0	0
Gjb2	20.090909	0	221	0	0	0	0	0	0	0	0	0	0
Egr3	20.090909	0	221	0	0	0	0	0	0	0	0	0	0
Ddr1	20.090909	0	221	0	0	0	0	0	0	0	0	0	0
Cyb561	20.090909	0	221	0	0	0	0	0	0	0	0	0	0
Cacna1g	20.090909	0	221	0	0	0	0	0	0	0	0	0	0
Pcdh17	20.000000	0	0	0	0	0	220	0	0	0	0	0	0
Flrt3	20.000000	0	0	0	0	0	0	220	0	0	0	0	0
Vasn	19.909091	0	0	0	0	0	219	0	0	0	0	0	0
Pde4a	19.909091	0	219	0	0	0	0	0	0	0	0	0	0
Kcnh2	19.909091	0	219	0	0	0	0	0	0	0	0	0	0
Ttc39c	19.818182	0	218	0	0	0	0	0	0	0	0	0	0
Sypl2	19.818182	0	218	0	0	0	0	0	0	0	0	0	0
Kcnq3	19.818182	0	128	0	0	0	90	0	0	0	0	0	0
Hs3st3a1	19.818182	0	113	0	0	0	0	105	0	0	0	0	0
Nfe2l3	19.727273	0	217	0	0	0	0	0	0	0	0	0	0
Irx5	19.727273	0	0	0	0	0	217	0	0	0	0	0	0
Hes1	19.727273	0	0	0	0	0	217	0	0	0	0	0	0
Grk3	19.727273	0	113	0	0	0	104	0	0	0	0	0	0
Dnajb14	19.727273	0	217	0	0	0	0	0	0	0	0	0	0
Cacnb1	19.727273	0	217	0	0	0	0	0	0	0	0	0	0
Amigo3	19.727273	0	0	0	0	0	217	0	0	0	0	0	0
Trf	19.636364	0	103	0	0	0	113	0	0	0	0	0	0
Soga1	19.636364	0	136	0	0	0	80	0	0	0	0	0	0
Slc45a3	19.636364	0	216	0	0	0	0	0	0	0	0	0	0
Lrrc14b	19.636364	0	0	0	0	0	97	119	0	0	0	0	0
Tmcc2	19.545455	0	110	0	105	0	0	0	0	0	0	0	0
Tle6	19.545455	0	215	0	0	0	0	0	0	0	0	0	0
Gm40035	19.545455	0	215	0	0	0	0	0	0	0	0	0	0
Gm3739	19.545455	0	215	0	0	0	0	0	0	0	0	0	0
Fkbpl	19.545455	0	215	0	0	0	0	0	0	0	0	0	0
Esrp2	19.545455	0	215	0	0	0	0	0	0	0	0	0	0
Dcbld1	19.545455	0	215	0	0	0	0	0	0	0	0	0	0
Cnga3	19.545455	0	0	0	0	0	0	215	0	0	0	0	0
Wasf3	19.454545	0	0	0	0	0	214	0	0	0	0	0	0
Rsph14	19.454545	0	0	0	0	0	96	118	0	0	0	0	0
Mras	19.454545	0	214	0	0	0	0	0	0	0	0	0	0
Fam184b	19.454545	0	214	0	0	0	0	0	0	0	0	0	0
Fam163b	19.454545	0	214	0	0	0	0	0	0	0	0	0	0
Dbndd1	19.454545	0	214	0	0	0	0	0	0	0	0	0	0
Amph	19.454545	0	0	0	76	0	0	138	0	0	0	0	0
Aldh1l1	19.454545	0	214	0	0	0	0	0	0	0	0	0	0
Tmprss5	19.363636	0	0	0	0	0	0	213	0	0	0	0	0
Slc6a20a	19.363636	0	213	0	0	0	0	0	0	0	0	0	0
Slc12a5	19.363636	0	213	0	0	0	0	0	0	0	0	0	0
Pdgfra	19.363636	0	110	0	0	0	0	103	0	0	0	0	0
Gng4	19.363636	0	213	0	0	0	0	0	0	0	0	0	0
Epb41l4b	19.363636	0	213	0	0	0	0	0	0	0	0	0	0
Tgm5	19.272727	0	0	0	0	0	0	212	0	0	0	0	0
Grin3a	19.272727	0	0	0	0	0	90	122	0	0	0	0	0
Tubb3	19.181818	0	211	0	0	0	0	0	0	0	0	0	0
Npas2	19.090909	0	210	0	0	0	0	0	0	0	0	0	0
Aif1l	19.090909	0	138	0	0	0	0	72	0	0	0	0	0
Sptbn4	19.000000	0	209	0	0	0	0	0	0	0	0	0	0
Phlda2	19.000000	0	209	0	0	0	0	0	0	0	0	0	0
Hoxb1	19.000000	0	0	0	0	209	0	0	0	0	0	0	0
Elfn1	19.000000	0	209	0	0	0	0	0	0	0	0	0	0
Mettl7a3	18.909091	0	208	0	0	0	0	0	0	0	0	0	0
Gm572	18.909091	0	208	0	0	0	0	0	0	0	0	0	0
Glipr1l3	18.909091	0	0	0	0	0	112	96	0	0	0	0	0
Cxcl10	18.909091	0	208	0	0	0	0	0	0	0	0	0	0
Col16a1	18.909091	0	0	0	0	0	208	0	0	0	0	0	0
Cfap126	18.909091	0	117	0	91	0	0	0	0	0	0	0	0
Ube2ql1	18.818182	0	90	0	0	0	117	0	0	0	0	0	0
Mt3	18.818182	0	0	0	0	0	113	94	0	0	0	0	0
Me3	18.818182	0	207	0	0	0	0	0	0	0	0	0	0
Fads3	18.818182	0	207	0	0	0	0	0	0	0	0	0	0
Colca2	18.818182	0	133	0	0	0	0	74	0	0	0	0	0
Cacna1h	18.818182	0	0	0	0	0	0	207	0	0	0	0	0
Zfpm2	18.727273	0	0	0	0	0	0	206	0	0	0	0	0
Tnfsf14	18.727273	0	206	0	0	0	0	0	0	0	0	0	0
D830030K20Rik	18.727273	0	206	0	0	0	0	0	0	0	0	0	0
A530021J07Rik	18.727273	0	206	0	0	0	0	0	0	0	0	0	0
Sox13	18.636364	0	205	0	0	0	0	0	0	0	0	0	0
Nrtn	18.636364	0	0	0	0	0	205	0	0	0	0	0	0
Myt1l	18.636364	0	0	0	0	0	205	0	0	0	0	0	0
Lsmem1	18.636364	0	118	0	87	0	0	0	0	0	0	0	0
Galnt18	18.636364	0	0	0	0	0	205	0	0	0	0	0	0
Meis1	18.545455	0	107	0	0	0	0	97	0	0	0	0	0
Itga1	18.545455	0	0	0	0	0	0	204	0	0	0	0	0
Foxi3	18.545455	0	113	0	91	0	0	0	0	0	0	0	0
Echdc2	18.545455	0	204	0	0	0	0	0	0	0	0	0	0
Cib2	18.545455	0	204	0	0	0	0	0	0	0	0	0	0
2200002D01Rik	18.545455	0	204	0	0	0	0	0	0	0	0	0	0
Rpp25	18.454545	0	203	0	0	0	0	0	0	0	0	0	0
Rab15	18.454545	0	203	0	0	0	0	0	0	0	0	0	0
Ifitm3	18.454545	0	203	0	0	0	0	0	0	0	0	0	0
Efhb	18.454545	0	203	0	0	0	0	0	0	0	0	0	0
Jag2	18.363636	0	202	0	0	0	0	0	0	0	0	0	0
Garem2	18.363636	0	202	0	0	0	0	0	0	0	0	0	0
Baiap3	18.363636	0	202	0	0	0	0	0	0	0	0	0	0
Zic5	18.272727	0	0	0	102	0	0	99	0	0	0	0	0
Rsad2	18.272727	0	201	0	0	0	0	0	0	0	0	0	0
Gm536	18.272727	0	0	0	0	0	95	106	0	0	0	0	0
Baiap2l1	18.272727	0	201	0	0	0	0	0	0	0	0	0	0
Adamts9	18.272727	0	0	0	0	0	201	0	0	0	0	0	0
6430571L13Rik	18.272727	0	201	0	0	0	0	0	0	0	0	0	0
Rgs16	18.181818	0	200	0	0	0	0	0	0	0	0	0	0
Ppp1r26	18.181818	0	200	0	0	0	0	0	0	0	0	0	0
Col25a1	18.181818	0	200	0	0	0	0	0	0	0	0	0	0
Afap1l1	18.181818	0	200	0	0	0	0	0	0	0	0	0	0
Tlr5	18.090909	0	199	0	0	0	0	0	0	0	0	0	0
Igfbp3	18.090909	0	0	0	0	0	199	0	0	0	0	0	0
Arsi	18.090909	0	199	0	0	0	0	0	0	0	0	0	0
Fsd1l	18.000000	0	198	0	0	0	0	0	0	0	0	0	0
Tlcd4	17.909091	0	197	0	0	0	0	0	0	0	0	0	0
Tceal8	17.909091	0	79	0	0	0	0	118	0	0	0	0	0
Scrn1	17.909091	0	0	0	0	0	197	0	0	0	0	0	0
Necab3	17.909091	0	197	0	0	0	0	0	0	0	0	0	0
Igf2	17.909091	0	197	0	0	0	0	0	0	0	0	0	0
Eya1	17.909091	0	197	0	0	0	0	0	0	0	0	0	0
B3gnt7	17.909091	0	197	0	0	0	0	0	0	0	0	0	0
Sel1l3	17.818182	0	196	0	0	0	0	0	0	0	0	0	0
Nptx1	17.818182	0	100	0	0	0	0	96	0	0	0	0	0
Mettl7a2	17.818182	0	196	0	0	0	0	0	0	0	0	0	0
Methig1	17.818182	0	196	0	0	0	0	0	0	0	0	0	0
Epdr1	17.818182	0	196	0	0	0	0	0	0	0	0	0	0
Ecm1	17.818182	0	196	0	0	0	0	0	0	0	0	0	0
Ankrd13b	17.818182	0	196	0	0	0	0	0	0	0	0	0	0
Prtg	17.727273	0	195	0	0	0	0	0	0	0	0	0	0
Ildr2	17.727273	0	0	0	0	0	110	85	0	0	0	0	0
Dchs1	17.727273	0	195	0	0	0	0	0	0	0	0	0	0
Ptpro	17.636364	0	0	0	0	0	0	194	0	0	0	0	0
Lancl3	17.636364	0	194	0	0	0	0	0	0	0	0	0	0
Has3	17.636364	0	194	0	0	0	0	0	0	0	0	0	0
Kalrn	17.545455	0	0	0	0	0	0	193	0	0	0	0	0
Ifit1bl1	17.545455	0	0	0	193	0	0	0	0	0	0	0	0
Hyal1	17.545455	0	0	0	0	0	193	0	0	0	0	0	0
Fstl4	17.545455	0	193	0	0	0	0	0	0	0	0	0	0
Dpyd	17.545455	0	0	0	0	0	193	0	0	0	0	0	0
Camkv	17.545455	0	193	0	0	0	0	0	0	0	0	0	0
Bcl2a1c	17.545455	0	193	0	0	0	0	0	0	0	0	0	0
Stx3	17.454545	0	192	0	0	0	0	0	0	0	0	0	0
Selenon	17.454545	0	74	0	118	0	0	0	0	0	0	0	0
H3c4	17.454545	0	192	0	0	0	0	0	0	0	0	0	0
Mpp2	17.363636	0	191	0	0	0	0	0	0	0	0	0	0
Lsamp	17.363636	0	0	0	0	0	0	191	0	0	0	0	0
Tspan7	17.272727	0	190	0	0	0	0	0	0	0	0	0	0
Slc15a1	17.272727	0	190	0	0	0	0	0	0	0	0	0	0
Gna14	17.272727	0	190	0	0	0	0	0	0	0	0	0	0
Foxc1	17.272727	0	0	0	0	0	190	0	0	0	0	0	0
Ddx43	17.272727	0	190	0	0	0	0	0	0	0	0	0	0
Adamts5	17.272727	0	0	0	0	0	0	190	0	0	0	0	0
Ypel4	17.181818	0	0	0	0	0	0	189	0	0	0	0	0
Rai14	17.181818	0	189	0	0	0	0	0	0	0	0	0	0
Grip1	17.181818	0	0	0	0	0	72	117	0	0	0	0	0
Fut4	17.181818	0	189	0	0	0	0	0	0	0	0	0	0
Lad1	17.090909	0	188	0	0	0	0	0	0	0	0	0	0
Zfp697	17.000000	0	0	0	0	0	0	187	0	0	0	0	0
Tmem47	17.000000	0	0	0	0	0	187	0	0	0	0	0	0
Erich5	17.000000	0	0	0	0	187	0	0	0	0	0	0	0
Cited1	17.000000	0	187	0	0	0	0	0	0	0	0	0	0
Caskin2	17.000000	0	187	0	0	0	0	0	0	0	0	0	0
Mesp1	16.909091	0	186	0	0	0	0	0	0	0	0	0	0
Cabp1	16.909091	0	186	0	0	0	0	0	0	0	0	0	0
Trim6	16.818182	0	185	0	0	0	0	0	0	0	0	0	0
Rfx4	16.818182	0	0	0	0	0	185	0	0	0	0	0	0
Plcd1	16.818182	0	0	0	0	0	185	0	0	0	0	0	0
Fgf11	16.818182	0	185	0	0	0	0	0	0	0	0	0	0
Apln	16.818182	0	185	0	0	0	0	0	0	0	0	0	0
Xkr7	16.727273	0	0	0	0	0	184	0	0	0	0	0	0
Rhbg	16.727273	0	184	0	0	0	0	0	0	0	0	0	0
Ppp1r14c	16.727273	0	0	0	0	0	91	93	0	0	0	0	0
Morf4l1b	16.727273	0	184	0	0	0	0	0	0	0	0	0	0
Mc5r	16.727273	0	184	0	0	0	0	0	0	0	0	0	0
Lrrtm2	16.727273	0	184	0	0	0	0	0	0	0	0	0	0
Gm3264	16.727273	0	184	0	0	0	0	0	0	0	0	0	0
Cntn1	16.727273	0	184	0	0	0	0	0	0	0	0	0	0
Cfap44	16.727273	0	0	0	0	0	0	184	0	0	0	0	0
Zbtb12	16.636364	0	183	0	0	0	0	0	0	0	0	0	0
Syt3	16.636364	0	183	0	0	0	0	0	0	0	0	0	0
Sct	16.636364	0	183	0	0	0	0	0	0	0	0	0	0
Nat8l	16.636364	0	183	0	0	0	0	0	0	0	0	0	0
Lhx4	16.636364	0	183	0	0	0	0	0	0	0	0	0	0
Hoxa5	16.636364	0	0	0	0	0	0	183	0	0	0	0	0
Gpr153	16.636364	0	183	0	0	0	0	0	0	0	0	0	0
Bmper	16.636364	0	0	0	0	0	0	183	0	0	0	0	0
Adamts14	16.636364	0	183	0	0	0	0	0	0	0	0	0	0
Tspan12	16.545455	0	0	0	0	0	100	82	0	0	0	0	0
Scin	16.545455	0	182	0	0	0	0	0	0	0	0	0	0
H60b	16.545455	0	182	0	0	0	0	0	0	0	0	0	0
Cd72	16.545455	0	182	0	0	0	0	0	0	0	0	0	0
Zkscan2	16.454545	0	0	0	0	0	0	181	0	0	0	0	0
Mdga1	16.454545	0	181	0	0	0	0	0	0	0	0	0	0
Eda2r	16.454545	0	0	0	0	0	181	0	0	0	0	0	0
Zfp879	16.363636	0	180	0	0	0	0	0	0	0	0	0	0
Sh3gl3	16.363636	0	180	0	0	0	0	0	0	0	0	0	0
Sall1	16.363636	0	0	0	0	0	180	0	0	0	0	0	0
Pax6	16.363636	0	0	0	0	0	180	0	0	0	0	0	0
Kmo	16.363636	0	180	0	0	0	0	0	0	0	0	0	0
Fhdc1	16.363636	0	180	0	0	0	0	0	0	0	0	0	0
Klhl13	16.272727	0	0	0	0	0	97	82	0	0	0	0	0
Grid2ip	16.272727	0	0	0	0	0	179	0	0	0	0	0	0
Fn1	16.272727	0	0	0	0	0	0	179	0	0	0	0	0
Celsr3	16.272727	0	0	0	0	0	0	179	0	0	0	0	0
Snx7	16.181818	0	0	0	0	0	178	0	0	0	0	0	0
Slc18b1	16.181818	0	178	0	0	0	0	0	0	0	0	0	0
Sdc2	16.181818	0	0	0	0	0	0	178	0	0	0	0	0
Rac3	16.181818	0	178	0	0	0	0	0	0	0	0	0	0
Ifi44l	16.181818	0	0	0	0	0	87	91	0	0	0	0	0
Fmnl2	16.181818	0	178	0	0	0	0	0	0	0	0	0	0
Chad	16.181818	0	178	0	0	0	0	0	0	0	0	0	0
Ttr	16.090909	0	0	0	0	0	0	177	0	0	0	0	0
Slc8a2	16.090909	0	0	0	0	0	177	0	0	0	0	0	0
Six6	16.090909	0	0	0	0	0	0	0	0	0	177	0	0
Kcnk10	16.090909	0	0	0	0	0	0	177	0	0	0	0	0
Hs3st1	16.090909	0	0	0	0	0	0	177	0	0	0	0	0
Zfp469	15.909091	0	175	0	0	0	0	0	0	0	0	0	0
Ninl	15.909091	0	98	0	77	0	0	0	0	0	0	0	0
Lrrc4	15.909091	0	175	0	0	0	0	0	0	0	0	0	0
Eps8	15.909091	0	0	0	0	0	0	175	0	0	0	0	0
Rimklb	15.818182	0	174	0	0	0	0	0	0	0	0	0	0
Mmp15	15.818182	0	174	0	0	0	0	0	0	0	0	0	0
Gm3667	15.818182	0	174	0	0	0	0	0	0	0	0	0	0
Slc13a5	15.727273	0	173	0	0	0	0	0	0	0	0	0	0
Mycbpap	15.727273	0	173	0	0	0	0	0	0	0	0	0	0
Lyn	15.727273	0	87	0	0	0	0	86	0	0	0	0	0
Gdf1	15.727273	0	0	0	0	0	173	0	0	0	0	0	0
Cers1	15.727273	0	0	0	0	0	173	0	0	0	0	0	0
Unc80	15.636364	0	0	0	0	172	0	0	0	0	0	0	0
Ttc30a2	15.636364	0	172	0	0	0	0	0	0	0	0	0	0
Panx2	15.636364	0	172	0	0	0	0	0	0	0	0	0	0
Nexn	15.636364	0	0	0	0	0	172	0	0	0	0	0	0
Map3k20	15.636364	0	172	0	0	0	0	0	0	0	0	0	0
Glp1r	15.636364	0	172	0	0	0	0	0	0	0	0	0	0
Fzd10	15.636364	0	172	0	0	0	0	0	0	0	0	0	0
Fgf16	15.636364	0	172	0	0	0	0	0	0	0	0	0	0
D630045J12Rik	15.636364	0	172	0	0	0	0	0	0	0	0	0	0
Col23a1	15.636364	0	172	0	0	0	0	0	0	0	0	0	0
Aldh1a2	15.636364	0	172	0	0	0	0	0	0	0	0	0	0
Synpr	15.545455	0	0	0	0	0	171	0	0	0	0	0	0
Ptn	15.545455	0	0	0	0	0	0	171	0	0	0	0	0
Ntf5	15.545455	0	171	0	0	0	0	0	0	0	0	0	0
Mlph	15.545455	0	0	0	0	0	0	171	0	0	0	0	0
Matn3	15.545455	0	0	0	0	0	171	0	0	0	0	0	0
Fbln5	15.545455	0	171	0	0	0	0	0	0	0	0	0	0
Ephx2	15.545455	0	171	0	0	0	0	0	0	0	0	0	0
Ccdc60	15.545455	0	171	0	0	0	0	0	0	0	0	0	0
Rab39b	15.454545	0	0	0	0	0	0	170	0	0	0	0	0
Pdlim2	15.454545	0	170	0	0	0	0	0	0	0	0	0	0
Clip4	15.454545	0	0	0	0	0	0	170	0	0	0	0	0
Tnr	15.363636	0	0	0	0	0	0	169	0	0	0	0	0
Hhip	15.363636	0	169	0	0	0	0	0	0	0	0	0	0
Cdk14	15.363636	0	0	0	0	0	0	169	0	0	0	0	0
Sytl1	15.272727	0	83	0	85	0	0	0	0	0	0	0	0
Svop	15.272727	0	0	0	0	0	168	0	0	0	0	0	0
Ppm1m	15.272727	0	168	0	0	0	0	0	0	0	0	0	0
Olfr212	15.272727	0	168	0	0	0	0	0	0	0	0	0	0
Grm3	15.272727	0	0	0	0	0	0	168	0	0	0	0	0
Fzd2	15.272727	0	0	0	0	0	72	96	0	0	0	0	0
Flnc	15.272727	0	168	0	0	0	0	0	0	0	0	0	0
Upk2	15.181818	0	0	0	0	0	167	0	0	0	0	0	0
Tmem151b	15.181818	0	167	0	0	0	0	0	0	0	0	0	0
Plcb1	15.181818	0	0	0	0	0	0	167	0	0	0	0	0
Phkg1	15.181818	0	0	0	0	0	167	0	0	0	0	0	0
Mroh6	15.181818	0	167	0	0	0	0	0	0	0	0	0	0
Kif26a	15.181818	0	167	0	0	0	0	0	0	0	0	0	0
Prkg1	15.090909	0	166	0	0	0	0	0	0	0	0	0	0
Col11a1	15.090909	0	0	0	0	0	166	0	0	0	0	0	0
Ache	15.090909	0	166	0	0	0	0	0	0	0	0	0	0
Tcf20	15.000000	0	165	0	0	0	0	0	0	0	0	0	0
Oacyl	15.000000	0	0	0	0	0	86	79	0	0	0	0	0
Lor	15.000000	0	0	0	0	165	0	0	0	0	0	0	0
Ap3m2	15.000000	0	165	0	0	0	0	0	0	0	0	0	0
Wdr86	14.909091	0	164	0	0	0	0	0	0	0	0	0	0
Spns3	14.909091	0	164	0	0	0	0	0	0	0	0	0	0
Snph	14.909091	0	164	0	0	0	0	0	0	0	0	0	0
Smarca1	14.909091	0	164	0	0	0	0	0	0	0	0	0	0
Ppic	14.909091	0	164	0	0	0	0	0	0	0	0	0	0
Pcsk1	14.909091	0	0	0	164	0	0	0	0	0	0	0	0
Elobl	14.909091	0	0	0	0	164	0	0	0	0	0	0	0
Areg	14.909091	0	164	0	0	0	0	0	0	0	0	0	0
Tmem232	14.818182	0	0	0	163	0	0	0	0	0	0	0	0
Ptger3	14.818182	0	163	0	0	0	0	0	0	0	0	0	0
Plxdc1	14.818182	0	163	0	0	0	0	0	0	0	0	0	0
Olfr1033	14.818182	0	163	0	0	0	0	0	0	0	0	0	0
Itgbl1	14.818182	0	0	0	0	0	163	0	0	0	0	0	0
Gm10406	14.818182	0	163	0	0	0	0	0	0	0	0	0	0
Trim67	14.727273	0	162	0	0	0	0	0	0	0	0	0	0
Rnf217	14.727273	0	0	0	0	0	0	162	0	0	0	0	0
Nkain4	14.727273	0	162	0	0	0	0	0	0	0	0	0	0
Lin7b	14.727273	0	0	0	0	0	162	0	0	0	0	0	0
Dnaic2	14.727273	0	0	0	0	0	162	0	0	0	0	0	0
Tmem238	14.636364	0	161	0	0	0	0	0	0	0	0	0	0
Tcea3	14.636364	0	161	0	0	0	0	0	0	0	0	0	0
Tc2n	14.636364	0	161	0	0	0	0	0	0	0	0	0	0
Prss12	14.636364	0	0	0	161	0	0	0	0	0	0	0	0
Ct55	14.636364	0	0	0	0	0	0	0	0	0	161	0	0
Ccl2	14.636364	0	0	0	0	0	161	0	0	0	0	0	0
Ppm1n	14.545455	0	160	0	0	0	0	0	0	0	0	0	0
Mtus2	14.545455	0	160	0	0	0	0	0	0	0	0	0	0
Hivep3	14.545455	0	0	0	0	0	160	0	0	0	0	0	0
Gpx8	14.545455	0	71	0	0	0	0	89	0	0	0	0	0
Dtna	14.545455	0	0	0	0	0	0	160	0	0	0	0	0
Mfsd2b	14.454545	0	159	0	0	0	0	0	0	0	0	0	0
Lrrc9	14.454545	0	159	0	0	0	0	0	0	0	0	0	0
Lama4	14.454545	0	159	0	0	0	0	0	0	0	0	0	0
Colgalt2	14.454545	0	159	0	0	0	0	0	0	0	0	0	0
Chgb	14.454545	0	0	0	0	0	0	159	0	0	0	0	0
Arg1	14.454545	0	159	0	0	0	0	0	0	0	0	0	0
Aifm2	14.454545	0	159	0	0	0	0	0	0	0	0	0	0
Prob1	14.363636	0	158	0	0	0	0	0	0	0	0	0	0
Pax9	14.363636	0	0	0	0	0	158	0	0	0	0	0	0
Npr2	14.363636	0	158	0	0	0	0	0	0	0	0	0	0
Myh11	14.363636	0	0	0	0	0	158	0	0	0	0	0	0
Zfp112	14.272727	0	0	0	0	0	0	157	0	0	0	0	0
Tmc7	14.272727	0	157	0	0	0	0	0	0	0	0	0	0
Rnf39	14.272727	0	157	0	0	0	0	0	0	0	0	0	0
Grhl3	14.272727	0	157	0	0	0	0	0	0	0	0	0	0
Gpr173	14.272727	0	0	0	0	0	0	157	0	0	0	0	0
Dux	14.272727	157	0	0	0	0	0	0	0	0	0	0	0
Rab17	14.181818	0	0	0	0	0	156	0	0	0	0	0	0
Nol3	14.181818	0	156	0	0	0	0	0	0	0	0	0	0
Khdrbs3	14.181818	0	156	0	0	0	0	0	0	0	0	0	0
Hhex	14.181818	0	156	0	0	0	0	0	0	0	0	0	0
Gm3173	14.181818	0	156	0	0	0	0	0	0	0	0	0	0
Cd302	14.181818	0	156	0	0	0	0	0	0	0	0	0	0
Zmynd10	14.090909	0	0	0	0	0	155	0	0	0	0	0	0
Slc18a2	14.090909	0	155	0	0	0	0	0	0	0	0	0	0
Prlr	14.090909	0	155	0	0	0	0	0	0	0	0	0	0
Olfr1366	14.090909	0	0	0	0	155	0	0	0	0	0	0	0
Nkain2	14.090909	0	0	0	0	0	0	155	0	0	0	0	0
Mab21l3	14.090909	0	0	0	0	0	155	0	0	0	0	0	0
Ltk	14.090909	0	155	0	0	0	0	0	0	0	0	0	0
Lgr5	14.090909	0	0	0	0	0	0	155	0	0	0	0	0
Igsf10	14.090909	0	155	0	0	0	0	0	0	0	0	0	0
Dbn1	14.090909	0	155	0	0	0	0	0	0	0	0	0	0
Cttnbp2	14.090909	0	0	0	0	0	0	155	0	0	0	0	0
Zswim2	14.000000	0	0	0	0	0	0	154	0	0	0	0	0
Neurod1	14.000000	0	0	0	0	0	154	0	0	0	0	0	0
4931408C20Rik	14.000000	0	0	0	154	0	0	0	0	0	0	0	0
Zfp105	13.909091	0	0	0	0	0	0	153	0	0	0	0	0
Tnfrsf9	13.909091	0	153	0	0	0	0	0	0	0	0	0	0
Tjp2	13.909091	0	153	0	0	0	0	0	0	0	0	0	0
Sall3	13.909091	0	153	0	0	0	0	0	0	0	0	0	0
Rcn3	13.909091	0	0	0	0	0	153	0	0	0	0	0	0
Mmp14	13.909091	0	153	0	0	0	0	0	0	0	0	0	0
Kndc1	13.909091	0	0	0	0	0	153	0	0	0	0	0	0
Il11	13.909091	0	153	0	0	0	0	0	0	0	0	0	0
Rbm20	13.818182	0	152	0	0	0	0	0	0	0	0	0	0
Myo1b	13.818182	0	152	0	0	0	0	0	0	0	0	0	0
Kcnip2	13.818182	0	152	0	0	0	0	0	0	0	0	0	0
Fjx1	13.818182	0	152	0	0	0	0	0	0	0	0	0	0
Tcaf2	13.727273	0	0	0	0	0	151	0	0	0	0	0	0
Shox2	13.727273	0	0	0	151	0	0	0	0	0	0	0	0
Scg5	13.727273	0	151	0	0	0	0	0	0	0	0	0	0
Onecut3	13.727273	0	151	0	0	0	0	0	0	0	0	0	0
Mpp3	13.727273	0	151	0	0	0	0	0	0	0	0	0	0
Mmp23	13.727273	0	151	0	0	0	0	0	0	0	0	0	0
Mast4	13.727273	0	151	0	0	0	0	0	0	0	0	0	0
Hmx2	13.727273	0	151	0	0	0	0	0	0	0	0	0	0
D630039A03Rik	13.727273	0	151	0	0	0	0	0	0	0	0	0	0
Prune2	13.636364	0	0	0	0	0	0	150	0	0	0	0	0
Nrp2	13.636364	0	150	0	0	0	0	0	0	0	0	0	0
Emilin2	13.636364	0	150	0	0	0	0	0	0	0	0	0	0
Drd1	13.636364	0	0	0	0	0	0	150	0	0	0	0	0
Dapl1	13.636364	0	0	0	150	0	0	0	0	0	0	0	0
Cfap206	13.636364	0	150	0	0	0	0	0	0	0	0	0	0
Syt13	13.545455	0	149	0	0	0	0	0	0	0	0	0	0
Sun3	13.545455	0	0	0	0	0	0	149	0	0	0	0	0
Olig2	13.545455	0	0	0	0	0	149	0	0	0	0	0	0
Lrrtm3	13.545455	0	0	0	0	0	0	149	0	0	0	0	0
H2ac10	13.545455	0	149	0	0	0	0	0	0	0	0	0	0
Gpr68	13.545455	0	149	0	0	0	0	0	0	0	0	0	0
Gm11992	13.545455	0	0	0	0	0	0	149	0	0	0	0	0
Cass4	13.545455	0	149	0	0	0	0	0	0	0	0	0	0
Cacng2	13.545455	0	0	0	0	0	0	149	0	0	0	0	0
Acsbg1	13.545455	0	0	0	0	0	149	0	0	0	0	0	0
Ttll3	13.454545	0	0	0	0	0	148	0	0	0	0	0	0
Trhr	13.454545	0	0	0	0	0	0	148	0	0	0	0	0
Tmem229a	13.454545	0	0	0	0	0	148	0	0	0	0	0	0
Ntrk2	13.454545	0	0	0	0	0	0	148	0	0	0	0	0
Itih5l-ps	13.454545	0	0	0	0	0	0	148	0	0	0	0	0
Enpp3	13.454545	0	0	0	0	0	148	0	0	0	0	0	0
Cyp1a1	13.454545	0	148	0	0	0	0	0	0	0	0	0	0
Ccdc85a	13.454545	0	0	0	0	0	0	148	0	0	0	0	0
4930404N11Rik	13.454545	0	0	0	0	0	148	0	0	0	0	0	0
Tacstd2	13.363636	0	147	0	0	0	0	0	0	0	0	0	0
Spef1l	13.363636	0	147	0	0	0	0	0	0	0	0	0	0
Slc17a6	13.363636	0	0	0	0	147	0	0	0	0	0	0	0
Porcn	13.363636	0	147	0	0	0	0	0	0	0	0	0	0
Pdzd3	13.363636	0	0	0	0	0	0	147	0	0	0	0	0
Mgst1	13.363636	0	0	0	0	0	0	147	0	0	0	0	0
Map3k15	13.363636	0	147	0	0	0	0	0	0	0	0	0	0
Lingo4	13.363636	0	147	0	0	0	0	0	0	0	0	0	0
Lhfpl4	13.363636	0	147	0	0	0	0	0	0	0	0	0	0
Lamb2	13.363636	0	0	0	0	0	0	147	0	0	0	0	0
Gm7429	13.363636	0	147	0	0	0	0	0	0	0	0	0	0
Gm15455	13.363636	0	147	0	0	0	0	0	0	0	0	0	0
Fmn2	13.363636	0	0	0	0	0	147	0	0	0	0	0	0
F9	13.363636	0	147	0	0	0	0	0	0	0	0	0	0
Dcc	13.363636	0	0	0	0	0	0	147	0	0	0	0	0
Cpne8	13.363636	0	0	0	0	0	147	0	0	0	0	0	0
Camsap3	13.363636	0	147	0	0	0	0	0	0	0	0	0	0
Calhm5	13.363636	0	147	0	0	0	0	0	0	0	0	0	0
Bok	13.363636	0	0	0	0	0	147	0	0	0	0	0	0
BC016579	13.363636	0	147	0	0	0	0	0	0	0	0	0	0
Akr1c13	13.363636	0	147	0	0	0	0	0	0	0	0	0	0
Tmem119	13.272727	0	0	0	0	0	146	0	0	0	0	0	0
Slco5a1	13.272727	0	146	0	0	0	0	0	0	0	0	0	0
Sez6	13.272727	0	0	0	0	0	146	0	0	0	0	0	0
Rgs17	13.272727	0	0	0	0	0	146	0	0	0	0	0	0
Pwwp3b	13.272727	0	0	0	0	0	146	0	0	0	0	0	0
Myl10	13.272727	0	146	0	0	0	0	0	0	0	0	0	0
Grm4	13.272727	0	146	0	0	0	0	0	0	0	0	0	0
Ccdc177	13.272727	0	0	0	0	0	0	146	0	0	0	0	0
Rhbdl2	13.181818	0	0	0	0	0	145	0	0	0	0	0	0
Hoga1	13.181818	0	0	0	0	0	145	0	0	0	0	0	0
Ccdc89	13.181818	0	145	0	0	0	0	0	0	0	0	0	0
9130008F23Rik	13.181818	0	145	0	0	0	0	0	0	0	0	0	0
Zfp575	13.090909	0	144	0	0	0	0	0	0	0	0	0	0
Txlnb	13.090909	0	0	0	0	0	0	144	0	0	0	0	0
Src	13.090909	0	144	0	0	0	0	0	0	0	0	0	0
Sigirr	13.090909	0	144	0	0	0	0	0	0	0	0	0	0
Hpgds	13.090909	0	144	0	0	0	0	0	0	0	0	0	0
Gpnmb	13.090909	0	144	0	0	0	0	0	0	0	0	0	0
Chsy3	13.090909	0	0	0	0	0	144	0	0	0	0	0	0
Arhgef37	13.090909	0	144	0	0	0	0	0	0	0	0	0	0
Zbtb16	13.000000	0	0	0	0	0	0	143	0	0	0	0	0
Kirrel3	13.000000	0	0	0	0	0	0	143	0	0	0	0	0
Jaml	13.000000	0	143	0	0	0	0	0	0	0	0	0	0
Comp	13.000000	0	143	0	0	0	0	0	0	0	0	0	0
Ace	13.000000	0	143	0	0	0	0	0	0	0	0	0	0
Rasl10a	12.909091	0	142	0	0	0	0	0	0	0	0	0	0
Lrp3	12.909091	0	0	0	0	0	142	0	0	0	0	0	0
Kdm6b	12.909091	0	142	0	0	0	0	0	0	0	0	0	0
Atcay	12.909091	0	142	0	0	0	0	0	0	0	0	0	0
Terb1	12.818182	0	141	0	0	0	0	0	0	0	0	0	0
Pom121l2	12.818182	0	141	0	0	0	0	0	0	0	0	0	0
Ovol1	12.818182	0	141	0	0	0	0	0	0	0	0	0	0
Fgf14	12.818182	0	0	0	0	0	141	0	0	0	0	0	0
Arid3c	12.818182	0	141	0	0	0	0	0	0	0	0	0	0
P3h2	12.727273	0	0	0	0	0	0	140	0	0	0	0	0
Onecut2	12.727273	0	0	0	0	0	140	0	0	0	0	0	0
Maats1	12.727273	0	0	0	0	0	140	0	0	0	0	0	0
Hsf4	12.727273	0	140	0	0	0	0	0	0	0	0	0	0
Gria2	12.727273	0	0	0	0	0	0	140	0	0	0	0	0
Esrp1	12.727273	0	140	0	0	0	0	0	0	0	0	0	0
Cdh6	12.727273	0	0	0	0	0	0	140	0	0	0	0	0
C2cd4c	12.727273	0	140	0	0	0	0	0	0	0	0	0	0
Tex52	12.636364	0	0	0	0	0	0	139	0	0	0	0	0
Slitrk6	12.636364	0	0	0	0	0	0	139	0	0	0	0	0
Lctl	12.636364	0	0	0	0	0	139	0	0	0	0	0	0
Kcnh4	12.636364	0	139	0	0	0	0	0	0	0	0	0	0
Auts2	12.636364	0	139	0	0	0	0	0	0	0	0	0	0
Tmem179	12.545455	0	0	0	0	0	138	0	0	0	0	0	0
Pdgfa	12.545455	0	138	0	0	0	0	0	0	0	0	0	0
Gpr158	12.545455	0	0	0	0	0	0	138	0	0	0	0	0
Fst	12.545455	0	138	0	0	0	0	0	0	0	0	0	0
Fa2h	12.545455	0	138	0	0	0	0	0	0	0	0	0	0
Elovl3	12.545455	0	0	0	0	0	138	0	0	0	0	0	0
Sp5	12.454545	0	137	0	0	0	0	0	0	0	0	0	0
Six1	12.454545	0	137	0	0	0	0	0	0	0	0	0	0
Rnase6	12.454545	0	0	0	0	0	0	137	0	0	0	0	0
Tmem52	12.363636	0	136	0	0	0	0	0	0	0	0	0	0
Tmem196	12.363636	0	0	0	0	0	136	0	0	0	0	0	0
Stum	12.363636	0	136	0	0	0	0	0	0	0	0	0	0
Sparc	12.363636	0	0	0	0	0	0	136	0	0	0	0	0
Sbspon	12.363636	0	136	0	0	0	0	0	0	0	0	0	0
Nol4	12.363636	0	0	0	0	0	0	136	0	0	0	0	0
Krt18	12.363636	0	136	0	0	0	0	0	0	0	0	0	0
Kcne3	12.363636	0	136	0	0	0	0	0	0	0	0	0	0
Ifit3	12.363636	0	136	0	0	0	0	0	0	0	0	0	0
Epha5	12.363636	0	0	0	0	0	0	136	0	0	0	0	0
Camk1	12.363636	0	136	0	0	0	0	0	0	0	0	0	0
Btn2a2	12.363636	0	136	0	0	0	0	0	0	0	0	0	0
Ankrd34b	12.363636	0	136	0	0	0	0	0	0	0	0	0	0
Actl10	12.363636	0	0	0	0	0	0	136	0	0	0	0	0
Tmem51	12.272727	0	135	0	0	0	0	0	0	0	0	0	0
Spaca1	12.272727	0	135	0	0	0	0	0	0	0	0	0	0
Pclo	12.272727	0	0	0	0	0	135	0	0	0	0	0	0
Cfap43	12.272727	0	135	0	0	0	0	0	0	0	0	0	0
Boc	12.272727	0	0	0	0	0	0	135	0	0	0	0	0
Scg3	12.181818	0	0	0	0	0	0	134	0	0	0	0	0
Ret	12.181818	0	134	0	0	0	0	0	0	0	0	0	0
P2ry12	12.181818	0	0	0	0	0	0	134	0	0	0	0	0
Me1	12.181818	0	0	134	0	0	0	0	0	0	0	0	0
Cpeb1	12.181818	0	134	0	0	0	0	0	0	0	0	0	0
Cd7	12.181818	0	134	0	0	0	0	0	0	0	0	0	0
Zdhhc2	12.090909	0	133	0	0	0	0	0	0	0	0	0	0
Tfpi	12.090909	0	133	0	0	0	0	0	0	0	0	0	0
Rem2	12.090909	0	0	0	0	0	133	0	0	0	0	0	0
Pmp22	12.090909	0	0	0	0	0	0	133	0	0	0	0	0
Pawr	12.090909	0	133	0	0	0	0	0	0	0	0	0	0
Kcng1	12.090909	0	0	0	0	0	133	0	0	0	0	0	0
Gpr62	12.090909	0	133	0	0	0	0	0	0	0	0	0	0
Foxd1	12.090909	0	133	0	0	0	0	0	0	0	0	0	0
Actl6b	12.090909	0	0	0	0	0	133	0	0	0	0	0	0
Spire2	12.000000	0	132	0	0	0	0	0	0	0	0	0	0
Shroom4	12.000000	0	0	0	0	0	0	132	0	0	0	0	0
Nbl1	12.000000	0	132	0	0	0	0	0	0	0	0	0	0
Mpped2	12.000000	0	0	0	0	0	132	0	0	0	0	0	0
Eda	12.000000	0	0	0	0	0	132	0	0	0	0	0	0
Draxin	12.000000	0	0	0	0	0	132	0	0	0	0	0	0
BC048562	12.000000	0	0	0	0	0	0	132	0	0	0	0	0
Axl	12.000000	0	0	0	0	0	132	0	0	0	0	0	0
Vstm2b	11.909091	0	0	0	0	0	0	131	0	0	0	0	0
Tll1	11.909091	0	0	0	0	131	0	0	0	0	0	0	0
Tas2r134	11.909091	0	0	0	0	0	0	0	131	0	0	0	0
Pdzd7	11.909091	0	131	0	0	0	0	0	0	0	0	0	0
Npnt	11.909091	0	131	0	0	0	0	0	0	0	0	0	0
Mgat3	11.909091	0	131	0	0	0	0	0	0	0	0	0	0
Lamb1	11.909091	0	0	0	0	0	0	131	0	0	0	0	0
Izumo1r	11.909091	0	131	0	0	0	0	0	0	0	0	0	0
Hcrt	11.909091	0	0	0	0	0	0	131	0	0	0	0	0
Gm3411	11.909091	0	131	0	0	0	0	0	0	0	0	0	0
Ccdc153	11.909091	0	0	0	0	0	0	131	0	0	0	0	0
Adamts1	11.909091	0	0	0	0	0	131	0	0	0	0	0	0
Abhd15	11.909091	0	131	0	0	0	0	0	0	0	0	0	0
Wscd1	11.818182	0	130	0	0	0	0	0	0	0	0	0	0
Tpm2	11.818182	0	130	0	0	0	0	0	0	0	0	0	0
Casp1	11.818182	0	130	0	0	0	0	0	0	0	0	0	0
Tgfb2	11.727273	0	0	0	0	0	0	129	0	0	0	0	0
Shisa3	11.727273	0	129	0	0	0	0	0	0	0	0	0	0
Mmp11	11.727273	0	129	0	0	0	0	0	0	0	0	0	0
Liph	11.727273	0	0	0	0	0	0	129	0	0	0	0	0
Gnao1	11.727273	0	0	0	129	0	0	0	0	0	0	0	0
Ghr	11.727273	0	129	0	0	0	0	0	0	0	0	0	0
Fbln7	11.727273	0	0	0	0	0	129	0	0	0	0	0	0
Dusp15	11.727273	0	129	0	0	0	0	0	0	0	0	0	0
Chchd10	11.727273	0	129	0	0	0	0	0	0	0	0	0	0
Ccr2	11.727273	0	0	0	0	129	0	0	0	0	0	0	0
Bpifb5	11.727273	0	0	0	0	0	0	129	0	0	0	0	0
Tafa5	11.636364	0	0	0	0	0	0	128	0	0	0	0	0
Sfrp2	11.636364	0	128	0	0	0	0	0	0	0	0	0	0
Ramp2	11.636364	0	128	0	0	0	0	0	0	0	0	0	0
Mapk15	11.636364	0	0	0	0	0	128	0	0	0	0	0	0
Lcat	11.636364	0	0	0	0	0	128	0	0	0	0	0	0
Kcnc1	11.636364	0	128	0	0	0	0	0	0	0	0	0	0
Efna2	11.636364	0	128	0	0	0	0	0	0	0	0	0	0
Bend7	11.636364	0	128	0	0	0	0	0	0	0	0	0	0
St6galnac1	11.545455	0	0	0	127	0	0	0	0	0	0	0	0
Slco4c1	11.545455	0	127	0	0	0	0	0	0	0	0	0	0
Pou4f1	11.545455	0	127	0	0	0	0	0	0	0	0	0	0
Fndc3c1	11.545455	0	127	0	0	0	0	0	0	0	0	0	0
Cc2d2a	11.545455	0	0	0	0	0	0	127	0	0	0	0	0
Art3	11.545455	0	0	0	0	0	127	0	0	0	0	0	0
Ybx2	11.454545	0	126	0	0	0	0	0	0	0	0	0	0
St8sia5	11.454545	0	0	0	0	0	126	0	0	0	0	0	0
Sp140	11.454545	0	126	0	0	0	0	0	0	0	0	0	0
Neurl1a	11.454545	0	126	0	0	0	0	0	0	0	0	0	0
Klrg2	11.454545	0	126	0	0	0	0	0	0	0	0	0	0
Gata6	11.454545	0	126	0	0	0	0	0	0	0	0	0	0
Foxg1	11.454545	0	0	0	0	126	0	0	0	0	0	0	0
Col9a3	11.454545	0	0	0	0	0	126	0	0	0	0	0	0
Septin3	11.363636	0	0	0	0	0	0	125	0	0	0	0	0
Raet1c	11.363636	0	0	0	0	125	0	0	0	0	0	0	0
Raet1b	11.363636	0	0	0	0	125	0	0	0	0	0	0	0
Phka1	11.363636	0	0	0	0	0	125	0	0	0	0	0	0
Palmd	11.363636	0	0	0	0	0	0	125	0	0	0	0	0
Gm3500	11.363636	0	125	0	0	0	0	0	0	0	0	0	0
Cux2	11.363636	0	125	0	0	0	0	0	0	0	0	0	0
Stox2	11.272727	0	0	0	0	0	124	0	0	0	0	0	0
Ror1	11.272727	0	124	0	0	0	0	0	0	0	0	0	0
Nog	11.272727	0	124	0	0	0	0	0	0	0	0	0	0
Lrig3	11.272727	0	0	0	0	0	124	0	0	0	0	0	0
Lhfpl3	11.272727	0	124	0	0	0	0	0	0	0	0	0	0
Ifna14	11.272727	0	0	0	0	124	0	0	0	0	0	0	0
Ctnnd1	11.272727	0	0	0	0	0	0	124	0	0	0	0	0
Cntn6	11.272727	0	0	0	0	0	124	0	0	0	0	0	0
Cd59a	11.272727	0	124	0	0	0	0	0	0	0	0	0	0
Akain1	11.272727	0	124	0	0	0	0	0	0	0	0	0	0
Spag16	11.181818	0	123	0	0	0	0	0	0	0	0	0	0
Crybb1	11.181818	0	0	0	0	0	123	0	0	0	0	0	0
Sorcs1	11.090909	0	0	0	0	0	122	0	0	0	0	0	0
Rps6ka6	11.090909	0	122	0	0	0	0	0	0	0	0	0	0
Prss23	11.090909	0	0	0	0	0	0	122	0	0	0	0	0
Id4	11.090909	0	0	0	0	0	122	0	0	0	0	0	0
Emilin1	11.090909	0	122	0	0	0	0	0	0	0	0	0	0
Colq	11.090909	0	122	0	0	0	0	0	0	0	0	0	0
Abcg4	11.090909	0	122	0	0	0	0	0	0	0	0	0	0
Unc5d	11.000000	0	0	0	0	0	121	0	0	0	0	0	0
Tceal3	11.000000	0	121	0	0	0	0	0	0	0	0	0	0
Gm4951	11.000000	0	121	0	0	0	0	0	0	0	0	0	0
Gm17330	11.000000	0	121	0	0	0	0	0	0	0	0	0	0
Fam71f1	11.000000	0	0	0	0	0	121	0	0	0	0	0	0
Efs	11.000000	0	0	0	0	0	121	0	0	0	0	0	0
Zfp454	10.909091	0	0	0	0	0	120	0	0	0	0	0	0
Vegfc	10.909091	0	120	0	0	0	0	0	0	0	0	0	0
Pglyrp1	10.909091	0	0	0	120	0	0	0	0	0	0	0	0
Gprin1	10.909091	0	0	0	0	0	120	0	0	0	0	0	0
Gdpd2	10.909091	0	0	0	0	0	0	120	0	0	0	0	0
Tmem117	10.818182	0	0	119	0	0	0	0	0	0	0	0	0
Serinc2	10.818182	0	0	0	0	0	119	0	0	0	0	0	0
Pard3b	10.818182	0	119	0	0	0	0	0	0	0	0	0	0
Gnai1	10.818182	0	0	0	0	119	0	0	0	0	0	0	0
Gatm	10.818182	0	119	0	0	0	0	0	0	0	0	0	0
Fut9	10.818182	0	0	0	0	0	0	119	0	0	0	0	0
Dusp13	10.818182	0	0	0	0	0	0	119	0	0	0	0	0
Cds1	10.818182	0	119	0	0	0	0	0	0	0	0	0	0
Bcl6b	10.818182	0	119	0	0	0	0	0	0	0	0	0	0
Adam12	10.818182	0	119	0	0	0	0	0	0	0	0	0	0
Tcaf1	10.727273	0	0	0	0	0	0	118	0	0	0	0	0
Ryr3	10.727273	0	0	0	0	0	0	118	0	0	0	0	0
Nmnat2	10.727273	0	0	0	0	0	0	118	0	0	0	0	0
Il18	10.727273	0	0	0	0	0	118	0	0	0	0	0	0
Cdk5r2	10.727273	0	118	0	0	0	0	0	0	0	0	0	0
Bco2	10.727273	0	0	0	0	0	118	0	0	0	0	0	0
Ankrd63	10.727273	0	118	0	0	0	0	0	0	0	0	0	0
Amer2	10.727273	0	0	0	0	0	118	0	0	0	0	0	0
Acot3	10.727273	0	0	0	0	118	0	0	0	0	0	0	0
1700003F12Rik	10.727273	0	0	0	0	0	118	0	0	0	0	0	0
Slc6a4	10.636364	0	117	0	0	0	0	0	0	0	0	0	0
Pcdhga12	10.636364	0	117	0	0	0	0	0	0	0	0	0	0
Nppc	10.636364	0	117	0	0	0	0	0	0	0	0	0	0
Lnx1	10.636364	0	0	0	0	0	117	0	0	0	0	0	0
Abcd2	10.636364	0	0	0	0	0	0	117	0	0	0	0	0
Sorbs2	10.545455	0	0	0	0	0	0	116	0	0	0	0	0
Samd11	10.545455	0	0	0	116	0	0	0	0	0	0	0	0
Pdzrn4	10.545455	0	0	0	0	0	116	0	0	0	0	0	0
Nxph4	10.545455	0	116	0	0	0	0	0	0	0	0	0	0
AI661453	10.545455	0	116	0	0	0	0	0	0	0	0	0	0
1700001C19Rik	10.545455	0	116	0	0	0	0	0	0	0	0	0	0
Kcnf1	10.454545	0	115	0	0	0	0	0	0	0	0	0	0
Fbxl16	10.454545	0	0	0	0	0	115	0	0	0	0	0	0
Fam81a	10.454545	0	0	0	0	0	0	115	0	0	0	0	0
Ddn	10.454545	0	115	0	0	0	0	0	0	0	0	0	0
Zfp354a	10.363636	0	0	0	0	0	0	114	0	0	0	0	0
Wnt9a	10.363636	0	0	0	0	0	114	0	0	0	0	0	0
Tmem91	10.363636	0	114	0	0	0	0	0	0	0	0	0	0
Slc8a3	10.363636	0	0	0	0	0	0	114	0	0	0	0	0
Nlgn1	10.363636	0	0	0	0	0	0	114	0	0	0	0	0
Nkain1	10.363636	0	114	0	0	0	0	0	0	0	0	0	0
Nat14	10.363636	0	114	0	0	0	0	0	0	0	0	0	0
Myt1	10.363636	0	0	0	0	0	114	0	0	0	0	0	0
Lypd1	10.363636	0	0	0	0	0	114	0	0	0	0	0	0
Ltbp3	10.363636	0	0	0	0	0	114	0	0	0	0	0	0
Gm5784	10.363636	0	114	0	0	0	0	0	0	0	0	0	0
Fat4	10.363636	0	114	0	0	0	0	0	0	0	0	0	0
2010003K11Rik	10.363636	0	0	0	0	0	0	114	0	0	0	0	0
Tle2	10.272727	0	113	0	0	0	0	0	0	0	0	0	0
S100a6	10.272727	0	113	0	0	0	0	0	0	0	0	0	0
Rorb	10.272727	0	0	0	0	0	113	0	0	0	0	0	0
Rgs9	10.272727	0	113	0	0	0	0	0	0	0	0	0	0
Rasgef1c	10.272727	0	113	0	0	0	0	0	0	0	0	0	0
Nxf2	10.272727	0	113	0	0	0	0	0	0	0	0	0	0
Mfap2	10.272727	0	113	0	0	0	0	0	0	0	0	0	0
Igfbp5	10.272727	0	0	0	0	0	0	113	0	0	0	0	0
Fgl2	10.272727	0	113	0	0	0	0	0	0	0	0	0	0
Fbp1	10.272727	0	113	0	0	0	0	0	0	0	0	0	0
Fam71b	10.272727	0	113	0	0	0	0	0	0	0	0	0	0
Clip3	10.272727	0	113	0	0	0	0	0	0	0	0	0	0
Bicdl2	10.272727	0	113	0	0	0	0	0	0	0	0	0	0
Bhlhe41	10.272727	0	113	0	0	0	0	0	0	0	0	0	0
Ascl5	10.272727	0	113	0	0	0	0	0	0	0	0	0	0
Mt2	10.181818	0	0	0	0	0	0	112	0	0	0	0	0
Hspb2	10.181818	0	0	0	0	0	0	112	0	0	0	0	0
Gm21297	10.181818	0	112	0	0	0	0	0	0	0	0	0	0
Dmd	10.181818	0	112	0	0	0	0	0	0	0	0	0	0
Cryab	10.181818	0	0	0	0	0	0	112	0	0	0	0	0
Clec18a	10.181818	0	0	0	0	0	0	112	0	0	0	0	0
Barhl2	10.181818	0	112	0	0	0	0	0	0	0	0	0	0
Arnt2	10.181818	0	0	0	0	0	0	112	0	0	0	0	0
Shank1	10.090909	0	111	0	0	0	0	0	0	0	0	0	0
Ppp1r1a	10.090909	0	0	0	0	0	0	111	0	0	0	0	0
Nkx1-2	10.090909	0	111	0	0	0	0	0	0	0	0	0	0
Lrp4	10.090909	0	111	0	0	0	0	0	0	0	0	0	0
Lmo3	10.090909	0	0	0	0	0	0	111	0	0	0	0	0
Fam107a	10.090909	0	0	0	0	0	0	111	0	0	0	0	0
Cdh3	10.090909	0	111	0	0	0	0	0	0	0	0	0	0
Ank2	10.090909	0	0	0	0	0	0	111	0	0	0	0	0
Zmynd15	10.000000	0	110	0	0	0	0	0	0	0	0	0	0
Nod2	10.000000	0	110	0	0	0	0	0	0	0	0	0	0
Hspb1	10.000000	0	110	0	0	0	0	0	0	0	0	0	0
Gabrd	10.000000	0	110	0	0	0	0	0	0	0	0	0	0
Adamtsl1	10.000000	0	0	0	0	0	0	110	0	0	0	0	0
Snai2	9.909091	0	0	0	0	0	0	109	0	0	0	0	0
Rnf207	9.909091	0	109	0	0	0	0	0	0	0	0	0	0
Ntn5	9.909091	0	109	0	0	0	0	0	0	0	0	0	0
Inhbb	9.909091	0	0	0	0	0	0	109	0	0	0	0	0
Hhla1	9.909091	0	0	0	0	0	109	0	0	0	0	0	0
Dll3	9.909091	0	0	0	0	0	0	109	0	0	0	0	0
Anks1b	9.909091	0	0	0	0	109	0	0	0	0	0	0	0
Agbl4	9.909091	0	0	0	0	0	109	0	0	0	0	0	0
Svep1	9.818182	0	0	0	0	0	0	108	0	0	0	0	0
Sncaip	9.818182	0	0	0	0	0	0	108	0	0	0	0	0
Rbms3	9.818182	0	0	0	0	0	108	0	0	0	0	0	0
Npas3	9.818182	0	0	0	0	0	0	108	0	0	0	0	0
Gm3488	9.818182	0	108	0	0	0	0	0	0	0	0	0	0
Daam2	9.818182	0	0	0	0	0	0	108	0	0	0	0	0
Barx2	9.818182	0	108	0	0	0	0	0	0	0	0	0	0
Amer3	9.818182	0	0	0	0	0	108	0	0	0	0	0	0
4932438H23Rik	9.818182	0	0	0	0	0	108	0	0	0	0	0	0
Mybphl	9.727273	0	0	0	0	0	0	107	0	0	0	0	0
Ms4a4d	9.727273	0	0	0	107	0	0	0	0	0	0	0	0
Lpcat2	9.727273	0	107	0	0	0	0	0	0	0	0	0	0
Hoxa10	9.727273	0	107	0	0	0	0	0	0	0	0	0	0
Dusp9	9.727273	0	107	0	0	0	0	0	0	0	0	0	0
Cped1	9.727273	0	107	0	0	0	0	0	0	0	0	0	0
Chst1	9.727273	0	107	0	0	0	0	0	0	0	0	0	0
Atp8b1	9.727273	0	0	0	0	0	0	107	0	0	0	0	0
Asphd2	9.727273	0	107	0	0	0	0	0	0	0	0	0	0
Vsig1	9.636364	0	0	0	0	106	0	0	0	0	0	0	0
Rorc	9.636364	0	0	0	0	0	0	106	0	0	0	0	0
Ntng1	9.636364	0	106	0	0	0	0	0	0	0	0	0	0
Gck	9.636364	0	0	0	0	0	0	106	0	0	0	0	0
Elfn2	9.636364	0	106	0	0	0	0	0	0	0	0	0	0
Wfikkn2	9.545455	0	105	0	0	0	0	0	0	0	0	0	0
Ism1	9.545455	0	105	0	0	0	0	0	0	0	0	0	0
Insm1	9.545455	0	105	0	0	0	0	0	0	0	0	0	0
Dpysl3	9.545455	0	0	0	0	0	0	105	0	0	0	0	0
Asb16	9.545455	0	0	0	0	0	105	0	0	0	0	0	0
Nhs	9.454545	0	0	0	0	0	0	104	0	0	0	0	0
Nfe2	9.454545	0	104	0	0	0	0	0	0	0	0	0	0
Grb14	9.454545	0	104	0	0	0	0	0	0	0	0	0	0
Frmd3	9.454545	0	0	0	0	0	0	104	0	0	0	0	0
Dixdc1	9.454545	0	104	0	0	0	0	0	0	0	0	0	0
D430041D05Rik	9.454545	0	0	0	0	104	0	0	0	0	0	0	0
Cbarp	9.454545	0	104	0	0	0	0	0	0	0	0	0	0
Tmem255a	9.363636	0	103	0	0	0	0	0	0	0	0	0	0
Soga3	9.363636	0	0	0	0	0	0	103	0	0	0	0	0
Sod3	9.363636	0	0	0	0	0	0	103	0	0	0	0	0
Sncb	9.363636	0	103	0	0	0	0	0	0	0	0	0	0
Smarcd3	9.363636	0	103	0	0	0	0	0	0	0	0	0	0
Ryk	9.363636	0	0	0	0	0	103	0	0	0	0	0	0
Klf5	9.363636	0	103	0	0	0	0	0	0	0	0	0	0
Cckar	9.363636	0	0	0	0	0	0	103	0	0	0	0	0
Arhgap42	9.363636	0	0	0	0	0	0	103	0	0	0	0	0
Ttpa	9.272727	0	102	0	0	0	0	0	0	0	0	0	0
Supt4b	9.272727	0	102	0	0	0	0	0	0	0	0	0	0
Procr	9.272727	0	102	0	0	0	0	0	0	0	0	0	0
P2rx2	9.272727	0	102	0	0	0	0	0	0	0	0	0	0
Nipal4	9.272727	0	102	0	0	0	0	0	0	0	0	0	0
Naprt	9.272727	0	102	0	0	0	0	0	0	0	0	0	0
Mest	9.272727	0	0	0	0	0	102	0	0	0	0	0	0
Lair1	9.272727	0	102	0	0	0	0	0	0	0	0	0	0
Ksr2	9.272727	0	102	0	0	0	0	0	0	0	0	0	0
Efhc2	9.272727	0	102	0	0	0	0	0	0	0	0	0	0
Dnah7c	9.272727	0	102	0	0	0	0	0	0	0	0	0	0
Dab2	9.272727	0	102	0	0	0	0	0	0	0	0	0	0
Cryzl2	9.272727	0	102	0	0	0	0	0	0	0	0	0	0
Cfap70	9.272727	0	102	0	0	0	0	0	0	0	0	0	0
Tecta	9.181818	0	0	0	0	0	0	101	0	0	0	0	0
Ptch2	9.181818	0	0	0	0	101	0	0	0	0	0	0	0
Olfr655	9.181818	0	0	0	0	101	0	0	0	0	0	0	0
Mixl1	9.181818	0	101	0	0	0	0	0	0	0	0	0	0
Hoxd9	9.181818	0	101	0	0	0	0	0	0	0	0	0	0
Heyl	9.181818	0	101	0	0	0	0	0	0	0	0	0	0
Gria4	9.181818	0	0	0	0	0	0	101	0	0	0	0	0
Bspry	9.181818	0	101	0	0	0	0	0	0	0	0	0	0
Slc15a3	9.090909	0	100	0	0	0	0	0	0	0	0	0	0
Plscr2	9.090909	0	0	0	0	0	0	100	0	0	0	0	0
Marchf9	9.090909	0	100	0	0	0	0	0	0	0	0	0	0
Lgr4	9.090909	0	0	0	0	0	100	0	0	0	0	0	0
Insyn1	9.090909	0	0	0	0	0	0	100	0	0	0	0	0
Ildr1	9.090909	0	100	0	0	0	0	0	0	0	0	0	0
9030624G23Rik	9.090909	0	100	0	0	0	0	0	0	0	0	0	0
Tjp1	9.000000	0	0	0	0	0	99	0	0	0	0	0	0
Slc30a3	9.000000	0	99	0	0	0	0	0	0	0	0	0	0
Plxna2	9.000000	0	0	0	0	0	0	99	0	0	0	0	0
Nbea	9.000000	0	0	0	0	0	0	99	0	0	0	0	0
Galr3	9.000000	0	99	0	0	0	0	0	0	0	0	0	0
Eci3	9.000000	0	0	0	0	99	0	0	0	0	0	0	0
Cyp7b1	9.000000	0	0	0	99	0	0	0	0	0	0	0	0
Zic2	8.909091	0	0	0	0	0	0	98	0	0	0	0	0
Tshz2	8.909091	0	0	0	0	0	0	98	0	0	0	0	0
Espn	8.909091	0	0	0	0	0	98	0	0	0	0	0	0
Car11	8.909091	0	98	0	0	0	0	0	0	0	0	0	0
Tmem200a	8.818182	0	0	0	0	0	0	97	0	0	0	0	0
Sema3c	8.818182	0	0	0	0	0	97	0	0	0	0	0	0
Pde1a	8.818182	0	0	0	0	0	0	97	0	0	0	0	0
Il33	8.818182	0	0	0	0	0	0	97	0	0	0	0	0
Cdh22	8.818182	0	0	0	0	0	0	97	0	0	0	0	0
Adamtsl4	8.818182	0	97	0	0	0	0	0	0	0	0	0	0
Scn5a	8.727273	0	96	0	0	0	0	0	0	0	0	0	0
Nhsl2	8.727273	0	96	0	0	0	0	0	0	0	0	0	0
Sox9	8.636364	0	0	0	0	0	95	0	0	0	0	0	0
Pde10a	8.636364	0	95	0	0	0	0	0	0	0	0	0	0
Osmr	8.636364	0	0	0	95	0	0	0	0	0	0	0	0
Rin2	8.545455	0	0	0	0	0	0	94	0	0	0	0	0
Rhbdf1	8.545455	0	94	0	0	0	0	0	0	0	0	0	0
Pkd2	8.545455	0	0	0	0	0	94	0	0	0	0	0	0
Oscar	8.545455	0	0	0	0	0	0	94	0	0	0	0	0
Igf2bp1	8.545455	0	94	0	0	0	0	0	0	0	0	0	0
Hoxa11	8.545455	0	94	0	0	0	0	0	0	0	0	0	0
Ephx3	8.545455	0	94	0	0	0	0	0	0	0	0	0	0
Arhgap23	8.545455	0	0	0	0	0	0	94	0	0	0	0	0
Alox12	8.545455	0	94	0	0	0	0	0	0	0	0	0	0
Zfhx3	8.454545	0	93	0	0	0	0	0	0	0	0	0	0
Podnl1	8.454545	0	0	0	0	0	93	0	0	0	0	0	0
Pdlim4	8.454545	0	93	0	0	0	0	0	0	0	0	0	0
Neo1	8.454545	0	93	0	0	0	0	0	0	0	0	0	0
Dnah7b	8.454545	0	0	0	0	0	93	0	0	0	0	0	0
Sowahd	8.363636	0	92	0	0	0	0	0	0	0	0	0	0
Prr15	8.363636	0	92	0	0	0	0	0	0	0	0	0	0
Mb21d2	8.363636	0	0	0	0	0	0	92	0	0	0	0	0
Gm15501	8.363636	0	92	0	0	0	0	0	0	0	0	0	0
Crtam	8.363636	0	92	0	0	0	0	0	0	0	0	0	0
Hunk	8.272727	0	91	0	0	0	0	0	0	0	0	0	0
Fgfr2	8.272727	0	0	0	0	0	91	0	0	0	0	0	0
Fam124b	8.272727	0	0	0	91	0	0	0	0	0	0	0	0
Calr4	8.272727	0	0	0	0	0	0	91	0	0	0	0	0
B3galt5	8.272727	0	0	0	0	0	91	0	0	0	0	0	0
Vldlr	8.181818	0	0	0	0	0	0	90	0	0	0	0	0
Ntsr2	8.181818	0	0	0	0	0	90	0	0	0	0	0	0
Nphs2	8.181818	0	90	0	0	0	0	0	0	0	0	0	0
Mrc2	8.181818	0	0	0	0	0	0	90	0	0	0	0	0
Htr2a	8.181818	0	90	0	0	0	0	0	0	0	0	0	0
Cd8a	8.181818	0	90	0	0	0	0	0	0	0	0	0	0
Tsc22d3	8.090909	0	89	0	0	0	0	0	0	0	0	0	0
Sp9	8.090909	0	89	0	0	0	0	0	0	0	0	0	0
Hmga2	8.090909	0	0	0	0	0	0	89	0	0	0	0	0
Gpm6b	8.090909	0	0	0	0	0	0	89	0	0	0	0	0
Gad1	8.090909	0	0	0	0	0	0	89	0	0	0	0	0
Ascl2	8.090909	0	89	0	0	0	0	0	0	0	0	0	0
Slc16a14	8.000000	0	0	0	0	0	0	88	0	0	0	0	0
Dgkb	8.000000	0	0	0	0	0	0	88	0	0	0	0	0
Hr	7.909091	0	87	0	0	0	0	0	0	0	0	0	0
Dntt	7.909091	0	87	0	0	0	0	0	0	0	0	0	0
Utf1	7.818182	0	86	0	0	0	0	0	0	0	0	0	0
Gm5544	7.727273	0	0	0	0	0	0	85	0	0	0	0	0
Bend6	7.727273	0	85	0	0	0	0	0	0	0	0	0	0
Vgll3	7.636364	0	0	0	0	0	0	84	0	0	0	0	0
Cyp2j6	7.636364	0	0	0	0	0	0	84	0	0	0	0	0
Cilp2	7.636364	0	84	0	0	0	0	0	0	0	0	0	0
Cfap161	7.636364	0	0	0	0	0	84	0	0	0	0	0	0
Amz1	7.636364	0	0	0	0	0	0	84	0	0	0	0	0
Tnfsf13	7.545455	0	0	0	0	0	0	83	0	0	0	0	0
Mapk12	7.545455	0	83	0	0	0	0	0	0	0	0	0	0
Zbtb7c	7.454545	0	0	0	0	0	82	0	0	0	0	0	0
Tnfrsf8	7.454545	0	0	0	0	0	0	0	0	0	0	82	0
Selenbp1	7.454545	0	0	0	0	0	0	82	0	0	0	0	0
Pate1	7.454545	0	0	0	0	0	0	82	0	0	0	0	0
Msantd3	7.454545	0	82	0	0	0	0	0	0	0	0	0	0
Il1r1	7.454545	0	0	0	0	0	0	82	0	0	0	0	0
Erich6	7.454545	0	0	0	0	0	0	82	0	0	0	0	0
BC107364	7.454545	0	0	0	0	0	82	0	0	0	0	0	0
Adgb	7.454545	0	0	0	0	0	0	82	0	0	0	0	0
Sh2d4a	7.363636	0	81	0	0	0	0	0	0	0	0	0	0
Plcd3	7.363636	0	81	0	0	0	0	0	0	0	0	0	0
Mtmr7	7.363636	0	81	0	0	0	0	0	0	0	0	0	0
Gnal	7.363636	0	81	0	0	0	0	0	0	0	0	0	0
Asic1	7.363636	0	81	0	0	0	0	0	0	0	0	0	0
Arhgap28	7.363636	0	81	0	0	0	0	0	0	0	0	0	0
Acbd4	7.363636	0	81	0	0	0	0	0	0	0	0	0	0
Pllp	7.272727	0	80	0	0	0	0	0	0	0	0	0	0
Mamld1	7.272727	0	0	0	0	0	80	0	0	0	0	0	0
Ltbp2	7.272727	0	80	0	0	0	0	0	0	0	0	0	0
Gipc3	7.272727	0	80	0	0	0	0	0	0	0	0	0	0
Fgf1	7.272727	0	0	0	0	0	0	80	0	0	0	0	0
Robo2	7.181818	0	0	0	0	0	0	79	0	0	0	0	0
Cxxc4	7.181818	0	0	0	0	0	0	79	0	0	0	0	0
Ano8	7.181818	0	79	0	0	0	0	0	0	0	0	0	0
Rgs7	7.090909	0	0	0	0	0	0	78	0	0	0	0	0
Peli2	7.090909	0	78	0	0	0	0	0	0	0	0	0	0
Negr1	7.090909	0	0	0	0	0	78	0	0	0	0	0	0
Agbl2	7.000000	0	77	0	0	0	0	0	0	0	0	0	0
Sv2c	6.909091	0	0	0	0	0	0	76	0	0	0	0	0
Olfr55	6.909091	0	0	0	0	76	0	0	0	0	0	0	0
Meis2	6.818182	0	75	0	0	0	0	0	0	0	0	0	0
Zfp660	6.727273	0	0	0	0	0	0	74	0	0	0	0	0
Trex1	6.727273	0	74	0	0	0	0	0	0	0	0	0	0
Sema3d	6.727273	0	0	0	0	0	0	74	0	0	0	0	0
Scn1b	6.727273	0	74	0	0	0	0	0	0	0	0	0	0
Esrrb	6.727273	0	0	0	0	0	0	74	0	0	0	0	0
Tmem176b	6.636364	0	0	0	0	0	73	0	0	0	0	0	0
Tmem176a	6.636364	0	0	0	0	0	73	0	0	0	0	0	0
Slc38a3	6.636364	0	73	0	0	0	0	0	0	0	0	0	0
Kcna7	6.636364	0	73	0	0	0	0	0	0	0	0	0	0
Lrrc3b	6.545455	0	72	0	0	0	0	0	0	0	0	0	0
Grhl2	6.454545	0	71	0	0	0	0	0	0	0	0	0	0
Ankrd53	6.272727	0	69	0	0	0	0	0	0	0	0	0	0
Tom1l1	6.181818	0	0	0	0	0	0	68	0	0	0	0	0
Cpne5	6.181818	0	68	0	0	0	0	0	0	0	0	0	0
Itga7	6.090909	0	67	0	0	0	0	0	0	0	0	0	0
Crmp1	5.454545	0	0	0	60	0	0	0	0	0	0	0	0
Foxp3	0.000000	0	0	0	0	0	0	0	0	0	0	0	447
